Group,L0_G,L1_G,L8_G,L9_G,L10_G,L12_G,L13_G,L14_G,L17_G,L19_G,L20_G,S16_G,S17_G,S18_G,S19_G,S20_G,L0_R,L1_R,L8_R,L9_R,L10_R,L11_R,L12_R,L13_R,L14_R,L18_R,L20_R,S16_R,S17_R,S20_R
Otu00001,0.960785856,0.622156281,0.761954262,0.934249264,0.894664535,0.019607843,0.102081269,0.85005291,0.491539753,0.393,0.439845845,0.171918939,0.010672219,0.046909108,0.022630116,0.129611469,0.942100098,0.328109696,0.862610402,0.973607038,0.960822723,0.961802155,0.955795678,0.98820059,0.975417896,0.794478528,0.181818182,0.20464135,0.125370188,0.13247012
Otu00002,0,0,0,0.007850834,0.022283452,0,0.482656095,0.057142857,0.015748031,0.04,0.092009864,0.029713124,0.068800176,0.253125319,0.470170359,0.757134487,0,0,0,0,0,0,0,0,0,0,0,0,0,0
Otu00003,0,0,0,0,0,0,0,0,0,0,0,0,0,0,0,0,0,0,0.002944063,0,0,0,0,0,0.000983284,0.001022495,0,0,0,0
Otu00004,0,0,0,0,0,0.006535948,0,0,0,0,0,0,0,0,0,0,0,0,0,0,0,0,0,0,0,0,0,0,0,0
Otu00005,0.000981354,0.00098912,0.006237006,0,0.019303163,0,0.170465808,0.024656085,0.006889764,0,0.000693001,0.470159869,0.254054469,0.518913768,0.18648332,0.045943225,0,0.114593536,0,0,0,0,0,0,0,0,0,0,0,0
Otu00006,0,0,0,0,0,0.006535948,0,0,0,0,0,0,0,0,0,0,0,0,0,0,0,0,0.001964637,0,0,0,0,0,0,0
Otu00007,0.001959828,0,0,0,0,0,0,0,0.001968504,0,0,0,0,0,0,0,0,0.03036239,0.003925417,0,0,0,0,0,0,0,0,0,0,0
Otu00008,0.001307191,0.00098912,0.005197505,0.009813543,0.034289544,0,0.219028741,0.022116402,0.003444882,0,0.006711688,0.074859819,0.082687007,0.040355453,0.085233444,0.035144226,0.000981354,0,0,0,0,0,0,0,0,0,0,0,0,0
Otu00010,0,0.00098912,0,0.000981354,0,0.019607843,0.005946482,0.002539683,0.022958166,0.006,0.025985812,0.014335834,0.059086914,0.005577751,0.004285225,0.000654879,0.00686948,0,0.001962709,0.000977517,0.000979432,0,0.000982318,0,0.000983284,0,0,0.156118143,0.003948667,0.021912351
Otu00011,0,0,0,0,0,0,0,0,0,0,0,0,0,0,0,0.000329056,0,0.000979432,0,0,0,0,0,0,0,0,0,0,0,0.005976096
Otu00012,0,0,0,0,0,0,0,0,0,0,0,0,0,0,0,0,0,0,0,0,0,0,0,0,0,0,0,0,0,0
Otu00013,0,0,0,0,0,0,0,0,0,0,0.091343284,0.048052412,0.086568249,0.016720412,0.044080172,0.007875978,0,0,0,0,0,0,0,0,0,0,0.22020202,0.116033755,0.38005923,0.214143426
Otu00014,0,0,0,0,0,0,0,0,0,0,0,0,0,0,0,0,0,0,0,0,0,0,0,0,0,0,0,0,0,0
Otu00015,0.001305592,0.008902077,0.050935551,0.004906771,0.001966897,0.111111111,0.00099108,0.005291005,0.164425102,0.069,0.062366964,0.020368409,0.036314243,0.02001216,0.007253567,0.000658111,0.001962709,0,0.005888126,0.000977517,0.001958864,0,0,0,0,0.039877301,0.062626263,0.071729958,0.010858835,0.003984064
Otu00016,0,0,0,0,0,0,0,0,0,0,0,0,0,0,0,0,0,0,0,0,0,0,0,0,0,0,0,0,0,0
Otu00017,0,0.005934718,0.005197505,0,0,0,0,0,0,0,0,0,0,0,0,0,0,0.46718903,0,0,0,0,0,0,0,0,0,0,0,0
Otu00018,0,0,0,0.000981354,0,0,0,0,0,0.011,0.012564719,0.021585683,0.048015375,0.00819632,0.015174703,0.001311374,0,0,0,0,0,0,0,0,0,0,0.046464646,0.048523207,0.108588351,0.105577689
Otu00019,0,0,0,0,0,0,0,0,0.012016719,0.008,0,0.004442251,0.006276654,0,0,0.000327439,0,0,0,0,0,0,0,0,0,0,0.009090909,0.002109705,0,0.002988048
Otu00020,0,0,0,0,0,0,0,0,0,0,0,0,0,0,0,0,0,0,0,0,0,0,0,0,0,0,0,0,0,0
Otu00021,0,0,0,0,0,0,0,0,0,0,0,0,0,0,0,0,0,0,0,0,0,0,0,0,0,0,0,0,0,0
Otu00022,0,0,0,0,0,0,0,0,0,0,0.010594807,0.007952122,0.117789767,0.01050031,0.00625697,0.000656495,0,0,0,0,0,0,0,0,0,0,0.156565657,0.066455696,0.089832182,0.19123506
Otu00023,0,0,0,0,0,0,0,0,0,0,0,0,0,0,0,0,0,0,0,0,0,0,0,0,0,0,0,0,0,0
Otu00024,0.002289827,0.026706231,0,0,0,0,0,0,0,0,0,0,0,0,0,0,0,0.00489716,0,0,0,0,0,0,0,0,0,0,0,0
Otu00025,0,0,0,0,0,0,0,0,0,0,0,0,0,0,0,0,0,0,0,0,0,0,0,0,0,0,0,0,0,0
Otu00026,0,0,0,0,0,0,0.004955401,0,0,0.017,0.003397828,0.00148075,0.004020101,0.000328084,0.00494854,0,0.001962709,0,0,0,0,0,0,0,0,0.117586912,0,0.007383966,0,0
Otu00027,0,0,0,0,0,0.006535948,0,0,0,0,0,0,0,0,0,0,0,0,0,0,0,0,0,0,0,0,0,0,0,0
Otu00028,0,0,0,0,0,0,0,0,0,0,0,0,0,0,0,0,0,0,0,0,0,0,0,0,0,0,0,0,0,0
Otu00029,0,0,0,0,0,0,0,0,0,0,0,0,0,0,0,0,0,0.005876592,0,0,0,0,0,0,0,0,0,0,0,0
Otu00030,0,0,0,0,0,0,0,0,0,0,0,0,0,0,0,0,0,0,0,0,0,0,0,0,0,0,0,0,0,0
Otu00031,0,0,0,0,0,0,0,0,0,0,0,0,0,0,0,0,0,0,0,0,0,0,0,0,0,0,0,0,0,0
Otu00032,0,0,0,0,0,0,0,0,0,0,0,0,0,0,0,0,0,0,0,0,0,0,0,0,0,0,0,0,0,0
Otu00033,0,0,0,0,0,0,0,0,0,0,0,0,0,0,0,0,0,0,0,0,0,0,0,0,0,0,0,0,0,0
Otu00034,0,0,0,0,0,0,0,0,0,0,0,0,0,0,0,0,0,0,0,0,0,0,0,0,0,0,0,0,0,0
Otu00035,0,0,0,0,0,0,0,0,0,0,0,0.002467917,0,0,0,0,0,0.000979432,0,0,0,0,0,0,0,0,0,0,0,0
Otu00036,0,0,0,0,0,0,0,0,0,0,0,0.001009082,0,0,0,0,0,0,0,0,0,0,0,0,0,0,0,0,0,0
Otu00037,0,0,0,0,0,0,0,0,0,0,0,0,0,0,0,0,0,0,0,0,0,0,0,0,0,0,0,0,0,0
Otu00038,0.005233889,0.113748764,0,0,0,0,0,0,0,0,0,0,0,0,0,0,0,0.000979432,0,0,0,0,0,0,0,0,0,0,0,0
Otu00039,0,0,0,0,0,0,0,0,0,0,0,0,0,0,0,0,0,0,0,0,0,0,0,0,0,0,0,0,0,0
Otu00040,0,0,0,0,0.001968504,0,0,0,0.087872,0.006,0.005934718,0,0.004892368,0.005578074,0.000660066,0,0,0,0,0,0.000979432,0,0,0,0,0.006134969,0,0,0,0.013944223
Otu00041,0,0,0,0.002944063,0,0,0,0,0,0.367,0.002967359,0.001513623,0,0,0,0,0,0,0,0,0,0,0,0,0,0,0,0,0.005923001,0
Otu00042,0,0,0,0,0,0,0,0,0,0,0,0,0,0,0,0,0,0,0,0,0,0,0,0,0,0,0,0,0,0
Otu00043,0,0,0.006237006,0,0,0,0,0,0,0,0.005046361,0,0,0,0,0.000327439,0,0,0,0,0,0,0,0,0,0,0.006060606,0,0,0
Otu00044,0,0,0,0,0,0.026143791,0,0,0,0,0,0.004442251,0,0,0,0,0,0,0,0,0,0,0,0,0,0,0,0,0,0
Otu00045,0,0.00098912,0.014553015,0.001962709,0.003608924,0,0,0.005820106,0,0,0.007713575,0.004957749,0.007978247,0.002295301,0.003960396,0.000654879,0,0,0,0,0,0,0,0,0,0,0.01010101,0.002109705,0,0.015936255
Otu00046,0,0,0,0,0,0,0,0,0,0,0,0,0.000996016,0.002941176,0.001320132,0.00065714,0,0,0,0,0,0,0,0,0,0,0.003030303,0,0,0.039840637
Otu00047,0,0,0,0,0,0,0,0,0,0.006,0,0,0,0,0.000984578,0,0.003925417,0,0,0,0,0,0,0,0,0,0,0,0,0
Otu00048,0,0,0,0,0,0,0,0,0,0,0,0,0,0,0,0,0,0,0,0,0,0,0,0,0,0,0,0,0,0
Otu00049,0,0,0,0,0,0,0,0,0,0,0,0,0,0,0,0,0,0,0,0,0,0,0,0,0,0,0,0,0,0
Otu00050,0.001632387,0.002967359,0,0,0,0,0,0,0,0,0,0,0,0,0,0,0.002944063,0.000979432,0.06673209,0.002932551,0.013712047,0.016650343,0.011787819,0.002949853,0.007866273,0,0,0,0,0
Otu00051,0,0,0,0,0,0,0,0,0,0,0,0,0,0,0,0,0,0,0,0,0,0,0,0,0,0,0,0,0,0
Otu00052,0,0.00098912,0,0.004906771,0,0,0,0,0.018778437,0.004,0.005046361,0,0.011089367,0.002952756,0.000329056,0,0.000981354,0,0,0.001955034,0.001958864,0,0,0,0,0.006134969,0,0.029535865,0,0.007968127
Otu00053,0,0,0,0,0,0,0,0,0,0,0,0,0,0,0,0,0,0,0,0,0,0,0,0,0,0,0,0,0,0
Otu00054,0,0,0.011434511,0,0.000325203,0,0,0,0.013061651,0,0,0,0,0.000656814,0.012782694,0.000654879,0.010794897,0,0,0,0,0,0,0,0,0,0,0.014767932,0.014807502,0.011952191
Otu00055,0,0,0,0,0,0,0,0,0,0,0,0,0,0.000656814,0,0,0,0,0,0,0,0,0,0,0,0,0,0,0,0
Otu00056,0.000979432,0.00098912,0,0,0.000650407,0,0,0.008148148,0.035807436,0.001,0.002984153,0.000493583,0.003682089,0.000985222,0.009570957,0.000983934,0,0.000979432,0,0,0,0,0.001964637,0,0,0,0,0,0.000987167,0.020916335
Otu00057,0,0,0,0,0,0,0,0,0,0,0,0,0,0,0,0,0,0,0,0,0,0,0,0,0,0,0,0,0,0
Otu00058,0,0,0,0,0,0,0,0,0,0,0,0.001513623,0,0,0,0,0,0,0,0,0,0,0,0,0,0,0,0,0,0
Otu00059,0.000978474,0.074183976,0,0,0,0,0,0,0,0,0,0,0,0,0,0,0,0,0,0,0,0,0,0,0,0,0,0,0,0
Otu00060,0,0,0,0,0,0,0,0,0,0,0,0,0,0,0,0,0,0,0,0,0,0,0,0,0,0,0,0,0,0
Otu00061,0,0,0,0,0,0.026143791,0,0,0,0,0,0,0,0,0,0,0,0,0,0,0,0,0,0,0,0,0,0,0,0
Otu00062,0,0,0,0,0,0,0,0,0,0,0.02348937,0.00791925,0.005342433,0.000656814,0.005271758,0.000328084,0,0,0,0,0,0,0,0,0,0,0.02020202,0.009493671,0.024679171,0
Otu00063,0,0,0,0,0,0,0,0,0,0,0,0,0,0,0,0,0,0.014691479,0,0,0,0,0,0,0,0,0,0,0,0
Otu00064,0.00130527,0.00098912,0.004158004,0,0.001312336,0.019607843,0,0.001481481,0.006792059,0,0,0.001009082,0.006018139,0.002951469,0.005899705,0.000654879,0.003925417,0,0,0,0,0,0,0,0,0.012269939,0,0,0,0
Otu00065,0,0,0,0,0,0,0,0,0,0,0,0,0,0,0,0,0,0,0,0,0,0,0,0,0,0,0,0,0,0
Otu00066,0,0.001978239,0,0,0,0,0,0,0,0,0,0,0,0,0,0,0,0,0.00686948,0.008797654,0.00489716,0.007835455,0.013752456,0.000983284,0.002949853,0,0,0,0,0
Otu00067,0,0,0,0,0,0,0,0,0,0,0.009651628,0.00698687,0.001328021,0.000326797,0.003298375,0,0,0,0,0,0,0,0,0,0,0,0,0,0.013820336,0.007968127
Otu00068,0,0,0,0,0,0,0,0,0,0,0,0,0,0,0,0,0,0,0,0,0,0,0,0,0,0,0,0,0,0
Otu00069,0,0,0,0,0,0,0,0,0,0,0.001039501,0.003959625,0.026431793,0.003607637,0.000984578,0.000986195,0,0,0,0,0,0,0,0,0,0,0.008080808,0,0.008884501,0
Otu00070,0,0,0,0,0,0,0,0,0,0,0,0,0,0,0,0,0,0,0,0,0,0,0,0,0,0,0,0,0,0
Otu00071,0,0.045499505,0,0.004906771,0.001312336,0,0,0,0,0,0,0,0,0,0,0,0,0,0,0,0,0,0,0,0,0,0,0,0,0
Otu00072,0,0,0,0,0,0,0,0,0,0,0.001667478,0,0.008823805,0.005249344,0.007246436,0,0,0,0,0,0,0,0,0,0,0,0,0.008438819,0.014807502,0.001992032
Otu00073,0,0,0,0,0,0,0,0,0,0,0,0,0,0,0,0,0,0,0,0,0,0,0,0,0,0,0,0,0,0
Otu00074,0,0,0,0,0,0,0,0,0,0,0,0,0,0,0,0,0,0,0,0,0,0,0,0,0,0,0,0,0,0
Otu00075,0,0,0,0,0,0,0,0,0,0,0,0,0,0,0,0,0,0,0,0,0,0,0,0,0,0,0,0,0,0
Otu00076,0,0,0,0,0,0,0,0,0,0,0,0,0,0,0,0,0,0,0,0,0,0,0,0,0,0,0,0,0,0
Otu00077,0,0,0.017671518,0,0,0,0.002973241,0,0.000984252,0,0.000693001,0.003466041,0,0,0.031023102,0,0,0,0,0,0,0,0,0,0,0,0,0,0,0
Otu00078,0,0,0.043659044,0,0,0,0,0,0,0,0.002425502,0,0,0,0,0.000329056,0,0,0,0,0,0,0,0,0,0,0,0.005274262,0,0.010956175
Otu00079,0,0,0,0,0,0,0,0,0,0,0,0,0,0,0,0,0,0.002938296,0,0,0,0,0,0,0,0,0,0,0,0
Otu00080,0,0,0,0,0,0,0,0,0,0,0,0,0,0,0,0,0,0,0,0,0,0,0,0,0,0,0,0,0,0
Otu00081,0,0,0,0,0,0,0,0,0,0,0.006867134,0.000504541,0.008153947,0.000326797,0.001316222,0,0,0,0,0,0,0,0,0,0,0,0,0.004219409,0.003948667,0.017928287
Otu00082,0,0,0,0,0,0,0,0,0,0,0.01004851,0.001009082,0.002935421,0.000328407,0.001970134,0.000658111,0,0,0,0,0,0,0,0,0,0,0.01010101,0.003164557,0.001974334,0
Otu00083,0,0,0,0,0,0,0,0,0,0,0,0,0,0,0,0,0,0,0,0,0,0,0,0,0,0,0,0,0,0
Otu00084,0,0,0.002079002,0.000981354,0.001312336,0,0,0.002116402,0.000492126,0.013,0,0,0,0,0,0,0,0.000979432,0.012757605,0.000977517,0.000979432,0,0,0,0.000983284,0,0,0,0,0
Otu00085,0,0,0,0,0,0,0.003964321,0,0,0,0,0,0.000332005,0.000983289,0.002301461,0.002953737,0,0,0,0,0,0,0,0,0,0,0,0,0,0
Otu00086,0.00163495,0,0,0,0,0,0,0,0,0,0,0,0,0,0,0,0.002944063,0.017629775,0,0,0,0,0,0,0,0,0,0,0,0
Otu00087,0,0,0,0,0,0,0,0,0,0,0,0,0,0,0,0,0,0,0,0,0,0,0,0,0,0,0,0,0,0
Otu00088,0.001632388,0.00098912,0.001039501,0.001962709,0.001303361,0,0,0.001269841,0.000492126,0,0.000676207,0,0,0,0,0,0.000981354,0.000979432,0.000981354,0.001955034,0.000979432,0.000979432,0.000982318,0.000983284,0.001966568,0,0,0,0,0
Otu00089,0.001632388,0.00098912,0.002079002,0.000981354,0.001633052,0,0,0.001269841,0.000492126,0.001,0.000676207,0,0,0,0,0,0.000981354,0,0.000981354,0.001955034,0.000979432,0.000979432,0.000982318,0.001966568,0.000983284,0,0,0,0,0
Otu00090,0,0,0,0,0,0,0,0,0,0,0,0,0,0,0,0,0,0,0,0,0,0,0,0,0,0,0,0,0,0
Otu00091,0,0,0,0,0,0,0,0,0,0,0.002079002,0.005923001,0.005247763,0.000985222,0.000327761,0.000329056,0,0,0,0,0,0,0,0,0,0,0.014141414,0,0.010858835,0
Otu00092,0,0,0,0,0.000984252,0,0,0,0,0,0,0.001009082,0,0.000326797,0,0.000329056,0,0,0,0,0,0,0,0,0,0,0.006060606,0.012658228,0,0
Otu00093,0,0,0,0,0,0,0,0,0,0,0,0.007524283,0.000996016,0,0.001320132,0,0,0,0,0,0,0,0,0,0,0,0,0,0.014807502,0.012948207
Otu00094,0,0,0,0,0,0,0,0,0,0,0.002751045,0.000504541,0,0.002623709,0.00131234,0.000655523,0,0,0,0,0,0,0,0,0,0,0.013131313,0,0.007897335,0.000996016
Otu00095,0.000980394,0.00098912,0.007276507,0,0.000650407,0,0,0,0,0,0.002307946,0.001513623,0.000664011,0,0,0,0,0,0,0,0,0,0,0,0,0,0,0,0,0
Otu00096,0.000979753,0.00098912,0.002079002,0.000981354,0.001304968,0,0,0.001269841,0.000492126,0.001,0.000676207,0,0,0,0,0,0.000981354,0,0.001962709,0.000977517,0.000979432,0.001958864,0.000982318,0.000983284,0.000983284,0.001022495,0,0,0,0
Otu00097,0,0,0,0,0,0,0,0,0,0,0,0,0,0,0,0,0,0,0,0,0,0,0,0,0,0,0,0,0,0
Otu00098,0,0,0,0,0,0,0,0,0,0,0,0,0,0,0,0,0,0,0,0,0,0,0,0,0,0,0,0,0,0
Otu00099,0,0,0,0,0,0,0,0,0,0,0.004504505,0,0.00913242,0.002623385,0.000656817,0.000329056,0,0,0,0,0,0,0,0,0,0,0,0,0.004935834,0.003984064
Otu00100,0.005883642,0,0,0,0,0,0,0,0,0,0,0,0,0,0,0,0.002944063,0,0,0,0,0,0,0,0,0,0,0,0,0
Otu00101,0.000979753,0.00098912,0.001039501,0.000981354,0.000979765,0,0,0.001269841,0.000492126,0,0.000329707,0,0,0,0,0,0.000981354,0,0.000981354,0.000977517,0.000979432,0.000979432,0.000982318,0.000983284,0.000983284,0,0,0.001054852,0,0
Otu00102,0.000979753,0.00098912,0,0.000981354,0.000651681,0,0,0.001269841,0.000492126,0.001,0,0,0,0,0,0,0.000981354,0,0.000981354,0.000977517,0.000979432,0.000979432,0.000982318,0.000983284,0.000983284,0.001022495,0,0,0,0
Otu00103,0,0,0,0,0,0,0,0,0,0.006,0,0,0,0,0,0,0,0,0,0,0,0,0,0,0,0,0,0,0,0
Otu00104,0,0,0,0,0,0,0,0,0,0,0,0.014928034,0.006534852,0,0,0,0,0,0,0,0,0,0,0,0,0,0.004040404,0,0,0
Otu00105,0,0,0,0,0,0,0,0,0,0,0.0003465,0.001009082,0.000664011,0.000654881,0,0.000329056,0,0,0,0,0,0,0,0,0,0,0.004040404,0.001054852,0.011846002,0.002988048
Otu00106,0,0,0,0,0,0,0,0,0,0,0,0,0,0.002624672,0.013192524,0,0,0,0,0,0,0,0,0,0,0,0,0,0,0
Otu00107,0,0,0,0,0,0,0,0,0,0,0,0,0,0,0,0,0,0,0,0,0,0,0,0,0,0,0,0,0,0
Otu00108,0,0,0,0,0,0,0,0,0,0,0,0,0,0,0,0,0,0,0,0,0,0,0,0,0,0,0,0,0,0
Otu00109,0,0,0,0,0,0,0,0,0,0,0,0,0,0,0,0,0,0,0,0,0,0,0,0,0,0,0,0,0,0
Otu00110,0,0,0,0,0,0,0,0,0,0,0,0,0,0,0,0,0,0,0,0,0,0,0,0,0,0,0,0,0,0
Otu00111,0,0,0,0,0,0,0,0,0,0,0,0,0.000664011,0,0,0,0,0,0,0,0,0,0,0,0,0,0,0,0.008884501,0
Otu00112,0.000654236,0.020771513,0,0,0,0,0,0,0,0,0,0,0,0,0,0,0,0,0,0,0,0,0,0,0,0,0,0,0,0
Otu00113,0,0,0,0.003925417,0,0,0,0,0,0,0,0,0.005025126,0,0.003958441,0,0,0,0,0,0,0,0,0,0,0,0,0,0,0
Otu00114,0,0,0,0,0,0,0,0,0,0,0,0,0.006523157,0,0,0,0,0,0,0,0,0,0,0,0,0,0.021212121,0,0,0
Otu00115,0,0,0,0,0.000652955,0,0,0,0.017241379,0,0.00430513,0,0,0,0,0,0,0,0,0,0,0,0,0,0,0,0,0.035864979,0,0
Otu00116,0,0,0,0,0,0,0,0,0,0,0,0,0,0,0,0,0,0,0,0,0,0,0,0,0,0,0,0,0,0
Otu00117,0,0,0,0,0,0,0,0,0,0,0,0,0,0,0,0,0,0,0,0,0,0,0,0,0,0,0,0,0,0
Otu00118,0,0,0,0,0,0,0,0,0.000492126,0,0,0,0,0,0,0,0,0,0,0,0,0,0,0,0,0,0,0,0,0
Otu00119,0,0,0,0,0,0,0,0,0.002089864,0,0,0,0.002988048,0.000326797,0,0,0,0,0,0,0,0,0,0,0,0,0,0.026371308,0,0
Otu00120,0.000654236,0.019782394,0,0,0,0,0,0,0,0,0,0,0,0,0,0,0,0,0,0,0,0,0,0,0,0,0,0,0,0
Otu00121,0,0,0,0,0.001309455,0,0,0,0.007314525,0,0,0,0.003320053,0,0,0,0,0,0.004906771,0,0,0,0,0,0,0,0,0,0,0
Otu00122,0,0,0,0,0,0,0,0,0,0,0.011210023,0.003970582,0,0,0,0,0,0,0,0,0,0,0,0,0,0,0,0,0,0
Otu00123,0,0,0,0,0,0,0,0,0,0,0,0,0,0,0,0,0,0,0,0,0,0,0,0,0,0,0,0,0,0
Otu00124,0,0,0.01039501,0,0.000981371,0,0,0,0,0,0,0,0.008153947,0,0,0,0,0,0.003925417,0,0,0.001958864,0,0,0,0,0,0,0,0.001992032
Otu00125,0,0,0,0,0,0,0,0,0,0,0,0,0,0,0,0,0,0,0,0,0,0,0,0,0,0,0,0,0,0
Otu00126,0,0,0,0,0,0,0,0,0,0,0,0,0,0,0,0,0,0,0,0,0,0,0,0,0,0,0,0,0,0
Otu00127,0,0,0,0,0,0,0,0,0,0,0,0,0,0,0,0,0,0,0,0,0,0,0,0,0,0,0,0,0,0
Otu00128,0,0,0,0,0,0,0,0,0,0,0,0,0,0,0,0,0,0,0,0,0,0,0,0,0,0,0,0,0,0
Otu00129,0,0,0,0,0.001312336,0,0,0,0.007314525,0,0,0.001009082,0,0.002624672,0.001645278,0,0,0,0,0,0,0,0,0,0,0,0,0.022151899,0,0
Otu00130,0,0,0,0,0,0.065359477,0.003964321,0,0,0,0.006384409,0.002018163,0,0.002624672,0,0,0,0,0,0,0,0,0,0,0.000983284,0,0.02020202,0,0,0
Otu00131,0,0,0,0,0,0,0,0,0,0,0,0,0,0,0,0,0,0,0,0,0,0,0,0,0,0,0,0,0,0
Otu00132,0,0,0,0,0,0,0,0,0,0,0.001978239,0,0.0065407,0.003609247,0,0.000329056,0,0,0,0,0,0,0,0,0,0,0,0,0,0
Otu00133,0,0,0,0,0,0,0,0,0,0,0.002079002,0.007414709,0,0.000328407,0,0,0,0,0,0,0,0,0,0,0,0,0,0,0.008884501,0.003984064
Otu00134,0,0,0,0,0,0,0,0,0,0,0,0,0.003587736,0.000328407,0.001980198,0,0,0,0,0,0,0,0,0,0,0,0,0.011603376,0,0
Otu00135,0,0,0,0,0,0,0,0,0,0,0,0.00605449,0,0,0,0,0,0,0,0,0,0,0,0,0,0,0,0,0,0
Otu00136,0,0,0,0,0,0,0,0,0,0,0,0,0,0,0,0,0,0,0,0,0,0,0,0,0,0,0,0,0,0
Otu00137,0,0,0,0,0,0,0,0,0,0,0,0,0,0,0,0,0,0,0,0,0,0,0,0,0,0,0,0,0,0
Otu00138,0,0,0,0,0,0,0,0,0,0,0.002079002,0,0.000990168,0.000326797,0.001978243,0,0,0,0,0,0,0,0,0,0,0,0,0,0,0
Otu00139,0.000653276,0,0,0.000981354,0.000979765,0,0,0,0.000492126,0,0,0,0,0,0,0,0.000981354,0,0.000981354,0.000977517,0.000979432,0.000979432,0.000982318,0.000983284,0.000983284,0.001022495,0,0,0,0
Otu00140,0,0,0,0,0,0,0,0,0.000984252,0,0,0,0,0,0,0,0,0,0,0,0,0,0,0,0,0,0,0,0,0
Otu00141,0,0,0.01039501,0,0,0,0,0,0,0,0.001732502,0.001009082,0,0.000326797,0,0,0,0,0,0,0,0,0,0,0,0,0,0,0.009871668,0.008964143
Otu00142,0,0,0,0,0,0,0,0,0,0,0,0,0,0,0,0,0,0,0,0,0,0,0,0,0,0,0,0,0,0
Otu00143,0,0,0,0,0,0,0,0,0.044409613,0,0,0.001974334,0,0,0,0,0,0,0,0,0,0,0,0,0,0,0,0,0.006910168,0
Otu00144,0,0,0,0,0,0,0,0,0,0,0,0,0,0,0.000987167,0,0,0,0,0,0,0,0,0,0,0,0,0,0,0
Otu00145,0,0,0.001039501,0,0,0,0,0.001058201,0,0,0.001318826,0,0,0,0,0,0,0,0,0,0,0,0,0,0,0,0,0.042194093,0,0
Otu00146,0,0,0,0,0,0,0,0,0,0,0.003118503,0.002018163,0.000670017,0.000326797,0,0,0,0,0,0,0,0,0,0,0,0,0,0,0,0
Otu00147,0.000653276,0,0,0,0.000328084,0,0,0.000529101,0,0,0,0,0,0,0,0,0.000981354,0,0.000981354,0.000977517,0.000979432,0.000979432,0.000982318,0.000983284,0.000983284,0.001022495,0,0,0,0
Otu00148,0,0,0,0,0,0,0,0,0,0,0,0,0.003587736,0,0.00330033,0,0,0,0,0,0,0,0,0,0,0,0,0,0,0
Otu00149,0,0,0,0,0,0,0,0,0,0,0,0,0,0,0,0,0,0,0,0,0,0,0,0,0,0,0,0,0,0
Otu00150,0,0,0,0,0,0,0,0,0,0,0,0,0.003350084,0,0,0,0.001962709,0,0,0,0,0,0,0,0,0,0,0,0,0
Otu00151,0,0,0,0,0,0,0.00099108,0,0,0,0,0,0,0,0.00098685,0.000984579,0,0,0,0,0,0,0,0,0,0,0,0,0,0
Otu00152,0,0,0,0,0,0,0,0,0,0,0,0,0,0,0,0,0,0,0,0,0,0,0,0,0,0,0,0,0,0
Otu00153,0,0,0,0,0,0,0,0,0,0,0,0,0,0,0,0,0,0,0,0,0,0,0,0,0,0,0,0,0,0
Otu00154,0,0,0,0,0,0,0,0,0,0,0,0,0.005689136,0,0.000329056,0,0,0,0,0,0,0,0,0,0,0,0,0.005274262,0.003948667,0.002988048
Otu00155,0,0,0,0,0,0,0,0,0,0,0,0,0.008480104,0,0,0,0,0,0,0,0,0,0,0,0,0,0,0,0,0.003984064
Otu00156,0,0,0,0,0,0,0,0,0,0,0,0,0,0,0,0,0,0,0,0,0,0,0,0,0,0,0,0,0,0
Otu00157,0.000326477,0,0,0,0,0,0,0,0,0,0,0,0,0,0,0,0,0,0.007850834,0,0.001958864,0.001958864,0.001964637,0,0.000983284,0,0,0,0,0
Otu00158,0,0,0,0,0,0,0,0,0,0,0,0,0,0,0,0,0,0,0,0,0,0,0,0,0,0,0,0,0,0
Otu00159,0,0,0,0,0,0,0,0,0,0,0,0,0,0,0,0,0,0,0,0,0,0,0,0,0,0,0,0,0,0
Otu00160,0,0,0,0,0,0,0,0,0,0,0,0,0,0,0.001647233,0.000329056,0,0,0,0,0,0,0,0,0,0,0,0,0,0
Otu00161,0,0,0,0,0,0,0,0,0,0,0.005739362,0,0,0,0,0,0,0,0,0,0,0,0,0,0,0,0.018181818,0,0,0
Otu00162,0,0,0.014553015,0,0,0,0,0,0,0,0,0,0,0,0,0.000327439,0,0,0,0,0,0,0,0,0,0,0,0,0,0
Otu00163,0,0,0,0,0,0,0,0,0,0,0.003362228,0,0,0,0.000329056,0,0,0,0,0,0,0,0,0,0,0,0,0.006329114,0,0
Otu00164,0,0,0,0.003925417,0,0,0,0,0.000984252,0,0,0,0,0.000656814,0,0,0,0,0,0,0,0,0,0,0,0,0.005050505,0,0,0
Otu00165,0,0,0,0,0,0,0,0,0,0,0,0,0,0,0,0,0,0,0,0,0,0,0,0,0,0,0,0,0,0
Otu00166,0,0,0,0,0,0,0,0,0,0,0.001978239,0,0,0,0,0,0,0,0,0,0,0,0,0,0,0,0,0,0,0
Otu00167,0,0,0,0,0,0,0,0,0,0,0,0,0,0,0,0,0,0,0,0,0,0,0,0,0,0,0,0,0,0
Otu00168,0.000981354,0.002967359,0,0,0,0,0,0,0,0,0,0,0,0,0,0,0.004906771,0.002938296,0,0,0,0,0,0,0,0,0,0,0,0
Otu00169,0,0,0,0,0,0,0,0,0,0,0,0,0,0,0,0,0,0,0,0,0,0,0,0,0,0,0,0,0,0
Otu00170,0,0,0,0,0,0,0,0,0,0,0.008030514,0,0,0,0,0,0,0,0,0,0,0,0,0,0,0,0,0,0,0
Otu00171,0,0,0,0,0,0,0,0,0,0,0,0,0,0,0,0,0,0,0,0,0,0,0,0,0,0,0,0,0,0
Otu00172,0,0,0,0,0,0,0,0,0,0,0,0,0,0.000328407,0.000657794,0.000984579,0,0,0,0,0,0,0,0,0,0,0,0,0,0
Otu00173,0,0,0,0,0,0,0,0,0,0,0,0,0,0,0.001311046,0.000329056,0,0,0,0,0,0,0,0,0,0,0,0,0,0.010956175
Otu00174,0.000327118,0.009891197,0,0,0,0,0,0,0,0,0,0,0,0,0,0,0,0,0,0,0,0,0,0,0,0,0,0,0,0
Otu00175,0,0,0,0,0,0,0,0,0,0,0,0,0,0,0,0,0,0,0,0,0,0,0,0,0,0,0,0,0,0
Otu00176,0,0,0,0,0,0,0,0,0,0,0,0,0,0,0.00098685,0.000984579,0,0,0,0,0,0,0,0,0,0,0,0,0,0
Otu00177,0,0,0,0,0,0,0,0,0,0,0,0.001009082,0,0,0,0,0,0,0,0,0,0,0,0,0,0,0,0,0,0
Otu00178,0,0,0,0,0,0,0,0,0,0,0.002425502,0,0,0,0,0,0,0,0,0.000977517,0,0,0,0,0,0,0.011111111,0,0,0
Otu00179,0,0,0,0,0,0,0,0,0,0,0,0.001513623,0,0,0,0.000328084,0,0,0,0,0,0,0,0,0,0,0,0,0.011846002,0
Otu00180,0,0,0,0,0,0,0,0,0,0,0,0,0,0,0,0,0,0,0,0,0,0,0,0,0,0,0,0.034810127,0,0
Otu00181,0,0,0,0,0,0,0,0,0,0,0,0,0,0,0,0,0,0,0,0,0,0,0,0,0,0,0,0,0,0
Otu00182,0,0,0,0,0,0,0,0,0,0,0.001386001,0,0,0,0,0,0,0,0,0,0,0,0,0,0,0,0,0,0,0
Otu00183,0,0,0,0,0,0,0,0,0,0,0,0,0,0,0,0,0,0,0,0,0,0,0,0,0,0,0,0,0,0
Otu00184,0,0,0,0,0,0,0,0,0,0,0,0,0,0,0,0,0,0,0,0,0,0,0,0,0,0,0,0,0,0
Otu00185,0,0,0,0,0,0,0,0,0,0,0,0,0,0,0,0,0.000981354,0,0,0,0,0,0,0,0,0,0,0,0,0
Otu00186,0,0,0,0,0,0,0,0,0,0,0,0,0,0,0,0,0,0,0,0,0,0,0,0,0,0,0,0,0,0
Otu00187,0,0,0,0,0,0,0,0,0,0,0,0,0,0,0.000656817,0.000984579,0,0,0,0,0,0,0,0,0,0,0,0,0,0
Otu00188,0,0,0.008316008,0,0,0,0,0,0,0,0,0,0,0,0,0,0,0,0,0,0,0,0,0,0,0,0,0,0,0
Otu00189,0,0,0,0,0,0,0,0,0,0,0,0,0,0,0,0,0,0,0,0,0,0,0,0,0,0,0,0,0,0
Otu00190,0,0,0,0,0,0,0,0,0,0,0,0,0,0.003278267,0,0,0,0,0,0,0,0,0,0,0,0,0.011111111,0,0,0.007968127
Otu00191,0,0,0,0,0,0,0,0,0,0,0,0,0,0,0,0,0,0,0,0,0,0,0,0,0,0,0,0,0,0
Otu00192,0,0,0,0,0,0,0.00099108,0,0,0,0,0,0,0,0,0.000984579,0,0,0,0,0,0,0,0,0,0,0,0,0,0
Otu00193,0,0,0,0,0,0,0,0,0,0,0.007969508,0,0,0,0,0,0,0,0,0,0,0,0,0,0,0,0,0,0,0
Otu00194,0,0.007912957,0,0,0,0,0,0,0,0,0,0,0,0,0,0,0,0,0,0,0,0,0,0,0,0,0,0,0,0
Otu00195,0,0,0,0,0,0,0,0,0,0,0,0,0,0,0,0,0,0,0,0,0,0,0,0,0,0,0,0,0,0
Otu00196,0,0,0,0,0,0,0,0,0,0.006,0,0,0,0,0,0,0,0,0,0,0,0,0,0,0,0,0,0,0,0
Otu00197,0,0,0,0.00686948,0,0,0,0,0,0,0,0,0,0,0.000329056,0,0,0,0,0,0,0,0,0,0,0,0,0,0,0
Otu00198,0,0,0,0,0,0,0,0,0,0,0,0,0,0,0,0,0,0,0,0,0,0,0,0,0,0,0,0,0,0
Otu00199,0.000327118,0.003956479,0,0,0,0,0,0,0,0,0.001386001,0,0,0,0,0,0,0,0,0,0,0,0,0,0,0,0,0,0,0.00498008
Otu00200,0,0,0,0,0,0,0,0,0,0,0,0,0,0,0,0,0,0,0,0,0,0,0,0,0,0,0,0,0,0
Otu00201,0,0,0,0,0,0,0,0,0,0,0,0,0,0,0,0,0,0,0,0,0,0,0,0,0,0,0,0,0,0
Otu00202,0,0,0,0,0,0,0,0,0,0,0.001386001,0,0.000652316,0,0,0,0,0,0,0,0,0,0,0,0,0,0.014141414,0,0,0.006972112
Otu00203,0,0,0,0,0,0,0,0,0,0,0,0,0,0,0,0,0,0,0,0,0,0,0,0,0,0,0,0,0,0
Otu00204,0,0,0,0,0,0,0,0,0,0,0,0,0,0,0,0,0,0,0,0,0,0,0,0,0,0,0,0,0,0
Otu00205,0,0,0,0.002944063,0,0,0,0,0,0,0,0,0,0,0,0,0,0,0,0,0,0,0,0,0,0,0,0,0,0
Otu00206,0,0,0,0,0,0,0,0,0,0,0.005275305,0,0,0,0,0,0,0,0,0,0,0,0,0,0,0,0,0,0,0
Otu00207,0,0,0,0,0,0,0,0,0,0,0.003956479,0,0,0,0,0,0,0,0,0,0,0,0,0,0,0,0,0.006329114,0,0
Otu00208,0,0,0,0,0,0,0,0,0,0,0.000659413,0,0.000996175,0,0.000327761,0.000327439,0,0,0,0,0,0,0,0,0,0,0,0,0,0.005976096
Otu00209,0,0,0,0,0,0,0,0,0,0,0,0,0,0,0,0,0,0,0,0,0,0,0,0,0,0,0,0,0,0
Otu00210,0,0,0,0,0,0,0,0,0,0,0,0,0,0,0,0,0,0,0,0,0,0,0,0,0,0,0,0,0,0
Otu00211,0,0,0,0,0,0,0,0,0,0,0,0,0,0,0,0,0,0,0,0,0,0,0,0,0,0,0,0,0,0
Otu00212,0,0,0,0,0,0,0,0,0,0,0,0,0,0,0,0,0,0,0,0,0,0,0,0,0,0,0,0,0,0
Otu00213,0,0,0,0,0,0,0,0,0,0,0,0,0,0,0.001974334,0,0,0,0,0,0,0,0,0,0,0,0,0,0,0
Otu00214,0,0,0,0,0,0,0,0,0,0,0,0,0,0,0,0,0,0,0,0,0,0,0,0,0,0,0,0,0,0
Otu00215,0,0,0,0,0,0,0,0,0,0,0,0,0,0,0,0,0,0,0,0,0,0,0,0,0,0,0,0,0,0
Otu00216,0,0,0,0,0,0,0,0,0,0,0,0,0,0,0,0,0,0,0,0,0,0,0,0,0,0,0,0,0,0
Otu00217,0,0,0,0,0,0,0,0,0,0,0,0,0,0,0,0,0,0,0,0,0,0,0,0,0,0,0,0,0,0
Otu00218,0,0,0,0,0,0,0,0,0,0,0,0,0.003261579,0,0,0,0,0,0,0,0,0,0,0,0,0,0,0,0,0
Otu00219,0,0,0,0,0,0,0,0,0,0,0.00436828,0,0.003015075,0.000328407,0,0,0,0,0,0,0,0,0,0,0,0,0,0,0.001974334,0
Otu00220,0,0,0,0,0,0,0,0,0,0,0,0,0,0,0,0,0,0,0,0,0,0,0,0,0,0,0,0,0,0
Otu00221,0,0,0,0,0,0,0,0,0,0,0.002352151,0.000504541,0,0,0.000657794,0,0,0,0,0,0,0,0,0,0,0,0,0.002109705,0.000987167,0.001992032
Otu00222,0,0,0,0,0.000328084,0,0,0,0,0,0,0,0,0,0,0,0,0,0.000981354,0,0,0,0,0,0,0,0,0,0,0
Otu00223,0,0,0,0,0,0,0,0,0,0,0,0,0,0,0,0,0,0,0,0,0,0,0,0,0,0,0,0,0.008884501,0
Otu00224,0,0,0,0,0,0,0,0,0,0,0,0,0,0,0,0,0,0,0,0,0,0,0,0,0,0,0,0,0,0
Otu00225,0,0,0,0,0,0,0,0,0,0,0,0,0,0.004593176,0,0,0,0,0,0,0,0,0,0,0,0,0,0,0,0
Otu00226,0,0,0,0,0,0,0,0,0,0,0.002967359,0,0,0,0,0,0,0,0,0,0,0,0,0,0,0,0,0,0,0.011952191
Otu00227,0,0,0,0,0,0,0,0,0,0,0,0,0,0.000326797,0,0,0,0,0,0,0,0,0,0,0,0,0,0,0,0
Otu00228,0,0,0,0,0,0,0,0,0,0,0,0,0.001328021,0,0,0,0,0,0,0,0,0,0,0,0,0,0,0,0,0
Otu00229,0,0,0,0,0.000326477,0,0,0,0,0,0.01780914,0,0,0,0,0,0,0,0,0,0,0,0,0,0,0,0,0,0,0
Otu00230,0,0,0,0,0,0,0,0,0,0,0,0,0,0.000328084,0,0,0.000981354,0,0,0,0,0,0,0,0,0,0,0.003164557,0,0
Otu00231,0,0,0,0,0,0,0,0,0,0,0,0,0,0,0,0,0,0,0,0,0,0,0,0,0,0,0,0,0,0
Otu00232,0,0,0,0,0,0,0,0,0,0,0,0,0,0,0,0,0,0,0,0,0,0,0,0,0,0,0,0,0,0
Otu00233,0,0.005934718,0,0,0,0,0,0,0,0,0,0,0,0,0,0,0,0,0,0,0,0,0,0,0,0,0,0,0,0
Otu00234,0.000327118,0.005934718,0,0,0,0,0,0,0,0,0,0,0,0,0,0,0,0,0,0,0,0,0,0,0,0,0,0,0,0
Otu00235,0,0,0,0,0,0,0,0,0,0.024,0,0,0,0,0,0,0,0,0,0,0,0,0,0,0,0,0,0,0,0
Otu00236,0,0,0,0,0,0,0,0,0,0,0,0,0,0,0,0,0,0,0,0,0.001958864,0.000979432,0.000982318,0,0,0,0,0,0,0
Otu00237,0,0,0,0,0,0,0,0,0,0,0,0,0,0,0,0,0,0,0.000981354,0,0,0,0,0,0,0,0,0,0,0
Otu00238,0,0,0,0,0,0,0,0,0,0,0,0,0,0,0,0,0,0,0,0,0,0,0.001964637,0,0,0,0,0.010548523,0,0
Otu00239,0,0,0,0,0,0,0,0,0,0,0,0.002522704,0,0,0,0,0,0,0,0,0,0,0,0,0,0,0,0,0,0
Otu00240,0,0,0,0,0,0,0,0,0,0,0,0,0,0,0,0,0,0,0,0,0,0,0,0,0,0,0,0,0,0
Otu00241,0,0,0,0,0,0,0,0,0,0,0,0,0,0,0,0,0,0,0.001962709,0,0,0,0,0,0,0,0,0,0,0
Otu00242,0,0,0,0,0,0,0,0,0,0,0,0,0.000326158,0,0,0,0,0,0,0,0,0,0,0,0,0,0.001010101,0,0.000987167,0
Otu00243,0,0,0,0,0,0,0,0,0,0,0,0,0,0,0.000983284,0,0,0,0,0,0,0,0,0,0,0,0,0,0.004935834,0
Otu00244,0,0,0,0,0,0,0,0,0,0,0,0,0,0,0,0,0,0,0,0,0,0,0,0,0,0,0,0,0.005923001,0
Otu00245,0,0,0,0,0,0,0,0,0,0,0,0,0,0,0,0,0,0,0,0,0,0,0,0,0,0,0,0,0,0
Otu00246,0,0,0,0,0,0,0,0,0,0,0,0,0.005544684,0,0,0,0,0,0,0,0,0,0,0,0,0,0,0,0,0
Otu00247,0,0,0,0,0,0,0,0,0,0,0,0,0,0,0,0,0,0,0,0,0,0,0,0,0,0,0,0,0,0
Otu00248,0,0,0,0,0,0,0,0,0,0,0,0,0,0,0,0,0,0,0,0,0,0,0,0,0,0,0,0,0,0
Otu00249,0,0,0,0,0,0,0,0,0,0,0,0,0,0,0,0,0,0,0,0,0,0,0,0,0,0,0,0,0,0
Otu00250,0,0,0,0,0,0,0,0,0,0,0,0,0.000332005,0,0.000329056,0,0,0,0,0,0,0,0,0,0,0,0.004040404,0.003164557,0,0
Otu00251,0,0,0,0,0,0,0,0,0,0,0,0,0,0,0,0,0,0,0,0,0,0,0,0,0,0,0,0,0,0
Otu00252,0,0,0,0,0,0,0,0,0,0,0,0,0,0,0,0.000656495,0,0,0,0,0,0,0,0,0,0,0,0,0,0.005976096
Otu00253,0.000652955,0,0,0,0,0,0,0,0,0,0,0,0,0,0,0,0,0,0,0,0,0,0,0,0,0,0,0,0,0
Otu00254,0,0,0,0,0,0,0,0,0,0,0,0,0,0,0.000329056,0,0,0,0,0,0,0,0,0,0,0,0,0,0,0
Otu00255,0,0,0,0,0,0,0,0,0,0,0,0,0,0,0,0,0,0,0,0,0,0,0,0,0,0,0,0,0,0.005976096
Otu00256,0,0,0,0,0,0,0,0,0,0,0,0,0,0,0,0,0,0,0,0,0,0,0,0,0,0,0,0,0,0
Otu00257,0,0,0,0,0,0,0,0,0,0,0,0,0,0,0,0,0,0,0,0,0,0,0,0,0,0,0,0,0,0
Otu00258,0,0,0,0,0,0,0,0,0,0,0,0,0,0,0,0,0,0,0,0,0,0,0,0,0,0,0,0,0,0
Otu00259,0,0,0,0,0,0,0,0,0,0,0,0,0,0,0,0,0,0,0,0,0,0,0,0,0,0,0,0,0,0
Otu00260,0,0,0,0,0,0,0,0,0,0,0,0,0,0,0,0,0,0,0,0,0,0,0,0,0,0,0,0,0,0
Otu00261,0,0,0,0,0,0,0,0,0,0,0,0,0,0,0,0,0,0,0,0,0,0,0,0,0,0,0,0.001054852,0,0
Otu00262,0,0,0,0,0,0,0,0,0,0,0,0.001996249,0,0,0,0,0,0,0,0,0,0,0,0,0,0,0,0,0,0
Otu00263,0,0,0,0,0,0,0,0,0,0,0,0.002018163,0,0,0,0,0,0,0,0,0,0,0,0,0,0,0,0,0,0
Otu00265,0,0,0,0,0,0,0,0,0,0,0,0,0,0,0,0,0,0,0,0,0,0,0,0,0,0,0,0,0,0
Otu00266,0,0,0,0,0,0,0,0,0,0,0,0,0,0,0,0,0,0,0,0,0,0,0,0,0,0,0,0,0.012833169,0
Otu00267,0,0,0,0,0,0,0,0,0,0,0,0,0,0,0,0,0,0,0,0,0,0,0,0,0,0,0,0,0,0
Otu00268,0,0,0,0,0,0,0,0,0,0,0,0,0,0,0,0,0,0,0,0,0,0,0,0,0,0,0,0,0,0
Otu00269,0,0,0,0,0,0,0,0,0,0,0,0,0,0,0,0,0,0,0,0,0,0,0,0,0,0,0,0,0,0
Otu00270,0,0,0,0,0,0,0,0,0,0,0,0,0,0,0,0,0,0,0,0,0,0,0,0,0,0,0,0,0,0
Otu00271,0,0,0,0,0,0,0,0,0,0,0,0,0,0,0,0,0,0,0,0,0,0,0,0,0,0,0,0,0,0
Otu00272,0,0,0,0,0,0,0,0,0,0,0,0.000504541,0,0,0,0,0,0,0,0,0,0,0,0,0,0,0.009090909,0,0,0
Otu00273,0,0,0,0,0,0,0,0,0,0,0,0,0,0,0,0,0,0,0,0,0,0,0,0,0,0,0,0,0,0
Otu00274,0,0,0,0,0,0,0,0,0,0,0,0,0,0,0,0,0,0,0,0,0,0,0,0,0,0,0,0,0,0
Otu00275,0,0,0,0,0,0,0,0,0,0,0,0,0,0,0,0,0,0,0,0,0,0,0,0,0,0,0,0,0.005923001,0
Otu00276,0,0,0,0,0,0,0,0,0,0,0,0.001009082,0,0.000326797,0,0,0,0,0,0,0,0,0,0,0,0,0,0,0,0.00498008
Otu00277,0,0,0,0,0,0,0,0,0,0,0,0.004442251,0,0,0,0,0,0,0,0,0,0,0,0,0,0,0,0,0,0
Otu00279,0,0,0,0,0,0,0,0,0,0,0,0,0,0,0.001650165,0,0,0,0,0,0,0,0,0,0,0,0,0,0,0
Otu00280,0,0,0,0,0,0,0,0,0,0,0,0,0,0,0,0,0,0,0,0,0,0,0,0,0,0,0,0,0,0
Otu00281,0,0,0,0,0,0,0,0,0,0,0,0,0,0,0,0,0,0,0,0,0.000979432,0.000979432,0.000982318,0,0,0,0,0,0,0
Otu00282,0,0,0,0,0,0,0,0,0,0,0,0,0,0,0,0,0,0,0,0,0,0,0,0,0,0,0,0,0,0
Otu00283,0,0,0,0,0,0,0,0,0,0,0,0,0,0,0,0,0,0,0,0,0,0,0,0,0,0,0,0,0,0
Otu00284,0,0,0,0,0,0,0,0,0,0,0,0,0.001645487,0,0,0,0,0,0,0,0,0,0,0,0,0,0,0,0.0029615,0
Otu00285,0,0,0,0,0,0,0,0,0,0,0,0.002018163,0,0,0,0,0,0,0,0,0,0,0,0,0,0,0,0,0,0
Otu00286,0,0,0,0,0,0,0,0,0,0,0.002079002,0,0.002609263,0,0,0,0,0,0,0,0,0,0,0,0,0,0,0,0,0
Otu00287,0,0,0,0,0,0,0,0,0,0,0,0,0.001630789,0,0,0,0,0,0,0,0,0,0,0,0,0,0.002020202,0,0.000987167,0.001992032
Otu00288,0,0,0,0,0,0,0,0,0,0,0.00098912,0,0,0,0,0,0,0,0,0,0,0,0,0,0,0,0.01010101,0,0,0
Otu00289,0,0,0,0,0,0,0,0,0,0,0,0,0,0,0,0,0,0,0,0,0,0,0,0,0,0,0,0,0,0
Otu00290,0,0,0,0,0,0,0,0,0,0,0,0,0,0,0,0,0,0,0,0,0,0,0,0,0,0,0,0,0,0
Otu00291,0,0,0,0,0,0,0,0,0,0,0,0,0,0,0,0,0,0,0,0,0,0,0,0,0,0,0,0,0,0
Otu00292,0,0,0,0,0,0,0,0,0,0,0,0.001974334,0,0.000328407,0.000327761,0,0,0,0,0,0,0,0,0,0,0,0,0,0.007897335,0
Otu00293,0,0,0,0,0,0,0,0,0,0,0,0,0,0,0,0,0,0,0,0,0,0,0,0,0,0,0,0,0,0
Otu00294,0,0,0,0,0,0,0,0,0,0,0.001386001,0,0,0,0,0,0,0,0,0,0,0,0,0,0,0,0,0,0,0
Otu00295,0,0,0,0,0,0,0,0,0,0,0,0,0,0,0,0,0,0,0,0,0,0,0,0,0,0,0,0,0,0
Otu00296,0,0,0,0,0,0,0,0,0,0,0,0,0,0,0,0,0,0,0,0,0,0,0,0,0,0,0,0,0,0
Otu00297,0,0,0,0,0.000326477,0,0,0,0.012539185,0,0,0,0,0,0,0,0,0,0,0,0,0,0,0,0,0,0,0,0,0
Otu00298,0,0,0,0,0,0,0,0,0,0,0,0,0,0,0,0,0,0,0,0,0,0,0,0,0,0,0,0,0,0
Otu00299,0,0,0,0,0,0,0,0,0,0,0,0,0,0,0,0,0,0,0,0,0,0,0,0,0,0,0,0,0,0
Otu00300,0,0,0,0,0,0,0,0,0,0,0,0,0,0,0,0,0,0,0,0,0,0,0,0,0,0,0,0,0,0
Otu00301,0,0,0.002079002,0,0,0,0,0,0,0,0,0,0,0,0,0,0,0,0,0,0,0,0,0,0,0,0,0,0,0
Otu00302,0,0,0,0,0,0,0,0,0,0,0.001008065,0,0,0,0,0,0,0,0,0,0,0,0,0,0,0,0,0,0,0
Otu00303,0,0,0,0,0,0,0,0,0,0,0,0,0,0,0,0,0,0,0,0,0,0,0,0,0,0,0,0,0,0
Otu00304,0,0,0,0,0,0,0,0,0,0,0,0,0,0,0.000655523,0,0,0,0,0,0,0,0,0,0,0,0,0,0,0.013944223
Otu00305,0,0,0,0,0,0,0,0,0,0,0,0,0,0,0,0,0,0,0,0,0,0,0,0,0,0,0,0,0,0
Otu00306,0,0,0,0,0,0,0,0,0,0,0,0,0,0,0,0,0,0,0,0,0,0,0,0,0,0,0,0,0,0
Otu00308,0,0,0,0,0,0,0,0,0,0,0,0.001009082,0,0.000656814,0,0,0,0,0,0,0,0,0,0,0,0,0,0,0,0
Otu00310,0,0,0,0,0,0,0,0,0,0,0,0,0,0,0,0,0,0,0,0,0,0,0,0,0,0,0,0,0,0
Otu00311,0,0,0,0,0,0,0,0,0,0,0,0,0,0,0,0,0,0,0,0,0,0,0,0,0,0,0,0,0,0
Otu00312,0,0,0,0,0,0,0,0,0,0,0.001386001,0.000987167,0,0,0,0,0,0,0,0,0,0,0,0,0,0,0,0.002109705,0,0
Otu00313,0,0,0,0,0,0,0,0.002962963,0,0,0,0,0,0,0.000327761,0,0,0,0,0,0,0,0,0,0,0,0,0,0,0
Otu00315,0,0,0,0,0,0,0,0,0,0,0,0,0,0,0,0,0,0,0,0,0,0,0,0,0,0,0,0,0,0
Otu00316,0,0,0,0,0,0,0,0,0,0,0,0,0,0,0,0,0,0,0,0,0,0,0,0,0,0,0,0,0,0
Otu00317,0,0,0,0,0,0,0,0,0,0,0,0,0,0,0,0,0,0,0,0,0,0,0,0,0,0,0,0,0,0
Otu00318,0,0,0,0,0,0,0,0,0,0,0,0,0,0,0,0,0,0,0,0,0,0,0,0,0,0,0,0,0,0
Otu00319,0,0,0,0,0,0,0,0,0,0,0,0,0,0,0,0,0,0,0,0,0,0,0,0,0,0,0,0,0,0
Otu00320,0,0,0,0,0,0,0.00099108,0,0,0,0,0,0,0.000326797,0,0,0,0,0,0,0,0,0,0,0,0,0,0,0,0
Otu00321,0,0,0,0,0,0,0,0,0,0,0,0,0,0,0,0,0,0,0,0,0,0,0,0,0,0,0,0,0,0
Otu00322,0,0,0,0,0,0,0,0,0,0,0.001732502,0,0,0,0,0,0,0,0,0,0,0,0,0,0,0,0,0,0,0
Otu00323,0,0,0,0,0,0,0,0,0,0,0,0,0,0,0,0,0,0,0,0,0,0,0,0,0,0,0,0,0,0
Otu00324,0,0,0,0,0,0,0,0,0,0,0,0,0,0,0.00330033,0,0,0,0,0,0,0,0,0,0,0,0,0,0,0
Otu00325,0,0,0,0,0,0,0,0,0,0,0,0,0,0,0,0,0,0,0,0,0,0,0,0,0,0,0,0,0,0
Otu00326,0,0,0,0,0,0,0,0,0,0,0,0,0,0,0,0,0,0,0,0,0,0,0,0,0,0,0,0,0,0
Otu00327,0,0,0,0,0,0,0,0,0,0,0,0,0,0,0.000329056,0,0,0,0,0,0,0,0,0,0,0,0,0,0,0
Otu00328,0,0,0,0,0,0,0,0,0,0,0.0003465,0,0.000326158,0,0.000330033,0,0,0,0,0,0,0,0,0,0,0,0.001010101,0,0,0.000996016
Otu00329,0,0,0,0,0,0,0,0,0.00522466,0,0,0,0,0,0,0,0,0,0,0,0,0,0,0,0,0,0,0,0,0
Otu00330,0,0,0,0,0,0.013071895,0,0,0,0,0,0,0,0,0,0,0,0,0,0,0,0,0,0,0,0,0,0,0,0
Otu00331,0,0,0,0,0,0,0,0,0,0,0,0,0,0,0,0,0,0,0,0,0,0,0,0,0,0,0,0,0,0
Otu00332,0,0,0,0,0,0.013071895,0,0.003703704,0,0,0,0,0,0,0,0,0,0,0,0,0,0,0,0,0,0,0,0,0,0
Otu00333,0,0,0,0,0,0,0,0,0,0,0,0,0,0,0,0,0,0,0,0,0,0,0,0,0,0,0,0,0,0
Otu00334,0,0,0,0,0,0,0,0,0,0,0,0,0,0.000326797,0,0,0,0,0,0,0,0,0,0,0,0,0,0,0,0
Otu00336,0,0,0,0,0,0,0,0,0,0,0,0,0.002941268,0,0,0,0,0,0,0,0,0,0,0,0,0,0,0,0,0
Otu00337,0,0,0,0,0,0,0,0,0,0,0,0,0,0,0,0,0,0,0,0,0,0,0,0,0,0,0.011111111,0,0,0
Otu00338,0,0,0,0,0,0,0,0,0,0,0,0,0,0,0,0,0,0,0,0,0,0,0,0,0,0,0,0,0,0
Otu00339,0,0,0,0,0,0,0,0,0,0,0.001978239,0,0,0,0,0,0,0,0,0,0,0,0,0,0,0,0,0,0,0
Otu00340,0,0,0,0,0,0,0,0,0,0,0,0,0.001328021,0,0,0,0,0,0,0,0,0,0,0,0,0,0,0,0,0
Otu00341,0,0,0,0,0,0,0,0,0,0,0,0,0,0,0,0,0,0,0,0,0,0,0,0,0,0,0.011111111,0,0,0.000996016
Otu00342,0,0,0,0,0,0,0,0,0,0,0.001732502,0,0,0,0,0,0,0,0,0,0,0,0,0,0,0,0,0,0,0
Otu00344,0,0,0,0,0,0,0,0,0,0,0,0,0,0.000656814,0,0,0,0,0,0,0,0,0,0,0,0,0,0,0,0
Otu00345,0,0,0,0,0,0,0,0,0.015151515,0,0,0,0,0,0,0,0,0,0,0,0,0,0,0,0,0,0,0,0,0
Otu00346,0,0,0,0,0,0,0,0,0,0,0,0,0,0,0,0,0,0,0,0,0,0,0,0,0,0,0,0,0,0
Otu00347,0,0,0,0,0,0,0,0,0,0,0.000693001,0,0,0,0,0,0,0,0,0,0,0,0,0,0,0,0.003030303,0,0,0
Otu00348,0,0,0,0,0,0,0,0,0,0,0,0,0,0,0,0,0,0,0,0,0,0,0,0,0,0,0,0,0,0
Otu00349,0,0,0,0,0,0,0,0,0,0,0,0,0,0,0,0,0,0,0,0,0,0,0,0,0,0,0,0,0,0
Otu00350,0,0,0,0,0,0,0,0,0,0,0,0,0,0,0,0,0,0,0,0,0,0,0,0,0,0,0,0,0,0
Otu00351,0,0,0,0,0,0,0,0,0,0,0,0,0,0,0,0,0,0,0,0,0,0,0,0,0,0,0,0,0,0
Otu00352,0,0,0,0,0,0,0,0,0,0,0,0,0,0,0,0,0,0,0,0,0,0,0,0,0,0,0,0,0,0
Otu00353,0,0,0,0,0,0,0,0,0,0,0,0,0,0,0,0,0,0,0,0,0,0,0,0,0,0,0,0,0,0
Otu00354,0,0,0,0,0,0,0,0,0,0,0,0,0,0,0,0,0,0,0,0,0,0,0,0,0,0,0,0,0,0
Otu00355,0,0,0,0,0,0,0,0,0,0,0,0,0,0,0,0,0,0,0,0,0,0,0,0,0,0,0,0,0,0
Otu00356,0,0,0,0,0,0,0,0,0,0,0,0,0,0,0,0,0,0,0,0,0,0,0,0,0,0,0,0,0,0
Otu00357,0.000327118,0,0,0,0,0,0,0,0,0,0,0,0,0,0,0,0,0.000979432,0,0,0,0,0,0,0,0,0,0,0,0
Otu00359,0,0,0,0,0,0,0,0,0,0,0,0,0.001328021,0,0,0,0,0,0,0,0,0,0,0,0,0,0,0,0,0
Otu00360,0,0,0,0,0,0,0,0,0,0,0.001386001,0,0,0,0.001320132,0,0,0,0,0,0,0,0,0,0,0,0,0,0,0
Otu00361,0,0,0,0,0,0,0,0,0,0,0,0,0,0,0,0,0,0,0,0,0,0,0,0,0,0,0,0,0,0
Otu00363,0,0,0,0,0,0,0,0,0,0,0,0,0,0,0,0,0,0,0,0,0,0,0,0,0,0,0,0,0,0
Otu00364,0,0,0,0,0,0,0,0,0,0,0,0,0,0,0,0.000329056,0,0,0,0,0,0,0,0,0,0,0,0,0,0
Otu00365,0,0,0,0,0,0,0,0,0,0,0,0,0.001956947,0,0,0,0,0,0,0,0,0,0,0,0,0,0,0,0,0
Otu00366,0,0,0,0,0,0,0,0,0,0,0,0.000504541,0,0,0,0,0,0,0,0,0,0,0,0,0,0,0,0,0,0
Otu00367,0,0,0,0,0,0,0,0,0,0,0,0,0,0,0.001650165,0,0,0,0,0,0,0,0,0,0,0,0,0,0,0
Otu00368,0,0,0,0,0,0,0,0,0,0,0,0,0,0,0,0,0,0,0,0,0,0,0,0,0,0,0.007070707,0,0,0
Otu00369,0,0,0,0,0,0,0,0,0,0,0,0,0,0,0.000983284,0,0,0,0,0,0,0,0,0,0,0,0,0,0,0
Otu00370,0,0,0,0,0,0,0,0,0,0,0,0,0,0,0,0,0,0,0,0,0,0,0,0,0,0,0,0,0,0
Otu00371,0,0,0,0,0,0,0,0,0,0,0,0,0,0,0,0,0,0,0,0,0,0,0,0,0,0,0,0,0,0
Otu00372,0,0,0,0,0,0,0,0,0,0,0.001386001,0,0,0,0,0,0,0,0,0,0,0,0,0,0,0,0,0,0,0
Otu00373,0,0,0,0,0,0,0,0,0,0,0,0,0,0,0.001311046,0,0,0,0,0,0,0,0,0,0,0,0,0,0,0
Otu00374,0,0,0,0,0,0,0,0,0,0,0,0,0,0,0,0.000329056,0,0,0,0,0,0,0,0,0,0,0,0,0,0
Otu00375,0,0,0,0,0,0,0,0,0,0,0,0,0,0,0,0.000329056,0,0,0,0,0,0,0,0,0,0,0,0,0,0
Otu00376,0,0,0,0,0,0,0,0,0,0,0,0,0.000664011,0,0.000329056,0,0,0,0,0,0,0,0,0,0,0,0,0,0,0
Otu00377,0,0,0,0,0,0,0,0,0,0,0,0,0,0,0,0,0,0,0,0,0,0,0,0,0,0,0.009090909,0,0,0
Otu00378,0,0,0,0,0,0,0,0,0,0,0,0,0,0,0,0,0,0,0,0,0,0,0,0,0,0,0,0,0,0
Otu00379,0,0,0,0,0,0,0,0,0,0,0,0.001009082,0,0,0,0,0,0,0,0,0,0,0,0,0,0,0,0,0,0
Otu00380,0,0,0,0,0,0,0,0,0,0.01,0,0,0,0,0,0,0,0,0,0,0,0,0,0,0,0,0,0,0,0
Otu00381,0,0,0,0,0,0,0,0,0,0,0,0,0,0,0,0,0,0,0,0,0,0,0,0,0,0,0,0,0,0
Otu00383,0,0,0,0,0,0,0,0,0,0,0,0,0,0,0,0,0,0,0,0,0,0,0,0,0,0,0,0,0.006910168,0
Otu00384,0,0,0,0,0,0,0,0,0,0,0,0,0.000332005,0,0,0,0,0,0,0,0,0,0,0,0,0,0,0,0,0
Otu00386,0,0,0,0,0,0,0,0,0,0,0,0,0,0,0,0,0,0,0,0,0,0,0,0,0,0,0,0,0.004935834,0
Otu00388,0,0,0,0,0,0,0,0,0,0,0.001648533,0,0,0,0,0,0,0,0,0,0,0,0,0,0,0,0,0,0,0
Otu00389,0,0,0,0,0,0,0,0.001587302,0,0,0,0,0,0,0,0,0,0,0,0,0,0,0,0,0,0,0,0,0,0
Otu00390,0,0,0,0,0,0,0,0,0,0,0,0,0,0,0,0,0,0,0,0,0,0,0,0,0,0,0,0,0,0
Otu00391,0,0,0,0,0,0,0,0,0,0,0.002016129,0,0,0,0,0,0,0,0,0,0,0,0,0,0,0,0,0,0,0
Otu00392,0,0,0,0,0,0,0,0,0,0,0,0.001009082,0,0,0,0,0,0,0,0,0,0,0,0,0,0,0,0,0,0
Otu00394,0,0,0,0,0,0,0,0,0,0,0,0,0,0,0,0,0,0,0,0,0,0,0,0,0,0,0,0,0,0
Otu00396,0,0,0,0,0,0,0,0,0,0,0,0,0,0,0,0,0,0,0,0,0,0,0,0,0,0,0,0,0,0
Otu00397,0,0,0,0,0,0,0,0,0,0,0,0,0,0,0,0,0,0,0,0,0,0,0,0,0,0,0,0,0,0
Otu00398,0,0,0,0,0,0,0,0,0,0,0,0,0,0,0,0,0,0,0,0,0,0,0,0,0,0,0,0,0,0
Otu00399,0,0,0,0,0,0,0,0,0,0,0,0,0,0,0,0,0,0,0,0,0,0,0,0,0,0,0,0,0,0
Otu00400,0,0,0,0,0,0,0,0,0,0,0,0,0,0,0,0,0,0,0,0,0,0,0,0,0,0,0,0,0,0
Otu00401,0,0,0,0,0,0,0,0,0,0,0,0,0,0,0,0,0,0,0,0,0,0,0,0,0.000983284,0,0,0,0,0
Otu00402,0,0,0,0,0,0,0,0,0,0,0,0,0,0,0,0,0,0,0,0,0,0,0,0,0,0,0,0,0,0
Otu00403,0,0,0,0,0,0,0,0,0,0,0,0,0,0,0,0,0,0,0,0,0,0,0,0,0,0,0,0,0,0
Otu00404,0,0,0,0,0,0,0,0,0,0,0,0.001009082,0,0,0,0,0,0,0,0,0,0,0,0,0,0,0,0,0,0
Otu00405,0,0,0,0,0,0,0,0,0,0,0,0.001009082,0,0,0,0,0,0,0,0,0,0,0,0,0,0,0,0,0,0
Otu00406,0,0,0,0,0,0,0,0,0,0,0,0.001009082,0,0,0,0,0,0,0,0,0,0,0,0,0,0,0,0,0,0
Otu00407,0,0,0,0,0,0,0,0,0,0,0,0,0,0,0,0,0,0,0,0,0,0,0,0,0,0,0,0,0,0
Otu00408,0,0,0,0,0,0,0,0,0,0,0,0,0,0,0,0,0,0,0,0,0,0,0,0,0,0,0,0,0.006910168,0
Otu00409,0,0,0,0,0,0,0,0,0,0,0,0,0,0,0,0,0,0,0,0,0,0,0,0,0,0,0.004040404,0,0,0
Otu00410,0,0,0,0,0,0,0,0,0,0,0,0,0,0,0,0,0,0,0,0,0,0,0,0,0,0,0,0,0,0
Otu00411,0,0,0,0,0,0,0,0,0,0,0,0,0,0,0,0,0,0,0,0,0,0,0,0,0,0,0,0,0,0
Otu00412,0,0,0,0,0,0,0,0,0,0,0,0,0,0,0,0,0,0,0,0,0,0,0,0,0,0,0,0,0,0
Otu00413,0,0,0,0,0,0,0,0,0,0,0,0,0,0,0,0,0,0,0,0,0,0,0,0,0,0,0,0,0,0
Otu00414,0,0,0,0,0,0,0,0,0,0,0.001648533,0,0,0,0,0,0,0,0,0,0,0,0,0,0,0,0,0,0,0
Otu00415,0,0,0,0,0,0,0,0,0,0,0,0,0,0,0,0,0,0,0,0,0,0,0,0,0,0,0,0,0,0
Otu00416,0,0,0,0,0,0,0,0,0,0,0.001039501,0,0.000332005,0,0,0,0,0,0,0,0,0,0,0,0,0,0,0,0,0
Otu00417,0,0,0,0,0,0,0,0,0,0,0,0,0,0,0,0,0,0,0,0,0,0,0,0,0,0,0,0.001054852,0,0
Otu00418,0,0,0,0,0,0,0,0,0,0,0,0,0,0,0,0,0,0,0,0,0,0,0,0,0,0,0,0,0,0
Otu00419,0,0,0,0,0,0,0,0,0,0,0.001732502,0,0,0,0,0,0,0,0,0,0,0,0,0,0,0,0,0,0,0.002988048
Otu00421,0,0,0,0,0,0,0,0,0,0,0.002352151,0,0,0,0.000327761,0,0,0,0,0,0,0,0,0,0,0,0,0,0,0
Otu00422,0,0,0,0,0,0,0,0,0,0,0.003360215,0,0,0,0,0,0,0,0,0,0,0,0,0,0,0,0,0,0,0
Otu00423,0,0,0,0,0,0,0,0,0,0,0,0,0,0,0,0,0,0,0,0,0,0,0,0,0,0,0,0,0,0
Otu00424,0,0,0,0,0,0,0,0,0,0,0,0,0,0,0,0.000329056,0,0,0,0,0,0,0,0,0,0,0,0,0,0
Otu00425,0,0,0,0,0,0,0,0,0,0,0,0,0,0,0,0,0,0,0,0,0,0,0,0,0,0,0,0,0,0
Otu00426,0,0,0,0,0,0,0,0,0,0,0,0,0,0,0,0.000327439,0,0,0,0,0,0,0,0,0,0,0,0,0,0
Otu00428,0,0,0,0,0,0,0,0,0,0,0,0,0,0,0,0,0,0,0,0,0,0,0,0,0,0,0,0,0,0
Otu00430,0,0,0,0,0,0,0,0,0,0,0,0,0,0,0.000658111,0,0,0,0,0,0,0,0,0,0,0,0,0,0,0
Otu00431,0,0,0,0,0,0,0,0,0,0,0,0,0,0,0.001650165,0,0,0,0,0,0,0,0,0,0,0,0,0,0,0
Otu00432,0,0,0,0,0,0,0,0,0,0,0,0,0,0,0,0,0,0,0,0,0,0,0,0,0,0,0,0,0,0
Otu00433,0,0,0,0,0,0,0,0,0,0,0,0,0,0,0,0,0,0,0,0,0,0,0,0,0,0,0,0,0,0
Otu00434,0,0,0,0,0,0,0,0,0,0,0,0,0,0,0,0,0,0,0,0,0,0,0,0,0,0,0,0,0,0
Otu00435,0,0,0,0,0,0,0,0,0,0,0,0,0,0,0,0,0,0,0,0,0,0,0,0,0,0,0,0,0,0
Otu00436,0,0,0,0,0,0,0,0,0,0,0,0,0,0,0,0,0,0,0,0,0,0,0,0,0,0,0,0,0,0
Otu00437,0,0,0,0,0,0,0,0,0,0,0,0.002467917,0,0,0,0,0,0,0,0,0,0,0,0,0,0,0,0,0,0
Otu00438,0,0,0,0,0,0,0,0,0,0,0,0,0,0,0.000658111,0,0,0,0,0,0,0,0,0,0,0,0,0,0,0
Otu00439,0,0,0,0,0,0,0,0,0,0,0,0,0.000996016,0,0,0,0,0,0,0,0,0,0,0,0,0,0,0,0,0
Otu00441,0.000327118,0,0,0,0,0,0,0,0,0,0,0,0,0,0,0,0.000981354,0,0,0,0,0,0,0,0,0,0,0,0,0
Otu00442,0,0,0,0,0,0,0,0,0,0,0,0,0,0,0,0,0,0,0,0,0,0,0,0,0,0,0,0,0,0
Otu00443,0,0,0,0,0,0,0,0,0,0,0,0,0,0,0,0,0,0,0,0,0,0,0,0,0,0.001022495,0,0,0,0
Otu00445,0,0,0,0,0,0,0,0,0,0,0.000693001,0,0,0,0,0,0,0,0,0,0,0,0,0,0,0,0,0.003164557,0,0
Otu00447,0,0,0,0,0,0,0,0,0,0,0,0,0,0,0,0,0,0,0,0,0,0,0,0,0,0,0,0,0,0
Otu00448,0,0,0,0,0,0,0,0,0,0,0,0,0,0,0.001980198,0,0,0,0,0,0,0,0,0,0,0,0,0,0,0
Otu00449,0,0,0,0,0,0,0,0,0,0,0,0,0,0,0,0,0,0,0,0,0,0,0,0,0,0,0,0.007383966,0,0
Otu00450,0,0,0,0,0,0,0,0,0,0,0.001732502,0,0,0,0,0,0,0,0,0,0,0,0,0,0,0,0,0,0,0
Otu00451,0,0,0,0,0,0,0,0,0,0,0.0003465,0,0,0,0,0,0,0,0,0,0,0,0,0,0,0,0.002020202,0,0,0
Otu00452,0,0,0,0,0,0,0,0,0,0,0,0,0,0,0,0,0,0,0,0,0,0,0,0,0,0,0,0,0,0
Otu00453,0,0,0,0,0,0,0,0,0,0,0,0,0,0,0,0,0,0,0,0,0,0,0,0,0,0,0,0,0,0
Otu00454,0,0,0,0,0,0,0,0,0,0,0,0,0,0,0,0,0,0,0,0,0.001958864,0,0,0,0,0,0,0,0,0
Otu00455,0,0,0,0,0,0,0,0,0,0,0,0,0,0,0,0,0,0,0,0,0,0,0,0,0,0,0,0,0,0
Otu00459,0,0,0,0,0,0,0,0,0,0,0,0,0,0,0,0,0,0,0,0,0,0,0,0,0,0,0,0,0,0
Otu00460,0,0,0,0,0,0,0,0,0,0,0,0,0,0,0,0,0,0,0,0,0,0,0,0,0,0,0,0,0,0
Otu00461,0,0,0,0,0,0,0,0,0,0,0,0.001009082,0,0,0,0,0,0,0,0,0,0,0,0,0,0,0,0,0,0
Otu00462,0,0,0,0,0,0,0,0,0,0,0,0,0,0,0,0,0,0,0,0,0,0,0,0,0,0,0,0,0,0
Otu00463,0,0,0,0,0,0,0,0,0,0,0.0003465,0,0,0.000326797,0,0,0,0,0,0,0,0,0,0,0,0,0,0,0,0
Otu00464,0,0,0,0,0,0,0,0,0,0,0,0,0,0,0.000329056,0,0,0,0,0,0,0,0,0,0,0,0,0,0,0
Otu00465,0,0,0,0,0,0,0,0,0,0,0,0,0,0,0,0,0,0,0,0,0,0,0,0,0,0,0.007070707,0,0,0
Otu00466,0,0,0,0,0,0,0,0,0,0,0,0,0,0,0,0,0,0,0,0,0,0,0,0,0,0,0,0,0,0
Otu00467,0,0,0,0,0,0,0,0,0,0,0,0,0,0,0,0,0,0,0,0,0,0,0,0,0,0,0,0,0,0.002988048
Otu00468,0,0,0,0,0,0,0,0,0,0,0,0,0,0,0,0,0,0,0,0,0,0,0,0,0,0,0,0,0,0
Otu00470,0,0,0,0,0,0.013071895,0,0,0,0,0,0,0,0,0,0,0,0,0,0,0,0,0,0,0,0,0,0,0,0
Otu00471,0,0,0,0,0,0.241830065,0,0,0,0,0,0,0,0,0,0,0,0,0,0,0,0,0,0,0,0,0,0,0,0
Otu00472,0,0,0,0,0,0,0,0,0,0,0,0,0,0,0,0,0,0,0,0,0,0,0,0,0,0,0,0,0,0
Otu00473,0,0,0,0,0,0,0,0,0,0,0,0,0,0,0,0,0,0,0,0,0,0,0,0,0,0,0,0,0,0
Otu00474,0,0,0,0,0,0,0,0,0,0,0,0,0,0,0,0,0,0,0,0,0,0,0,0,0,0,0,0,0,0
Otu00475,0,0,0,0,0,0,0,0,0,0,0,0,0,0,0,0,0,0,0,0,0,0,0,0,0,0,0,0,0,0
Otu00477,0,0,0,0,0,0,0,0,0,0,0,0,0,0,0,0,0,0,0,0,0,0,0,0,0,0,0,0,0,0
Otu00478,0,0,0,0,0,0,0,0.002962963,0,0,0,0,0,0,0,0,0,0,0,0,0,0,0,0,0,0,0,0,0,0
Otu00479,0,0,0,0,0,0,0,0,0,0,0,0,0,0,0,0,0,0,0,0,0,0,0,0,0,0,0,0,0,0
Otu00480,0,0,0,0,0,0,0,0,0,0,0,0,0,0.004265092,0,0,0,0,0,0,0,0,0,0,0,0,0,0,0,0
Otu00481,0,0.001978239,0,0,0,0,0,0,0,0,0,0,0,0,0,0,0,0,0,0,0,0,0,0,0,0,0,0,0,0
Otu00482,0,0,0,0,0,0,0,0,0,0,0,0,0,0,0,0,0,0,0,0,0,0,0,0,0,0,0,0,0,0
Otu00483,0,0,0,0,0,0,0,0,0,0,0,0,0,0,0,0,0,0,0,0,0,0,0,0,0,0,0,0,0,0
Otu00484,0,0,0,0,0,0,0,0,0,0,0.001732502,0,0,0,0,0,0,0,0,0,0,0,0,0,0,0,0,0,0,0
Otu00485,0,0,0,0,0,0,0,0,0,0,0,0,0,0,0,0,0,0,0,0,0,0,0,0,0,0,0,0,0,0
Otu00486,0,0,0,0,0,0,0,0,0,0,0,0,0,0,0,0,0,0,0,0,0,0,0,0,0,0,0,0,0,0
Otu00487,0,0,0,0,0,0,0,0,0,0,0,0.000987167,0,0,0,0,0,0,0,0,0,0,0,0,0,0,0,0,0,0
Otu00488,0,0,0,0,0,0.22875817,0,0,0,0,0,0,0,0,0,0,0,0,0,0,0,0,0,0,0,0,0,0,0,0
Otu00489,0,0.001978239,0,0,0,0,0,0,0,0,0,0,0,0,0,0,0,0,0,0,0,0,0,0,0,0,0,0,0,0
Otu00490,0,0,0,0,0,0,0,0,0,0,0,0,0.001956947,0,0,0,0,0,0,0,0,0,0,0,0,0,0,0,0,0
Otu00491,0,0,0,0,0,0,0,0,0,0,0,0,0,0,0,0,0,0,0,0,0,0,0,0,0,0,0,0,0,0
Otu00492,0,0,0,0,0,0,0,0,0,0,0,0,0,0,0,0,0,0,0,0,0,0,0,0,0,0,0,0,0,0
Otu00493,0,0,0,0,0,0,0,0,0,0,0,0,0,0,0,0,0,0,0,0,0,0,0,0,0,0,0.006060606,0,0,0
Otu00495,0,0,0,0,0,0,0,0,0,0,0,0.000504541,0,0,0,0,0,0,0,0,0,0,0,0,0,0,0,0,0,0
Otu00496,0,0,0,0,0,0,0,0,0,0.007,0,0,0,0,0,0,0,0,0,0,0,0,0,0,0,0,0,0,0,0
Otu00497,0,0,0,0,0,0,0,0,0,0,0,0,0,0,0,0,0,0,0,0,0,0,0,0,0,0,0.003030303,0,0,0
Otu00498,0,0,0,0,0,0,0,0,0,0,0,0,0,0,0,0,0,0,0,0,0,0,0,0,0,0,0,0,0,0
Otu00499,0,0,0,0,0,0,0,0,0,0,0,0,0,0,0,0,0,0,0,0,0,0,0,0,0,0,0,0,0,0
Otu00500,0,0,0,0,0,0,0,0,0,0,0,0,0,0,0,0,0,0,0,0,0,0,0,0,0,0,0,0,0,0
Otu00501,0,0,0,0,0,0,0,0,0,0,0,0,0,0,0,0,0,0,0,0,0,0,0,0,0,0,0,0,0,0
Otu00502,0,0,0,0,0,0,0,0,0,0,0,0,0,0,0,0,0,0,0,0,0,0,0,0,0,0,0,0,0,0
Otu00504,0,0,0,0,0,0,0,0,0,0,0,0,0,0,0,0,0,0,0,0,0,0,0,0,0,0,0,0,0,0
Otu00506,0,0,0,0,0,0,0,0,0,0,0,0,0,0,0,0,0,0,0,0,0,0,0,0,0,0,0,0.006329114,0,0
Otu00507,0,0,0,0,0,0,0,0,0,0,0,0,0,0,0,0,0,0,0,0,0,0,0,0,0,0,0,0,0.004935834,0
Otu00508,0,0,0,0,0,0,0,0,0,0,0,0,0,0,0,0,0,0,0,0,0,0,0,0,0,0,0,0,0,0
Otu00510,0,0,0,0,0,0,0,0,0,0,0,0,0,0,0,0,0,0,0,0,0,0,0,0,0,0,0.003030303,0,0,0
Otu00511,0,0,0,0,0,0,0,0,0,0,0,0,0,0,0,0,0,0,0,0,0,0,0,0,0,0,0,0,0,0
Otu00513,0,0,0,0,0,0,0,0,0,0,0,0,0,0,0,0,0,0,0,0,0,0,0,0,0,0,0,0,0,0
Otu00514,0,0,0,0,0,0,0,0,0,0,0,0,0,0.000326797,0,0,0,0,0,0,0,0,0,0,0,0,0,0,0,0
Otu00515,0,0,0,0,0,0,0,0,0,0,0,0,0,0,0,0,0,0,0,0,0,0,0,0,0,0,0,0,0,0.010956175
Otu00516,0,0,0,0,0,0,0,0,0,0,0,0,0,0,0,0,0,0,0,0,0,0,0,0,0,0,0,0,0,0
Otu00519,0,0,0,0,0,0,0,0,0,0,0,0,0,0,0,0,0,0,0,0,0,0,0,0,0,0,0,0,0,0
Otu00520,0,0,0,0,0,0,0,0,0,0,0,0,0,0,0,0,0,0,0,0,0,0,0,0,0,0,0,0,0,0
Otu00522,0,0,0,0,0,0,0,0,0,0,0,0,0,0,0,0,0,0,0,0,0,0,0,0,0,0,0.001010101,0,0,0.000996016
Otu00523,0,0,0,0,0,0,0,0,0,0,0,0,0,0,0,0,0,0,0,0,0,0,0,0,0,0,0,0,0,0
Otu00524,0,0,0,0,0,0,0,0,0,0,0,0,0,0,0,0,0,0,0,0,0,0,0,0,0,0,0,0,0,0
Otu00529,0,0,0,0,0,0,0,0,0,0,0,0,0,0,0,0,0,0,0,0,0,0,0,0,0,0,0,0,0,0
Otu00533,0,0,0,0,0,0,0,0,0,0,0,0,0,0,0,0,0,0,0,0,0,0,0,0,0,0,0,0,0,0
Otu00534,0,0,0,0,0,0,0,0,0,0,0,0.000504541,0,0,0,0,0,0,0,0,0,0,0,0,0,0,0,0,0,0
Otu00535,0,0,0,0,0,0,0,0,0,0,0,0,0,0,0,0,0,0,0,0,0,0,0,0,0,0,0,0,0,0
Otu00536,0,0,0,0,0,0,0,0,0,0,0.001386001,0,0,0,0,0,0,0,0,0,0,0,0,0,0,0,0,0,0,0
Otu00537,0,0,0,0,0,0,0,0,0,0,0,0,0,0,0,0,0,0,0,0,0,0,0,0,0,0,0,0,0,0
Otu00538,0,0,0,0,0,0,0,0,0,0,0,0,0,0,0,0,0,0,0,0,0,0,0,0,0,0,0,0,0,0
Otu00540,0,0,0,0,0,0,0,0,0,0,0,0,0,0,0,0,0,0,0,0,0,0,0,0,0,0,0,0,0,0
Otu00541,0,0,0,0,0,0,0,0,0,0,0,0,0,0.000326797,0,0,0,0,0,0,0,0,0,0,0,0,0,0,0,0
Otu00545,0,0,0,0,0,0,0,0,0,0,0,0,0,0,0,0,0,0,0,0,0,0,0,0,0,0,0,0,0,0
Otu00546,0,0,0,0,0,0,0,0,0,0,0,0,0,0.000656814,0,0,0,0,0,0,0,0,0,0,0,0,0,0,0,0
Otu00548,0,0,0,0,0,0,0,0,0,0,0,0,0,0,0,0,0,0,0,0,0,0,0,0,0,0,0,0,0,0
Otu00549,0,0,0,0,0,0,0,0,0,0,0,0,0,0,0,0,0,0,0,0,0,0,0,0,0,0,0,0,0,0
Otu00550,0,0,0,0,0,0,0,0,0,0,0,0,0,0,0,0,0,0,0,0,0,0,0,0,0,0,0,0,0,0
Otu00551,0,0,0,0,0,0,0,0,0,0,0,0,0,0,0,0,0,0,0,0,0,0,0.000982318,0,0,0,0,0,0,0
Otu00552,0,0,0,0,0,0,0,0,0,0,0,0,0,0,0,0,0,0,0.000981354,0,0,0,0,0,0,0,0,0,0,0
Otu00553,0,0,0.001039501,0,0,0,0,0,0,0,0,0,0,0,0,0,0,0,0,0,0,0,0,0,0,0,0,0,0,0
Otu00554,0,0,0,0,0,0,0,0,0,0,0,0,0,0,0,0,0,0,0,0,0,0,0,0,0,0,0.005050505,0,0,0
Otu00557,0,0,0,0,0,0,0,0,0,0,0,0,0,0,0.000329056,0,0,0,0,0,0,0,0,0,0,0,0,0,0,0
Otu00558,0,0,0,0,0,0,0,0,0,0,0,0,0,0,0,0,0,0,0,0,0,0,0,0,0,0,0,0,0,0
Otu00559,0,0,0,0,0,0,0,0,0,0,0,0,0,0,0,0,0,0,0,0,0,0,0,0,0,0,0,0,0,0
Otu00561,0,0,0,0,0,0,0,0,0,0,0,0,0,0,0,0,0,0,0,0,0,0,0,0,0,0,0,0,0,0
Otu00562,0,0,0,0,0,0,0,0,0,0,0.000659413,0,0,0,0,0,0,0,0,0,0,0,0,0,0,0,0,0,0,0
Otu00563,0,0,0,0,0,0,0,0,0,0,0,0,0,0,0,0,0,0,0,0,0,0,0,0,0,0,0.005050505,0,0,0
Otu00564,0,0,0,0,0,0,0,0,0,0,0,0,0,0,0,0,0,0,0,0,0,0,0,0,0,0,0,0,0,0
Otu00565,0,0,0,0,0,0,0,0,0,0,0,0,0,0,0,0,0,0,0,0,0,0,0,0,0,0,0,0,0,0
Otu00567,0,0,0,0,0,0,0,0,0,0,0.003696237,0,0,0,0,0,0,0,0,0,0,0,0,0,0,0,0,0,0,0
Otu00568,0,0,0,0,0,0,0,0,0,0,0.001039501,0,0,0,0,0,0,0,0,0,0,0,0,0,0,0,0,0,0,0
Otu00570,0,0,0,0,0,0,0,0,0,0,0,0,0,0,0,0,0,0,0,0,0,0,0,0,0,0,0,0,0,0
Otu00571,0,0,0,0,0.00164042,0,0,0,0,0,0,0,0,0,0,0,0,0,0,0,0,0,0,0,0,0,0,0,0,0
Otu00572,0,0,0,0,0,0,0,0,0,0,0,0,0,0,0,0,0,0,0,0,0,0,0,0,0,0,0,0,0,0
Otu00573,0,0,0,0,0,0,0,0,0,0,0,0,0,0,0,0,0,0,0,0,0,0,0,0,0,0,0,0,0,0.000996016
Otu00577,0,0,0,0,0,0,0,0,0,0,0.00098912,0,0,0,0,0,0,0,0,0,0,0,0,0,0,0,0,0,0,0
Otu00578,0,0,0,0,0,0,0,0,0,0,0,0,0,0,0,0,0,0,0,0,0,0,0,0,0,0,0,0,0,0
Otu00579,0,0,0,0,0,0,0,0,0,0,0,0,0,0.000328084,0,0,0,0,0,0,0,0,0,0,0,0,0,0,0,0
Otu00581,0,0,0,0,0,0,0,0,0,0,0,0,0,0,0,0,0,0,0,0,0,0,0,0,0,0,0,0,0,0
Otu00582,0,0,0,0,0,0,0,0,0,0,0,0,0,0,0,0,0,0,0,0,0,0,0,0,0,0,0,0,0,0
Otu00584,0,0,0,0,0,0,0,0,0,0,0,0,0,0,0,0,0,0,0,0,0,0,0,0,0,0,0,0,0.0029615,0
Otu00585,0,0,0,0,0,0,0,0,0,0,0,0,0,0,0,0,0,0,0,0,0,0,0,0,0,0,0,0,0,0
Otu00586,0,0,0,0,0,0,0,0,0,0,0,0,0,0,0.000329056,0,0,0,0,0,0,0,0,0,0,0,0,0,0,0
Otu00590,0,0,0,0,0,0,0,0,0,0,0,0,0,0,0,0,0,0,0,0,0,0,0,0,0,0,0,0,0,0
Otu00592,0,0,0,0,0,0,0,0,0,0,0,0,0,0,0,0,0,0,0,0,0,0,0,0,0,0,0,0,0,0
Otu00594,0,0,0,0,0,0,0,0,0,0,0,0,0,0,0,0,0,0,0,0,0,0,0,0,0,0,0,0,0,0
Otu00595,0,0,0,0,0,0,0,0,0,0,0,0,0,0,0,0,0,0,0,0,0,0,0,0,0,0,0,0,0,0
Otu00596,0,0,0,0,0,0,0,0,0,0,0,0,0,0,0,0,0,0,0,0,0,0,0,0,0,0,0,0,0,0
Otu00597,0,0,0,0,0,0,0,0,0,0,0,0,0,0,0,0,0,0,0,0,0,0,0,0,0,0,0,0,0.0029615,0
Otu00598,0,0,0,0,0,0,0,0,0,0,0,0,0.007370184,0,0,0,0,0,0,0,0,0,0,0,0,0,0,0,0,0
Otu00599,0,0,0,0,0,0,0,0,0,0,0,0,0,0,0,0,0,0,0,0,0,0,0,0,0,0,0,0,0,0
Otu00601,0,0,0,0,0,0,0,0,0,0,0.001039501,0,0,0,0,0,0,0,0,0,0,0,0,0,0,0,0,0,0,0
Otu00603,0,0,0,0,0,0,0,0,0,0,0,0,0,0,0,0,0,0,0,0,0,0,0,0,0,0,0,0,0,0
Otu00604,0,0,0,0,0,0,0,0,0,0,0,0.000504541,0,0,0,0,0,0,0,0,0,0,0,0,0,0,0,0,0,0
Otu00605,0,0,0,0,0,0,0,0,0,0,0,0,0,0,0,0,0,0,0,0,0,0,0,0,0,0,0.004040404,0,0,0
Otu00607,0,0,0,0,0,0,0,0,0,0,0,0,0,0,0.000655523,0,0,0,0,0,0,0,0,0,0,0,0,0,0,0
Otu00608,0,0,0,0,0,0,0,0,0,0,0,0,0,0,0,0,0,0,0,0,0,0,0,0,0,0,0,0,0,0
Otu00609,0,0,0,0,0,0,0,0,0,0,0.001039501,0,0,0,0,0,0,0,0,0,0,0,0,0,0,0,0,0,0,0
Otu00611,0,0,0,0,0,0,0,0,0,0,0,0,0,0,0,0,0,0,0,0,0,0,0,0,0,0,0,0,0,0
Otu00614,0,0,0,0,0,0,0,0,0,0,0,0,0,0,0,0,0,0,0,0,0,0,0,0,0,0,0,0,0,0
Otu00615,0,0,0,0,0,0,0,0,0,0,0,0,0,0,0,0,0,0,0,0,0,0,0,0,0,0,0,0,0,0
Otu00616,0,0,0,0,0,0,0,0,0,0,0,0,0,0,0,0,0,0,0,0,0,0,0,0,0,0,0,0,0,0
Otu00617,0,0,0,0,0,0,0,0,0,0,0,0,0,0,0,0,0,0,0,0,0,0,0,0,0,0,0,0,0,0.007968127
Otu00620,0,0,0,0,0,0,0,0,0,0,0,0,0,0,0,0,0,0,0,0,0,0,0,0,0,0,0,0,0,0
Otu00621,0,0,0,0,0,0,0,0,0,0,0,0,0,0,0,0,0,0,0,0,0,0,0,0,0,0,0,0,0,0.007968127
Otu00623,0,0,0,0,0,0,0,0,0,0,0,0,0.001304631,0,0,0,0,0,0,0,0,0,0,0,0,0,0,0,0,0
Otu00624,0,0,0,0,0,0,0,0,0,0,0,0,0,0,0,0,0,0,0,0,0,0,0,0,0,0,0,0,0,0
Otu00625,0,0,0,0,0,0,0,0,0,0,0,0.00148075,0,0,0,0,0,0,0,0,0,0,0,0,0,0,0,0,0,0
Otu00627,0,0,0,0,0,0,0,0,0,0,0,0,0,0,0,0,0,0,0,0,0,0,0,0,0,0,0,0,0,0
Otu00628,0,0,0,0,0,0,0,0,0,0,0,0,0,0,0,0,0,0,0,0,0,0,0,0,0,0,0,0,0,0
Otu00629,0,0,0,0,0,0,0,0,0,0,0,0,0,0,0.000990099,0,0,0,0,0,0,0,0,0,0,0,0,0,0,0
Otu00631,0,0,0,0,0,0,0,0,0,0,0,0,0,0,0,0,0,0,0,0,0,0,0,0,0,0,0,0,0,0
Otu00632,0,0,0,0,0,0,0,0,0,0,0,0,0,0,0,0,0,0,0,0,0,0,0,0,0,0,0,0,0,0
Otu00633,0,0,0,0,0,0,0,0,0,0,0,0,0,0.002624672,0,0,0,0,0,0,0,0,0,0,0,0,0,0,0,0
Otu00638,0,0,0,0,0,0,0,0,0,0,0,0,0,0,0.000329056,0,0,0,0,0,0,0,0,0,0,0,0,0,0,0
Otu00639,0,0,0,0,0,0,0,0,0,0,0,0,0,0,0,0,0,0,0,0,0,0,0,0,0,0,0,0,0,0
Otu00640,0,0,0,0,0,0,0,0,0,0,0,0,0,0,0,0,0,0,0,0,0,0,0,0,0,0,0.004040404,0,0,0
Otu00643,0,0,0,0,0,0,0,0,0,0,0,0,0,0,0,0,0,0,0,0,0,0,0,0,0,0,0,0,0,0
Otu00645,0,0,0,0,0,0,0,0,0,0,0,0,0,0,0,0,0,0,0,0,0,0,0,0,0,0,0,0,0,0
Otu00646,0,0,0,0,0,0,0,0,0,0,0,0,0,0,0,0,0,0,0,0,0,0,0,0,0,0,0,0,0,0
Otu00647,0,0,0,0,0,0,0,0,0,0,0,0,0,0,0,0,0,0,0,0,0,0,0,0,0,0,0,0,0,0
Otu00649,0,0,0,0,0,0,0,0,0,0,0,0,0,0,0,0,0,0,0,0,0,0,0,0,0,0,0,0,0,0
Otu00650,0,0,0,0,0,0,0,0,0,0,0,0,0,0,0,0,0,0,0,0,0,0,0,0,0,0,0,0,0,0
Otu00651,0,0,0,0,0,0,0,0,0,0,0,0,0,0,0,0,0,0,0,0,0,0,0,0,0,0,0,0,0,0
Otu00652,0,0,0,0,0,0,0,0,0,0,0,0,0,0,0,0,0,0,0,0,0,0,0,0,0,0,0,0,0,0
Otu00654,0,0,0,0,0,0,0,0,0,0,0,0,0,0,0,0,0,0,0,0,0,0,0,0,0,0,0,0,0,0.006972112
Otu00655,0,0,0,0,0,0,0,0,0,0,0,0,0,0,0,0,0,0,0,0,0,0,0,0,0,0,0,0,0,0
Otu00656,0,0,0,0,0,0,0,0,0,0,0,0,0,0,0,0,0,0,0,0,0,0,0,0,0,0,0,0,0,0
Otu00657,0,0,0,0,0,0,0,0,0,0,0,0,0,0,0,0,0,0,0,0,0,0,0,0,0,0,0,0,0,0
Otu00659,0,0,0,0,0,0,0,0,0,0,0,0,0,0,0,0,0,0,0,0,0,0,0,0,0,0,0,0,0,0
Otu00660,0,0,0,0,0,0,0,0,0,0,0,0,0,0,0,0,0,0,0,0,0,0,0,0,0,0,0,0,0,0
Otu00661,0,0,0,0,0,0,0,0,0,0,0,0,0,0,0,0,0,0,0,0,0,0,0,0,0,0,0,0,0.0029615,0
Otu00662,0,0,0,0,0,0,0,0,0,0,0,0,0,0,0,0,0,0,0,0,0,0,0,0,0,0,0,0,0,0
Otu00663,0,0.00098912,0,0,0,0,0,0,0,0,0,0,0,0,0,0,0,0,0,0,0,0,0,0,0,0,0,0,0,0
Otu00664,0,0.00098912,0,0,0,0,0,0,0,0,0,0,0,0,0,0,0,0,0,0,0,0,0,0,0,0,0,0,0,0
Otu00666,0,0,0,0,0,0,0,0.001481481,0,0,0,0,0,0,0,0,0,0,0,0,0,0,0,0,0,0,0,0,0,0
Otu00668,0,0,0,0,0,0,0,0,0,0,0,0,0,0,0,0,0,0,0,0,0,0,0,0,0,0,0,0.003164557,0,0
Otu00670,0,0,0,0,0,0,0,0,0,0,0,0,0,0,0,0,0,0,0,0,0,0,0,0,0,0,0,0,0,0
Otu00671,0,0,0,0,0,0,0,0,0,0,0,0,0,0,0.000329056,0,0,0,0,0,0,0,0,0,0,0,0,0,0,0
Otu00672,0,0,0,0,0,0,0,0,0,0,0,0,0,0,0,0,0,0.000979432,0,0,0,0,0,0,0,0,0,0,0,0
Otu00673,0,0,0,0,0,0,0,0,0,0,0,0,0.000332005,0,0,0,0,0,0,0,0,0,0,0,0,0,0,0,0,0
Otu00676,0,0,0,0,0,0,0,0,0,0,0,0,0,0,0,0,0,0,0,0,0,0,0,0,0,0,0,0,0,0
Otu00677,0,0,0,0,0,0,0,0,0,0,0,0,0,0,0,0,0,0,0,0,0,0,0,0,0,0,0,0,0,0
Otu00678,0,0,0,0,0,0,0,0,0,0,0,0,0,0,0,0,0,0,0,0,0,0,0,0,0,0,0,0,0,0
Otu00681,0,0,0,0,0,0,0,0,0,0,0,0,0,0,0.000990099,0,0,0,0,0,0,0,0,0,0,0,0,0,0,0
Otu00682,0,0,0,0,0,0,0,0,0,0,0,0,0,0,0,0,0,0,0,0,0,0,0,0,0,0,0,0,0,0
Otu00685,0,0,0,0,0,0,0,0,0,0,0,0,0,0,0,0,0,0,0,0,0,0,0,0,0,0,0,0,0,0
Otu00687,0,0,0,0,0,0,0,0,0,0,0,0,0,0,0,0,0,0,0,0,0,0,0,0,0,0,0,0,0,0
Otu00688,0,0,0,0,0,0,0,0,0,0,0,0,0,0,0,0,0,0,0,0,0,0,0,0,0,0,0,0,0,0
Otu00694,0,0,0,0,0,0,0,0,0,0,0,0,0,0,0,0,0,0,0,0,0,0,0,0,0,0,0,0,0,0
Otu00695,0,0,0,0,0,0,0,0,0,0,0,0,0,0,0,0,0,0,0,0,0,0,0,0,0,0,0,0,0,0
Otu00696,0,0,0,0,0,0,0,0,0,0,0,0,0,0,0,0,0,0,0,0,0,0,0,0,0,0,0,0,0,0
Otu00697,0,0,0,0,0,0,0,0,0,0,0,0,0,0,0,0,0,0,0,0,0,0,0,0,0,0,0,0,0,0
Otu00698,0,0,0,0,0,0,0,0,0,0,0,0,0,0,0,0,0,0,0,0,0,0,0,0,0,0,0,0,0,0
Otu00701,0,0,0,0,0,0,0,0,0,0,0,0,0,0,0,0,0,0,0,0,0,0,0,0,0,0,0,0,0,0
Otu00704,0,0,0,0,0,0,0,0,0,0,0,0,0,0,0,0,0,0,0,0,0,0,0,0,0,0,0,0,0,0
Otu00706,0,0,0,0,0,0,0,0,0,0,0,0,0,0,0,0,0,0,0,0,0,0,0,0,0,0,0,0,0,0
Otu00707,0,0,0,0,0,0,0,0,0,0,0,0,0,0,0,0,0,0,0,0,0,0,0,0,0,0,0,0,0,0
Otu00709,0,0,0,0,0,0,0,0,0,0,0,0,0,0,0,0,0,0,0,0,0,0,0,0,0,0,0,0,0,0
Otu00712,0,0,0,0,0,0,0,0,0,0,0.000659413,0,0,0,0,0,0,0,0,0,0,0,0,0,0,0,0,0,0,0
Otu00713,0,0,0,0,0,0,0,0,0,0,0,0,0,0,0,0,0,0,0,0,0,0,0,0,0,0,0,0,0,0
Otu00718,0,0,0,0,0,0,0,0,0,0,0,0,0,0,0,0,0,0,0,0,0,0,0,0,0,0,0,0,0,0
Otu00721,0,0,0,0,0,0,0,0,0,0,0,0,0,0,0,0,0,0,0,0,0,0,0,0,0,0,0,0,0,0
Otu00722,0,0,0,0,0,0,0,0,0,0,0,0,0,0,0,0,0,0,0,0,0,0,0,0,0,0,0,0,0,0
Otu00724,0,0,0,0,0,0,0,0,0,0,0,0,0,0,0,0,0,0,0,0,0,0,0,0,0,0,0,0,0,0
Otu00727,0,0,0,0,0,0,0,0,0,0,0,0,0,0,0,0,0,0,0,0,0,0,0,0,0,0,0,0,0,0
Otu00729,0,0,0,0,0,0,0,0,0,0,0,0,0,0,0,0,0,0,0,0,0,0,0,0,0,0,0,0,0,0
Otu00731,0,0,0,0,0,0,0,0,0,0,0,0,0,0.001968504,0,0,0,0,0,0,0,0,0,0,0,0,0,0,0,0
Otu00732,0,0,0,0.000981354,0,0,0,0,0,0,0,0,0,0,0,0,0,0,0,0,0,0,0,0,0,0,0,0,0,0
Otu00734,0,0,0,0,0,0,0,0,0,0,0.002688172,0,0,0,0,0,0,0,0,0,0,0,0,0,0,0,0,0,0,0
Otu00735,0,0,0,0,0,0,0,0,0,0,0,0,0,0,0,0,0,0,0,0,0,0,0,0,0,0,0,0,0,0
Otu00736,0.000326477,0,0,0,0,0,0,0,0,0,0,0,0,0,0,0,0,0,0,0,0,0,0,0,0,0,0,0,0,0
Otu00739,0,0,0,0,0,0,0,0,0,0,0,0,0,0,0,0,0,0,0,0,0,0,0,0,0,0,0,0,0,0
Otu00740,0,0,0,0,0,0,0,0,0,0,0,0,0,0,0,0,0,0,0,0,0,0,0,0,0,0,0,0,0,0
Otu00741,0,0.00098912,0,0,0,0,0,0,0,0,0,0,0,0,0,0,0,0,0,0,0,0,0,0,0,0,0,0,0,0
Otu00743,0,0,0,0,0,0,0,0,0,0,0,0,0.000332005,0,0,0,0,0,0,0,0,0,0,0,0,0,0,0,0,0
Otu00746,0,0,0,0,0,0,0,0,0,0,0,0,0,0,0,0,0,0,0,0,0,0,0,0,0,0,0,0,0,0
Otu00747,0,0,0,0,0,0,0,0,0,0,0,0,0,0,0,0,0,0,0,0,0,0,0,0,0,0,0,0,0,0
Otu00749,0,0,0,0,0,0,0,0,0,0,0,0,0,0.00164042,0,0,0,0,0,0,0,0,0,0,0,0,0,0,0,0
Otu00752,0,0,0,0,0,0,0,0,0,0,0,0,0,0.000326797,0,0,0,0,0,0,0,0,0,0,0,0,0,0,0,0
Otu00753,0,0,0,0,0,0,0,0,0,0,0,0,0,0.000326797,0,0,0,0,0,0,0,0,0,0,0,0,0,0,0,0
Otu00754,0,0,0,0,0,0,0,0,0,0,0.000693001,0,0,0,0,0,0,0,0,0,0,0,0,0,0,0,0,0,0,0
Otu00765,0,0,0,0,0,0,0,0,0,0,0,0,0,0.000326797,0,0,0,0,0,0,0,0,0,0,0,0,0,0,0,0
Otu00767,0,0,0,0,0,0,0,0,0,0,0,0,0,0,0,0,0,0,0,0,0,0,0,0,0,0,0,0,0,0
Otu00770,0,0,0,0,0,0,0,0,0,0,0,0,0,0,0,0,0,0,0,0,0,0,0,0,0,0,0.003030303,0,0,0
Otu00772,0,0,0,0,0,0,0,0,0,0,0,0,0,0,0,0,0,0,0,0,0,0,0,0,0,0,0,0,0,0
Otu00773,0,0,0,0,0,0,0,0,0,0,0,0,0,0,0,0,0,0,0,0,0,0,0,0,0,0,0,0,0,0
Otu00776,0,0,0,0,0,0,0,0,0,0,0,0,0,0,0,0,0,0,0,0,0,0,0,0,0,0,0,0,0,0
Otu00780,0,0,0,0,0,0,0,0,0,0,0,0,0,0,0,0,0,0,0,0,0,0,0,0,0,0,0,0,0,0
Otu00781,0,0,0,0,0,0,0,0,0,0,0,0,0,0,0,0,0,0,0,0,0,0,0,0,0,0,0,0,0,0
Otu00782,0,0,0,0,0,0,0,0,0,0,0,0,0,0,0,0,0,0,0,0,0,0,0,0,0,0,0.003030303,0,0,0
Otu00786,0,0,0,0,0,0,0,0,0,0,0,0,0,0,0,0,0,0,0,0,0,0,0,0,0,0,0,0,0,0
Otu00789,0,0,0,0,0,0,0,0,0,0,0,0,0,0,0,0,0,0,0,0,0,0,0,0,0,0,0,0,0,0
Otu00792,0,0,0,0,0,0,0,0,0,0,0,0,0,0,0,0,0,0,0,0,0,0,0,0,0,0,0,0,0,0
Otu00795,0,0,0,0,0,0,0,0,0,0,0,0,0,0,0,0,0,0,0,0,0,0,0,0,0,0,0,0,0,0
Otu00796,0,0,0,0,0,0,0,0,0,0,0,0,0,0,0,0,0,0.000979432,0,0,0,0,0,0,0,0,0,0,0,0
Otu00798,0,0,0,0,0,0,0,0,0,0,0,0,0,0,0,0,0,0,0,0,0,0,0,0,0,0,0,0,0.001974334,0
Otu00799,0,0,0,0,0,0,0,0,0,0,0,0,0,0,0,0,0,0,0,0,0,0,0,0,0,0,0,0,0,0
Otu00804,0,0,0,0,0,0,0,0,0,0,0,0,0,0,0,0,0,0,0,0,0,0,0,0,0,0.008179959,0,0,0,0
Otu00809,0,0,0,0,0,0,0,0,0,0,0,0,0,0,0,0,0,0,0,0,0,0,0,0,0,0,0,0,0,0
Otu00813,0,0,0,0,0,0,0,0,0,0,0,0,0,0,0,0,0,0,0,0,0,0,0,0,0,0,0,0,0,0
Otu00814,0,0,0,0,0,0,0,0,0,0,0,0,0,0,0,0,0,0,0,0,0,0,0,0,0,0,0,0,0,0
Otu00821,0,0,0,0,0,0,0,0,0,0,0.000329707,0,0,0,0,0,0,0,0,0,0,0,0,0,0,0,0,0,0,0
Otu00822,0,0,0,0,0,0,0,0,0,0,0,0,0,0,0,0,0,0,0,0,0,0,0,0,0,0,0,0,0,0
Otu00824,0,0,0,0,0,0,0,0,0,0.002,0,0,0,0,0,0,0,0,0,0,0,0,0,0,0,0,0,0,0,0
Otu00828,0,0,0,0,0,0,0,0,0,0,0,0,0,0,0,0,0,0,0,0,0,0,0,0,0,0,0,0,0,0
Otu00830,0,0,0,0,0,0,0,0,0,0,0,0,0,0,0,0,0,0,0.004906771,0,0,0,0,0,0,0,0,0,0,0
Otu00833,0,0,0,0,0,0,0,0,0,0,0,0,0,0,0,0,0,0,0,0,0,0,0,0,0,0,0,0,0,0
Otu00836,0,0,0,0,0,0,0,0,0,0,0,0,0,0,0,0,0,0,0,0,0,0,0,0,0,0,0,0,0,0
Otu00841,0,0,0,0,0,0,0,0,0,0,0,0,0,0,0,0,0,0,0,0,0,0,0,0,0,0,0,0,0,0
Otu00847,0,0.00098912,0,0,0,0,0,0,0,0,0,0,0,0,0,0,0,0,0,0,0,0,0,0,0,0,0,0,0,0
Otu00848,0,0,0,0,0,0,0,0,0,0,0,0,0,0,0,0,0,0,0,0,0,0,0,0,0,0,0,0,0,0
Otu00849,0,0,0,0,0,0,0,0,0,0,0,0,0,0,0,0,0,0,0,0,0,0,0,0,0,0,0,0,0,0
Otu00851,0,0,0,0,0,0,0,0,0,0,0,0,0,0,0,0,0,0,0,0,0,0,0,0,0,0,0,0,0,0
Otu00852,0,0,0,0,0,0,0,0,0,0,0,0,0,0,0,0,0,0,0,0,0,0,0,0,0,0,0,0,0,0
Otu00857,0,0,0,0,0,0,0,0,0,0,0,0,0,0,0,0,0,0,0,0,0,0,0,0,0,0,0,0,0,0
Otu00861,0,0,0,0,0,0,0,0,0,0,0,0,0,0,0,0,0,0,0,0,0,0,0,0,0,0,0,0,0,0
Otu00864,0,0,0,0,0,0,0,0,0,0,0,0,0,0,0,0,0,0,0,0,0,0,0,0,0,0,0,0,0,0
Otu00867,0,0,0,0,0,0,0,0,0,0,0,0,0,0,0,0,0,0,0,0,0,0,0,0,0,0,0,0,0,0.000996016
Otu00869,0,0,0,0,0,0,0,0,0,0,0,0,0,0,0,0,0,0,0,0,0,0,0,0,0,0,0.002020202,0,0,0
Otu00871,0,0,0,0,0,0,0,0,0,0,0,0,0,0,0,0,0,0,0,0,0,0,0,0,0,0,0,0,0,0
Otu00876,0,0,0,0,0,0,0,0,0,0,0,0,0,0,0,0,0,0,0,0,0,0,0,0,0,0,0,0,0,0
Otu00879,0,0,0,0,0,0,0,0,0,0,0,0,0,0,0,0,0,0,0,0,0,0,0,0,0,0,0,0,0,0
Otu00889,0,0,0,0,0,0,0,0,0,0,0,0,0,0,0,0,0,0,0,0,0,0,0,0,0,0,0,0,0,0
Otu00891,0,0,0,0,0,0,0,0,0,0,0,0,0,0,0,0,0,0,0,0,0,0,0,0,0,0,0,0,0,0
Otu00894,0,0,0,0,0,0,0,0,0,0,0,0,0,0,0,0,0,0,0,0,0,0,0,0,0,0,0,0,0,0
Otu00896,0,0,0,0,0,0,0,0,0,0,0,0,0,0,0,0,0,0,0,0,0,0,0,0,0,0,0,0,0,0
Otu00900,0,0,0,0,0,0,0,0,0,0,0,0,0,0,0,0,0,0,0,0,0,0,0,0,0,0,0,0,0,0
Otu00902,0,0,0,0,0,0,0,0,0,0,0,0,0,0,0,0,0,0.000979432,0,0,0,0,0,0,0,0,0,0,0,0
Otu00905,0,0,0,0,0,0,0,0,0,0,0,0,0,0,0,0,0,0,0,0,0,0,0,0,0,0,0,0,0,0
Otu00912,0,0,0,0,0,0,0,0,0,0,0,0,0,0,0,0,0,0,0,0,0,0,0,0,0,0,0,0,0,0
Otu00913,0,0,0.008316008,0,0,0,0,0,0,0,0,0,0,0,0,0,0,0,0,0,0,0,0,0,0,0,0,0,0,0
Otu00915,0,0,0,0,0,0,0,0,0,0,0,0,0,0,0,0,0,0,0,0,0,0,0,0,0,0,0,0,0,0
Otu00918,0,0,0,0,0,0,0,0,0,0,0,0,0,0,0,0,0,0,0,0,0,0,0,0,0,0.007157464,0,0,0,0
Otu00922,0,0,0,0,0,0,0,0,0,0,0,0,0,0,0,0,0,0,0,0,0,0,0,0,0,0,0,0,0,0
Otu00936,0,0,0,0,0,0,0,0,0,0,0,0,0,0,0,0,0,0,0,0,0,0,0,0,0,0,0,0,0,0.000996016
Otu00937,0,0,0,0,0,0,0,0,0,0,0,0,0,0,0,0,0,0,0,0,0,0,0,0,0,0,0,0,0,0
Otu00940,0,0,0,0,0,0.013071895,0,0,0,0,0,0,0,0,0,0,0,0,0,0,0,0,0,0,0,0,0,0,0,0
Otu00960,0,0,0,0,0,0,0,0,0,0,0,0,0,0,0,0,0,0,0,0,0,0,0,0,0,0,0,0,0,0
Otu00961,0,0,0,0,0,0,0,0,0,0,0,0,0,0,0,0,0,0,0,0,0,0,0,0,0,0,0,0,0,0
Otu00967,0,0,0,0,0,0,0,0,0,0,0,0,0,0,0,0,0,0,0,0,0,0,0,0,0,0,0,0,0.000987167,0
Otu00969,0,0,0,0,0,0,0,0,0,0,0,0,0,0,0,0,0,0,0,0,0,0,0,0,0,0,0,0,0,0
Otu00974,0,0,0,0,0,0,0,0,0,0,0,0,0,0,0,0,0,0,0,0,0,0,0,0,0,0,0,0,0,0
Otu00979,0,0,0,0,0,0,0,0,0,0,0,0,0,0.000984252,0,0,0,0,0,0,0,0,0,0,0,0,0,0,0,0
Otu00987,0,0,0,0,0,0,0,0,0,0,0,0,0,0,0,0,0,0,0,0,0,0,0,0,0,0,0,0,0,0
Otu00990,0,0,0,0,0,0,0,0,0,0,0,0,0,0,0,0,0,0,0,0,0,0,0,0,0,0,0,0,0,0
Otu00993,0,0,0,0,0,0,0,0,0,0,0,0,0,0,0,0,0,0,0,0,0,0,0,0,0,0,0,0,0,0
Otu00996,0,0,0,0,0,0,0,0,0,0,0,0,0,0,0,0,0,0,0,0,0,0,0,0,0,0,0,0,0,0
Otu00998,0,0,0,0,0,0,0,0,0,0,0,0,0,0,0,0,0,0,0,0,0,0,0,0,0,0,0,0,0,0
Otu01022,0,0,0,0,0,0,0,0,0,0,0,0,0,0,0,0,0,0,0,0,0,0,0,0,0,0,0,0,0,0
Otu01034,0,0,0,0,0,0,0,0,0,0,0,0,0,0,0,0,0,0,0,0,0,0,0,0,0,0,0,0,0,0
Otu01038,0,0,0,0,0,0,0,0,0,0,0,0,0,0,0,0,0,0,0,0,0,0,0,0,0,0,0,0,0,0
Otu01039,0,0,0,0,0,0,0,0,0,0,0,0,0,0,0,0,0,0,0,0,0,0,0,0,0,0,0,0,0,0
Otu01048,0,0,0,0,0,0,0,0,0,0,0,0,0.004690117,0,0,0,0,0,0,0,0,0,0,0,0,0,0,0,0,0
Otu01051,0,0,0,0,0,0,0,0,0,0,0,0,0,0,0,0,0,0,0,0,0,0,0,0,0,0,0,0,0,0
Otu01065,0,0,0,0,0,0,0,0,0,0,0,0,0,0,0,0,0,0,0,0,0,0,0,0,0,0,0,0,0,0
Otu01084,0,0,0,0,0,0.006535948,0,0,0,0,0,0,0,0,0,0,0,0,0,0,0,0,0,0,0,0,0,0,0,0
Otu01085,0,0,0,0,0,0,0,0,0,0,0,0,0,0,0,0,0,0,0,0,0,0,0,0,0,0,0,0,0,0
Otu01110,0,0,0,0,0,0,0,0,0,0,0,0,0,0,0,0,0,0,0,0,0,0,0,0,0,0,0,0,0,0
Otu01115,0,0,0,0,0,0,0,0,0,0,0,0,0,0,0,0,0,0,0,0,0,0,0,0,0,0,0,0,0,0
Otu01117,0,0,0,0,0,0.032679739,0,0,0,0,0,0,0,0,0,0,0,0,0,0,0,0,0,0,0,0,0,0,0,0
Otu01118,0,0,0,0,0.000325203,0,0,0,0,0,0,0,0,0,0,0,0,0,0,0,0,0,0,0,0,0,0,0,0,0
Otu01128,0,0,0,0,0,0,0,0,0,0,0,0,0,0,0,0,0,0,0,0,0,0,0,0,0,0,0,0,0,0
Otu01148,0,0,0,0,0,0,0,0,0,0,0,0,0,0,0,0,0,0,0,0,0,0,0,0,0,0,0,0,0,0
Otu01157,0,0,0,0,0,0,0,0,0,0,0,0,0,0,0,0,0,0,0,0,0,0,0,0,0,0,0,0,0,0
Otu01175,0,0,0,0,0,0,0,0,0,0,0,0,0.004020101,0,0,0,0,0,0,0,0,0,0,0,0,0,0,0,0,0
Otu01190,0,0,0,0,0,0,0,0,0,0,0,0,0,0,0,0,0,0,0,0,0,0,0,0,0,0,0,0,0,0
Otu01193,0,0,0,0,0,0,0,0,0,0,0,0,0,0,0,0,0.000981354,0,0,0,0,0,0,0,0,0,0,0,0,0
Otu01198,0,0,0,0,0,0,0,0,0,0,0,0,0.000335008,0,0,0,0,0,0,0,0,0,0,0,0,0,0,0,0,0
Otu01239,0,0,0,0,0,0,0,0,0,0,0,0,0,0,0,0,0,0,0,0,0,0,0,0,0,0,0,0,0,0
Otu01240,0,0,0,0,0,0,0,0,0,0,0,0,0,0,0,0,0,0,0,0,0,0,0,0,0,0,0,0,0,0
Otu01249,0,0,0,0,0,0,0,0,0,0,0,0,0,0,0,0,0,0,0,0,0,0,0,0,0,0,0,0,0,0
Otu01253,0,0,0,0,0,0.039215686,0,0,0,0,0,0,0,0,0,0,0,0,0,0,0,0,0,0,0,0,0,0,0,0
Otu01257,0,0,0,0,0,0,0,0,0,0,0,0,0,0,0,0,0,0,0,0,0,0,0,0,0,0,0,0,0,0
Otu01260,0,0,0,0,0,0,0,0,0,0,0,0.000493583,0,0,0,0,0,0,0,0,0,0,0,0,0,0,0,0,0,0
Otu01263,0,0,0,0,0,0,0,0,0,0,0,0,0,0,0,0,0,0,0,0,0,0,0,0,0,0,0,0.001054852,0,0
Otu01269,0,0,0,0,0,0,0,0,0.000522466,0,0,0,0,0,0,0,0,0,0,0,0,0,0,0,0,0,0,0,0,0
Otu01320,0,0,0,0,0,0,0,0,0,0,0,0,0,0,0,0,0,0,0,0,0,0,0,0,0,0,0,0,0,0
Otu01337,0,0,0,0,0,0,0,0,0,0,0,0,0,0,0,0,0,0,0,0,0,0,0,0,0,0,0,0,0,0
Otu01363,0,0,0,0,0,0.019607843,0,0,0,0,0,0,0,0,0,0,0,0,0,0,0,0,0,0,0,0,0,0,0,0
Otu01377,0,0,0,0,0,0,0,0,0,0,0,0,0,0,0,0,0,0,0,0,0,0,0,0,0,0,0,0,0,0
Otu01378,0,0,0,0,0,0,0,0,0,0,0,0,0,0.000656168,0,0,0,0,0,0,0,0,0,0,0,0,0,0,0,0
Otu01383,0,0,0,0,0,0,0,0,0,0,0,0,0,0,0,0,0,0,0,0,0,0,0,0,0,0,0,0,0,0
Otu01384,0,0,0,0,0.000984252,0,0,0,0,0,0,0,0,0,0,0,0,0,0,0,0,0,0,0,0,0,0,0,0,0
Otu01414,0,0,0,0,0,0,0,0,0,0,0,0,0,0,0,0,0,0,0,0,0,0,0,0,0,0,0,0,0,0
Otu01423,0,0,0,0,0,0,0,0,0,0,0,0,0,0,0,0,0,0,0,0,0,0,0,0,0,0,0,0,0,0
Otu01428,0,0,0,0,0,0,0,0,0,0,0,0,0,0,0,0,0,0,0,0,0,0,0,0,0,0,0,0,0,0
Otu01459,0,0,0,0,0,0.019607843,0,0,0,0,0,0,0,0,0,0,0,0,0,0,0,0,0,0,0,0,0,0,0,0
Otu01463,0,0,0,0,0,0,0,0,0,0,0,0,0,0,0,0,0,0,0,0,0,0,0,0,0,0,0,0,0,0
Otu01502,0,0,0,0,0,0.006535948,0,0,0,0,0,0,0,0,0,0,0,0,0,0,0,0,0,0,0,0,0,0,0,0
Otu01506,0,0,0,0,0,0,0,0,0,0,0,0,0,0,0,0,0,0,0,0,0,0,0,0,0,0,0,0,0.000987167,0
Otu01519,0,0,0,0,0,0,0,0,0,0,0,0,0,0,0,0,0,0,0.001962709,0,0,0,0,0,0,0,0,0,0,0
Otu01521,0,0,0,0,0,0,0,0,0,0,0,0,0,0,0,0,0,0,0,0,0,0,0,0,0,0,0,0,0,0
Otu01522,0,0,0,0,0,0,0,0,0,0,0,0,0,0,0,0,0,0,0,0,0,0,0,0,0,0,0,0,0,0
Otu01534,0,0,0,0,0,0,0,0,0,0.001,0,0,0,0,0,0,0,0,0,0,0,0,0,0,0,0,0,0,0,0
Otu01567,0,0,0,0,0,0,0,0,0,0,0,0,0,0,0,0,0,0,0,0,0,0,0,0,0,0,0,0,0,0
Otu01611,0,0,0,0,0,0,0,0,0,0,0,0,0,0,0,0,0,0,0,0,0,0,0,0,0,0,0,0,0,0
Otu01615,0,0,0,0,0,0,0,0,0,0,0,0,0,0,0,0,0,0,0,0,0,0,0,0,0,0,0,0,0,0
Otu01667,0,0,0,0,0,0,0,0,0,0,0,0,0,0,0,0,0,0,0,0,0,0,0,0,0,0,0,0,0,0
Otu01668,0,0,0,0,0,0,0,0,0,0,0,0,0,0,0,0,0,0,0,0,0,0,0,0,0,0,0,0,0,0
Otu01669,0,0,0,0,0,0,0,0,0,0,0,0,0,0,0,0,0,0,0,0,0,0,0,0,0,0,0,0,0,0
Otu01683,0,0,0,0,0,0,0,0,0,0,0,0,0,0.000328084,0,0,0,0,0,0,0,0,0,0,0,0,0,0,0,0
Otu01690,0,0,0,0,0,0,0,0,0,0,0,0.000493583,0,0,0,0,0,0,0,0,0,0,0,0,0,0,0,0,0,0
Otu01700,0,0,0,0,0,0,0,0,0,0,0,0,0,0,0,0,0,0,0,0,0,0,0,0,0,0,0,0,0,0
Otu01706,0,0,0,0,0,0,0,0,0,0,0,0,0,0,0,0,0,0,0,0,0,0,0,0,0,0,0.001010101,0,0,0
Otu01710,0,0,0,0,0,0,0,0,0,0,0,0,0,0,0,0,0,0,0,0,0,0,0,0,0,0,0.001010101,0,0,0
Otu01712,0,0,0,0,0,0,0,0,0,0,0,0,0,0,0,0,0,0,0,0,0,0,0,0,0,0,0,0,0,0
Otu01717,0,0,0,0,0,0,0,0,0,0,0,0,0,0,0,0,0,0,0,0,0,0,0,0,0,0,0,0,0,0
Otu01726,0,0,0,0,0,0,0,0,0,0,0,0,0,0,0,0,0,0,0,0,0,0,0,0,0,0,0,0,0,0
Otu01729,0,0,0,0,0,0,0,0,0,0,0,0,0,0,0,0,0,0,0,0,0,0,0,0,0,0,0,0,0,0
Otu01834,0,0,0,0,0,0,0,0,0,0,0,0,0,0,0,0,0,0,0,0,0,0,0,0,0,0,0,0,0,0
Otu01841,0,0,0,0,0,0,0,0,0,0,0,0,0,0,0,0,0,0,0,0,0,0,0,0,0,0,0,0,0,0
Otu01847,0,0,0,0,0,0,0,0,0,0,0,0,0,0,0,0,0,0,0,0,0,0,0,0,0,0,0,0,0,0
Otu01993,0,0,0,0,0,0,0,0,0,0,0,0,0,0,0,0,0,0,0,0,0,0,0,0,0,0,0,0,0,0
Otu02005,0,0,0,0,0,0,0,0,0,0,0,0,0,0,0,0,0,0,0,0,0,0,0,0,0,0,0,0,0,0
Otu02007,0,0,0,0,0,0,0,0,0,0,0,0,0,0,0,0,0,0,0,0,0,0,0,0,0,0,0,0,0,0
Otu02045,0,0,0,0,0,0,0,0,0,0,0,0,0.000335008,0,0,0,0,0,0,0,0,0,0,0,0,0,0,0,0,0
Otu02092,0,0,0,0,0,0,0,0,0,0,0,0,0,0,0,0,0,0,0,0,0,0,0,0,0,0,0,0,0,0
Otu02098,0,0,0,0,0,0,0,0,0,0,0,0,0,0,0,0,0,0,0,0,0,0,0,0,0,0,0,0,0,0
Otu02110,0,0,0,0,0,0,0,0,0,0,0,0,0,0,0,0,0,0,0,0,0,0,0,0,0,0,0,0,0,0
Otu02131,0,0,0,0,0,0,0,0,0,0,0,0,0,0,0,0,0,0,0,0,0,0,0,0,0,0,0,0,0,0
Otu02142,0,0,0,0,0,0,0,0,0,0,0,0,0,0,0,0,0,0,0,0,0,0,0,0,0,0,0,0,0,0
Otu02193,0,0,0,0,0,0,0,0,0,0,0,0,0,0,0,0,0,0,0,0,0,0,0,0,0,0.001022495,0,0,0,0
Otu02235,0,0,0,0,0,0.019607843,0,0,0,0,0,0,0,0,0,0,0,0,0,0,0,0,0,0,0,0,0,0,0,0
Otu02273,0,0,0,0,0,0,0,0,0,0,0,0,0,0,0,0,0,0,0,0,0,0,0,0,0,0,0,0,0,0
Otu02296,0,0,0,0,0,0,0,0,0,0,0,0,0,0.000328084,0,0,0,0,0,0,0,0,0,0,0,0,0,0,0,0
Otu02317,0,0,0,0,0,0,0,0,0,0,0,0.000493583,0,0,0,0,0,0,0,0,0,0,0,0,0,0,0,0,0,0
Otu02335,0,0,0.001039501,0,0,0,0,0,0,0,0,0,0,0,0,0,0,0,0,0,0,0,0,0,0,0,0,0,0,0
Otu02337,0,0,0,0,0,0,0,0,0,0,0,0,0,0,0,0,0,0,0,0,0,0,0,0,0,0,0,0,0,0
Otu02422,0,0,0,0,0,0,0,0,0,0,0,0,0.000335008,0,0,0,0,0,0,0,0,0,0,0,0,0,0,0,0,0
Otu02425,0,0,0,0,0,0.006535948,0,0,0,0,0,0,0,0,0,0,0,0,0,0,0,0,0,0,0,0,0,0,0,0
Otu02437,0,0,0,0,0,0.013071895,0,0,0,0,0,0,0,0,0,0,0,0,0,0,0,0,0,0,0,0,0,0,0,0
Otu02486,0,0,0,0,0,0,0,0,0,0,0,0,0,0,0,0,0,0,0,0,0,0,0,0,0,0,0,0,0,0
Otu02652,0,0,0,0,0,0,0,0,0,0,0,0,0,0,0,0,0,0,0,0,0,0,0,0,0,0,0,0,0,0
Otu02671,0,0,0,0,0,0,0,0,0,0,0,0,0,0,0,0,0,0,0,0,0,0,0,0,0,0,0,0,0,0
Otu02686,0,0,0,0,0,0,0,0,0,0,0,0,0,0,0,0,0,0,0,0,0,0,0,0,0,0,0,0,0,0
Otu02703,0,0,0,0,0,0,0,0,0,0,0,0,0,0,0,0,0,0,0,0,0,0,0,0,0,0,0,0,0,0
Otu02706,0,0,0,0,0,0,0,0,0,0,0,0,0,0,0,0,0,0,0,0,0,0,0,0,0,0,0,0,0,0
Otu02773,0,0,0,0,0,0,0,0,0,0,0,0,0,0,0,0,0,0,0,0,0,0,0,0,0,0,0,0,0,0
Otu02776,0,0,0,0,0,0,0,0,0,0,0,0,0,0,0,0,0,0,0,0,0,0,0,0,0,0,0,0,0,0
Otu02849,0,0,0,0,0,0,0,0,0,0,0,0,0,0,0,0,0,0,0,0,0,0,0,0,0,0,0,0,0,0
Otu03053,0,0,0,0,0,0,0,0,0,0,0,0,0,0,0,0,0,0,0,0,0,0,0,0,0,0,0,0,0,0
Otu03054,0,0,0,0,0,0,0,0,0,0,0,0,0,0,0,0,0,0,0,0,0,0,0,0,0,0,0,0,0,0
Otu03102,0,0,0,0,0,0,0,0,0,0,0,0,0,0,0,0,0,0,0,0,0,0,0,0,0,0,0,0,0,0
Otu03169,0,0,0,0,0,0,0,0,0,0,0,0,0,0,0,0,0,0,0,0,0,0,0,0,0,0,0,0,0,0
Otu03215,0,0,0,0,0,0,0,0,0,0,0,0,0,0,0,0,0,0,0,0,0,0,0,0,0,0,0,0,0,0
Otu03233,0,0,0,0,0,0,0,0,0,0,0,0,0,0,0,0,0,0,0,0,0,0,0,0,0,0,0,0,0,0
Otu03274,0,0,0,0,0,0,0,0,0,0,0,0,0,0,0,0,0,0,0,0,0,0,0,0,0,0,0,0,0,0
Otu03482,0,0,0,0,0,0,0,0,0,0,0,0,0,0,0,0,0,0,0,0,0,0,0,0,0,0,0,0,0,0
Otu03521,0,0,0,0,0,0,0,0,0,0,0.000336022,0,0,0,0,0,0,0,0,0,0,0,0,0,0,0,0,0,0,0
Otu03553,0,0,0,0,0,0,0,0,0,0,0,0,0,0,0,0,0,0,0,0,0,0,0,0,0,0,0,0,0,0
Otu03562,0,0,0,0,0,0,0,0,0,0,0,0,0,0,0,0,0,0,0,0,0,0,0,0,0,0,0,0,0,0
Otu03660,0,0,0,0,0,0,0,0,0,0,0,0,0,0,0,0,0,0,0,0,0,0,0,0,0,0,0,0,0,0
Otu03698,0,0,0,0,0,0,0,0,0,0,0,0,0,0,0,0,0,0,0,0,0,0,0,0,0,0,0,0,0,0
Otu03823,0,0,0,0,0,0,0,0,0,0,0,0,0,0,0,0,0,0,0,0,0,0,0,0,0,0,0,0,0,0
Otu03826,0,0,0,0,0,0,0,0,0,0,0,0,0,0,0,0,0,0,0,0,0,0,0,0,0,0,0,0,0,0
Otu03831,0,0,0,0,0,0,0,0,0,0,0,0,0,0,0,0,0,0,0,0,0,0,0,0,0,0,0,0,0,0
Otu03833,0,0,0,0,0,0,0,0,0,0,0,0,0,0,0,0,0,0,0,0,0,0,0,0,0,0,0,0,0,0
Otu03872,0,0,0,0,0,0,0,0,0,0,0,0,0,0,0,0,0,0,0,0,0,0,0,0,0,0,0,0,0,0
Otu03881,0,0,0,0,0,0,0,0,0,0,0,0,0,0,0,0,0,0,0,0,0,0,0,0,0,0,0,0,0,0
Otu03915,0,0,0,0,0,0,0,0,0,0,0,0,0,0,0,0,0,0,0,0,0,0,0,0,0,0,0,0,0,0
Otu03941,0,0,0,0,0,0,0,0,0,0,0,0,0,0,0,0,0,0,0,0,0,0,0,0,0,0,0,0,0,0
Otu04063,0,0,0,0,0,0,0,0,0,0,0,0,0.000335008,0,0,0,0,0,0,0,0,0,0,0,0,0,0,0,0,0
Otu04265,0,0,0,0,0,0,0,0,0,0,0,0,0,0,0,0,0,0,0,0,0,0,0,0,0,0,0,0,0,0
Otu04325,0,0,0,0,0,0,0,0,0,0,0,0,0.000335008,0,0,0,0,0,0,0,0,0,0,0,0,0,0,0,0,0
Otu04348,0,0,0,0,0,0,0,0,0,0,0,0,0.000335008,0,0,0,0,0,0,0,0,0,0,0,0,0,0,0,0,0
Otu04426,0,0,0,0,0,0,0,0,0,0,0,0,0,0,0,0,0,0,0,0,0,0,0,0,0,0,0,0,0,0
Otu04443,0,0,0,0,0,0,0,0,0,0,0,0,0,0,0,0,0,0,0,0,0,0,0,0,0,0,0,0,0,0
Otu04483,0,0,0,0,0,0,0,0,0,0,0,0,0,0,0,0,0,0,0,0,0,0,0,0,0,0,0,0,0,0
Otu04512,0,0,0,0,0,0,0,0,0,0,0,0,0.000335008,0,0,0,0,0,0,0,0,0,0,0,0,0,0,0,0,0
Otu04573,0,0,0,0,0,0,0,0,0,0,0,0,0,0,0,0,0,0,0,0,0,0,0,0,0,0,0,0,0,0
Otu04645,0,0,0,0,0,0,0,0,0,0,0,0,0,0,0,0,0,0,0,0,0,0,0,0,0,0,0,0,0,0
Otu04648,0,0,0,0,0,0,0,0,0,0,0,0,0,0,0,0,0,0,0,0,0,0,0,0,0,0,0,0,0,0
Otu04651,0,0,0,0,0,0,0,0,0,0,0,0,0,0,0,0,0,0,0,0,0,0,0,0,0,0.001022495,0,0,0,0
Otu04679,0,0,0,0,0,0,0,0,0,0,0,0,0,0,0,0,0,0,0,0,0,0,0,0,0,0,0,0,0,0
Otu04685,0,0,0,0,0,0.006535948,0,0,0,0,0,0,0,0,0,0,0,0,0,0,0,0,0,0,0,0,0,0,0,0
Otu04841,0,0,0,0,0,0,0,0,0,0,0,0,0,0,0,0,0,0,0,0,0,0,0,0,0,0,0,0,0,0
Otu04857,0,0,0,0,0,0,0,0,0,0,0,0,0,0,0,0,0,0,0,0,0,0,0,0,0,0,0,0,0,0
Otu04858,0,0,0,0,0,0,0,0,0,0,0,0,0,0,0,0,0,0,0,0,0,0,0,0,0,0,0,0,0,0
Otu04880,0,0,0,0,0,0,0,0,0,0,0,0,0,0,0,0,0,0,0,0,0,0,0,0,0,0,0,0,0,0
Otu04896,0,0,0,0,0,0,0,0,0,0,0,0,0,0,0,0,0,0,0,0,0,0,0,0,0,0,0,0,0,0
Otu04909,0,0,0,0,0,0,0,0,0,0,0,0,0,0,0,0,0,0,0,0,0,0,0,0,0,0,0,0,0,0
Otu05091,0,0,0,0,0,0,0,0,0,0,0,0,0,0,0,0,0,0,0,0,0,0,0,0,0,0,0,0,0,0
Otu05199,0,0,0,0,0,0,0,0,0,0,0,0,0,0,0,0,0,0,0,0,0,0,0,0,0,0,0,0,0,0
Otu05325,0,0,0,0,0,0,0,0,0,0,0,0,0,0,0,0,0,0,0,0,0,0,0,0,0,0,0,0,0,0
Otu05403,0,0,0,0,0,0,0,0,0,0,0,0,0,0,0,0,0,0,0,0,0,0,0,0,0,0,0,0,0,0
Otu05679,0,0,0,0,0,0,0,0,0,0,0,0,0,0,0,0,0,0,0,0,0,0,0,0,0,0,0,0,0,0
Otu06181,0,0,0,0,0,0,0,0,0,0,0,0,0.000335008,0,0,0,0,0,0,0,0,0,0,0,0,0,0,0,0,0
Otu06184,0,0,0,0,0,0,0,0,0,0,0,0,0,0,0,0,0,0,0,0,0,0,0,0,0,0,0,0,0,0
Otu06260,0,0,0,0,0,0,0,0,0,0,0,0,0,0,0,0,0,0,0,0,0,0,0,0,0,0,0,0,0,0
Otu06266,0,0,0,0,0,0,0,0,0,0,0,0,0,0,0,0,0,0,0,0,0,0,0,0,0,0,0,0,0,0
Otu06277,0,0,0,0,0,0,0,0,0,0,0,0,0,0,0,0,0,0,0,0,0,0,0,0,0,0,0,0,0,0
Otu06408,0,0,0,0,0,0,0,0,0,0,0,0,0,0,0,0,0,0,0,0,0,0,0,0,0,0,0,0,0,0
Otu06412,0,0,0,0,0,0,0,0,0,0,0,0,0,0,0,0,0,0,0,0,0,0,0,0,0,0,0,0,0,0
Otu06503,0,0,0,0,0,0,0,0,0,0,0,0,0.000335008,0,0,0,0,0,0,0,0,0,0,0,0,0,0,0,0,0
Otu06669,0,0,0,0,0,0,0,0,0,0,0,0,0,0,0,0,0,0,0,0,0,0,0,0,0,0,0,0,0,0
Otu06726,0,0,0,0,0,0,0,0,0,0,0,0,0,0,0,0,0,0,0,0,0,0,0,0,0,0,0,0,0,0
Otu06727,0,0,0,0,0,0,0,0,0,0,0,0,0,0,0,0,0,0,0,0,0,0,0,0,0,0,0,0,0,0
Otu06734,0,0,0,0,0,0,0,0,0,0,0,0,0,0,0,0,0,0,0,0,0,0,0,0,0,0,0,0,0,0
Otu06749,0,0,0,0,0,0,0,0,0,0,0,0,0,0,0,0,0,0,0,0,0,0,0,0,0,0,0,0,0,0
Otu06750,0,0,0,0,0,0,0,0,0,0,0,0,0,0,0,0,0,0,0,0,0,0,0,0,0,0,0,0,0,0
Otu06763,0,0,0,0,0,0,0,0,0,0,0,0,0,0,0,0,0,0,0,0,0,0,0,0,0,0,0,0,0,0
Otu06920,0,0,0,0,0,0,0,0,0,0,0,0,0.000335008,0,0,0,0,0,0,0,0,0,0,0,0,0,0,0,0,0
Otu06988,0,0,0,0,0,0,0,0,0,0,0,0,0,0,0,0,0,0,0,0,0,0,0,0,0,0,0,0,0,0
Otu07003,0,0,0,0,0,0,0,0,0,0,0,0,0,0,0,0,0,0,0,0,0,0,0,0,0,0,0,0,0,0
Otu07109,0,0,0,0,0,0,0,0,0,0,0,0,0,0,0,0,0,0,0,0,0,0,0,0,0,0,0,0,0,0
Otu07196,0,0,0,0,0,0,0,0,0,0,0,0,0,0,0,0,0,0,0,0,0,0,0,0,0,0,0,0,0,0
Otu07598,0,0,0,0,0,0,0,0,0,0,0,0,0,0,0,0,0,0,0,0,0,0,0,0,0,0,0,0,0,0
Otu07924,0,0,0,0,0,0,0,0,0,0,0,0,0,0,0,0,0,0,0,0,0,0,0,0,0,0,0,0,0,0
Otu08017,0,0,0,0,0,0,0,0,0,0,0,0,0,0,0,0,0,0,0,0,0,0,0,0,0,0,0,0,0,0
Otu08019,0,0,0,0,0,0,0,0,0,0,0,0,0,0,0,0,0,0,0,0,0,0,0,0,0,0,0,0,0,0
Otu08051,0,0,0,0,0,0,0,0,0,0,0,0,0,0,0,0,0,0,0,0,0,0,0,0,0,0,0,0,0,0
Otu08115,0,0,0,0,0,0,0,0,0,0,0,0,0,0,0,0,0,0,0,0,0,0,0,0,0,0,0,0,0,0
Otu08336,0,0,0,0,0,0,0,0,0,0,0,0,0,0,0,0,0,0,0,0,0,0,0,0,0,0,0,0,0,0
Otu08344,0,0,0,0,0,0,0,0,0,0,0,0,0,0,0,0,0,0,0,0,0,0,0,0,0,0,0,0,0,0
Otu08402,0,0,0,0,0,0,0,0,0,0,0,0,0,0,0,0,0,0,0,0,0,0,0,0,0,0,0,0,0,0
Otu08477,0,0,0,0,0,0,0,0,0,0,0,0,0,0,0,0,0,0,0,0,0,0,0,0,0,0,0,0,0,0
Otu09055,0,0,0,0,0,0,0,0,0,0,0,0,0,0,0,0,0,0,0,0,0,0,0,0,0,0,0,0,0,0
Otu09056,0,0,0,0,0,0,0,0,0,0,0,0,0,0,0,0,0,0,0,0,0,0,0,0,0,0,0,0,0,0
Otu09080,0,0,0,0,0,0,0,0,0,0,0,0,0,0,0,0,0,0,0,0,0,0,0,0,0,0,0,0,0,0
Otu09461,0,0,0,0,0,0,0,0,0,0,0,0,0,0,0,0,0,0,0,0,0,0,0,0,0,0,0,0,0,0
Otu09507,0,0,0,0,0,0,0,0,0,0,0,0,0,0,0,0,0,0,0,0,0,0,0,0,0,0,0,0,0,0
Otu09597,0,0,0,0,0,0,0,0,0,0,0,0,0,0,0,0,0,0,0,0,0,0,0,0,0,0,0,0,0,0
Otu09923,0,0,0,0,0,0,0,0,0,0,0,0,0,0,0,0,0,0,0,0,0,0,0,0,0,0,0,0,0,0
Otu09924,0,0,0,0,0,0,0,0,0,0,0,0,0,0,0,0,0,0,0,0,0,0,0,0,0,0,0,0,0,0
Otu09925,0,0,0,0,0,0,0,0,0,0,0,0,0,0,0,0,0,0,0,0,0,0,0,0,0,0,0,0,0,0
Otu09926,0,0,0,0,0,0,0,0,0,0,0,0,0,0,0,0,0,0,0,0,0,0,0,0,0,0,0,0,0,0
Otu09927,0,0,0,0,0,0,0,0,0,0,0,0,0,0,0,0,0,0,0,0,0,0,0,0,0,0,0,0,0,0
Otu09928,0,0,0,0,0,0,0,0,0,0,0,0,0,0,0,0,0,0,0,0,0,0,0,0,0,0,0,0,0,0
Otu09929,0,0,0,0,0,0,0,0,0,0,0,0,0,0,0,0,0,0,0,0,0,0,0,0,0,0,0,0,0,0
Otu09930,0,0,0,0,0,0,0,0,0,0,0,0,0,0,0,0,0,0,0,0,0,0,0,0,0,0,0,0,0,0
Otu10649,0,0,0,0,0,0,0,0,0,0,0,0,0,0,0,0,0,0,0,0,0,0,0,0,0,0,0,0,0,0
Otu11363,0,0,0,0,0,0,0,0,0,0,0,0,0,0,0,0,0,0,0,0,0,0,0,0,0,0,0,0,0,0
Otu11364,0,0,0,0,0,0,0,0,0,0,0,0,0,0,0,0,0,0,0,0,0,0,0,0,0,0,0,0,0,0
Otu11365,0,0,0,0,0,0,0,0,0,0,0,0,0,0,0,0,0,0,0,0,0,0,0,0,0,0,0,0,0,0
Otu11366,0,0,0,0,0,0,0,0,0,0,0,0,0,0,0,0,0,0,0,0,0,0,0,0,0,0,0,0,0,0
Otu11367,0,0,0,0,0,0,0,0,0,0,0,0,0,0,0,0,0,0,0,0,0,0,0,0,0,0,0,0,0,0
Otu11427,0,0,0,0,0,0,0,0,0,0,0,0,0,0,0,0,0,0,0,0,0,0,0,0,0,0,0,0,0,0
Otu12349,0,0,0,0,0,0,0,0,0,0,0,0,0,0,0,0,0,0,0,0,0,0,0,0,0,0,0,0,0,0
Otu12393,0,0,0,0,0,0,0,0,0,0,0,0,0,0,0,0,0,0,0,0,0,0,0,0,0,0,0,0,0,0
Otu12395,0,0,0,0,0,0,0,0,0,0,0,0,0,0,0,0,0,0,0,0,0,0,0,0,0,0,0,0,0,0
Otu12397,0,0,0,0,0,0,0,0,0,0,0,0,0,0,0,0,0,0,0,0,0,0,0,0,0,0,0,0,0,0
Otu12399,0,0,0,0,0,0,0,0,0,0,0,0,0,0,0,0,0,0,0,0,0,0,0,0,0,0,0,0,0,0
Otu12438,0,0,0,0,0,0,0,0,0,0,0,0,0,0,0,0,0,0,0,0,0,0,0,0,0,0,0,0,0,0
Otu12450,0,0,0,0,0,0,0,0,0,0,0,0,0,0,0,0,0,0,0,0,0,0,0,0,0,0,0,0,0,0
Otu12451,0,0,0,0,0,0,0,0,0,0,0,0,0,0,0,0,0,0,0,0,0,0,0,0,0,0,0,0,0,0
Otu13199,0,0,0,0,0,0,0,0,0,0,0,0,0,0,0,0,0,0,0,0,0,0,0,0,0,0,0,0,0,0
Otu13392,0,0,0,0,0,0,0,0,0,0,0,0,0,0,0,0,0,0,0,0,0,0,0,0,0,0,0,0,0,0
Otu13393,0,0,0,0,0,0,0,0,0,0,0,0,0,0,0,0,0,0,0,0,0,0,0,0,0,0,0,0,0,0
Otu13402,0,0,0,0,0,0,0,0,0,0,0,0,0,0,0,0,0,0,0,0,0,0,0,0,0,0,0,0,0,0
Otu13754,0,0,0,0,0,0,0,0,0,0,0,0,0,0,0,0,0,0,0,0,0,0,0,0,0,0,0,0,0,0
Otu14257,0,0,0,0,0,0,0,0,0,0,0,0,0,0,0,0,0,0,0,0,0,0,0,0,0,0,0,0,0,0
Otu14258,0,0,0,0,0,0,0,0,0,0,0,0,0,0,0,0,0,0,0,0,0,0,0,0,0,0,0,0,0,0
Otu14613,0,0,0,0,0,0,0,0,0,0,0,0,0,0,0,0,0,0,0,0,0,0,0,0,0,0,0,0,0,0
Otu14831,0,0,0,0,0,0,0,0,0,0,0,0,0,0,0,0,0,0,0,0,0,0,0,0,0,0,0,0,0,0
Otu15529,0,0,0,0,0,0,0,0,0,0,0,0,0,0,0,0,0,0,0,0,0,0,0,0,0,0,0,0,0,0
Otu15645,0,0,0,0,0,0,0,0,0,0,0,0,0,0,0,0,0,0,0,0,0,0,0,0,0,0,0,0,0,0
Otu15786,0,0,0,0,0,0,0,0,0,0,0,0,0,0,0,0,0,0,0,0,0,0,0,0,0,0,0,0,0,0
Otu16317,0,0,0,0,0,0,0,0,0,0,0,0,0,0,0,0,0,0,0,0,0,0,0,0,0,0,0,0,0,0
Otu16935,0,0,0,0,0,0,0,0,0,0,0,0,0,0,0,0,0,0,0,0,0,0,0,0,0,0,0,0,0,0
Otu16936,0,0,0,0,0,0,0,0,0,0,0,0,0,0,0,0,0,0,0,0,0,0,0,0,0,0,0,0,0,0
Otu16957,0,0,0,0,0,0,0,0,0,0,0,0,0,0,0,0,0,0,0,0,0,0,0,0,0,0,0,0,0,0
Otu16971,0,0,0,0,0,0,0,0,0,0,0,0,0,0,0,0,0,0,0,0,0,0,0,0,0,0,0,0,0,0
Otu16972,0,0,0,0,0,0,0,0,0,0,0,0,0,0,0,0,0,0,0,0,0,0,0,0,0,0,0,0,0,0
Otu17002,0,0,0,0,0,0,0,0,0,0,0,0,0,0,0,0,0,0,0,0,0,0,0,0,0,0,0,0,0,0
Otu17212,0,0,0,0,0,0,0,0,0,0,0,0,0,0,0,0,0,0,0,0,0,0,0,0,0,0,0,0,0,0
Otu17950,0,0,0,0,0,0,0,0,0,0,0,0,0,0,0,0,0,0,0,0,0,0,0,0,0,0,0,0,0,0
Otu18667,0,0,0,0,0,0,0,0,0,0,0,0,0,0,0,0,0,0,0,0,0,0,0,0,0,0,0,0,0,0
Otu19571,0,0,0,0,0,0,0,0,0,0,0,0,0,0,0,0,0,0,0,0,0,0,0,0,0,0,0,0,0,0
Otu19924,0,0,0,0,0,0,0,0,0,0,0,0,0,0,0,0,0,0,0,0,0,0,0,0,0,0,0,0,0,0
Otu20025,0,0,0,0,0,0,0,0,0,0,0,0,0,0,0,0,0,0,0,0,0,0,0,0,0,0,0,0,0,0
Otu20145,0,0,0,0,0,0,0,0,0,0,0,0,0,0,0,0,0,0,0,0,0,0,0,0,0,0,0,0,0,0
Otu20341,0,0,0,0,0,0,0,0,0,0,0,0,0,0,0,0,0,0,0,0,0,0,0,0,0,0,0,0,0,0
Otu20472,0,0,0,0,0,0,0,0,0,0,0,0,0,0,0,0,0,0,0,0,0,0,0,0,0,0,0,0,0,0
Otu20474,0,0,0,0,0,0,0,0,0,0,0,0,0,0,0,0,0,0,0,0,0,0,0,0,0,0,0,0,0,0
Otu20478,0,0,0,0,0,0,0,0,0,0,0,0,0,0,0,0,0,0,0,0,0,0,0,0,0,0,0,0,0,0
Otu20529,0,0,0,0,0,0,0,0,0,0,0,0,0,0,0,0,0,0,0,0,0,0,0,0,0,0,0,0,0,0
Otu20530,0,0,0,0,0,0,0,0,0,0,0,0,0,0,0,0,0,0,0,0,0,0,0,0,0,0,0,0,0,0
Otu20531,0,0,0,0,0,0,0,0,0,0,0,0,0,0,0,0,0,0,0,0,0,0,0,0,0,0,0,0,0,0
Otu20815,0,0,0,0,0,0,0,0,0,0,0,0,0,0,0,0,0,0,0,0,0,0,0,0,0,0,0,0,0,0
Otu20907,0,0,0,0,0,0,0,0,0,0,0,0,0,0,0,0,0,0,0,0,0,0,0,0,0,0,0,0,0,0
Otu20912,0,0,0,0,0,0,0,0,0,0,0,0,0,0,0,0,0,0,0,0,0,0,0,0,0,0,0,0,0,0
Otu20915,0,0,0,0,0,0,0,0,0,0,0,0,0,0,0,0,0,0,0,0,0,0,0,0,0,0,0,0,0,0