Group,S2014plt4,S2015plt4,S2016plt4,S2024plt4,S2025plt4,S2026plt4,S2034plt4,S2035plt4,S2036plt4,S2045plt4,S2046plt4,S204Aplt4
Otu00001,0,19,0,64,27,10,131,126,158,119,125,133
Otu00002,24,11,20,373,293,62,686,610,582,766,766,0
Otu00003,0,0,0,267,1,0,0,0,0,0,0,0
Otu00004,0,0,0,0,0,0,0,0,0,0,0,0
Otu00005,23,1,15,71,85,4,108,96,76,39,60,0
Otu00006,0,0,0,83,0,0,0,0,0,0,0,0
Otu00007,0,0,0,13,1,0,0,0,0,0,0,0
Otu00008,0,6,0,89,173,20,76,155,196,51,40,0
Otu00009,106,13,5,8,27,658,1,2,1,5,0,18
Otu00010,54,4,12,5,31,6,0,1,0,0,0,22
Otu00011,0,3,0,0,0,0,0,0,0,1,0,6
Otu00012,0,0,0,3,0,0,0,0,0,0,0,0
Otu00013,171,218,280,7,102,24,8,3,0,6,12,215
Otu00014,0,0,0,0,0,0,0,0,0,0,0,0
Otu00015,74,0,19,3,58,67,0,0,0,2,0,4
Otu00016,0,0,0,0,0,0,0,0,0,0,0,0
Otu00017,0,0,0,0,0,0,0,0,0,0,0,0
Otu00018,53,27,94,1,8,0,1,1,0,1,0,106
Otu00019,0,7,2,2,19,5,0,0,0,0,0,3
Otu00020,0,0,0,0,0,0,0,0,0,0,0,0
Otu00021,0,0,0,1,0,0,0,0,0,0,0,0
Otu00022,29,72,28,0,38,18,0,6,0,1,0,192
Otu00023,0,0,0,0,0,0,0,0,0,0,0,0
Otu00024,0,0,0,0,0,0,0,0,0,0,0,0
Otu00025,0,0,0,0,0,0,0,0,0,0,0,0
Otu00026,0,0,0,0,0,0,0,1,0,0,0,0
Otu00027,0,0,0,0,0,0,0,0,0,0,0,0
Otu00028,0,0,0,0,0,0,0,0,0,0,0,0
Otu00029,0,0,0,0,0,0,0,0,0,0,0,0
Otu00030,0,0,0,0,0,0,0,0,0,0,0,0
Otu00031,0,0,0,0,0,0,0,0,0,0,0,0
Otu00032,0,0,0,0,0,0,0,0,0,0,0,0
Otu00033,0,0,0,0,0,0,0,0,0,0,0,0
Otu00034,0,0,0,0,0,0,0,0,0,0,0,0
Otu00035,0,0,0,0,1,0,0,0,0,0,0,0
Otu00036,0,0,0,0,0,0,0,0,0,0,0,0
Otu00037,0,0,0,11,1,0,0,0,0,0,0,0
Otu00038,0,0,0,0,0,0,0,0,0,0,0,0
Otu00039,0,0,0,0,0,0,0,0,0,0,0,0
Otu00040,9,0,84,2,0,0,0,0,0,0,0,14
Otu00041,0,0,0,0,0,0,0,0,0,0,0,0
Otu00042,0,0,0,0,0,0,0,0,0,0,0,0
Otu00043,32,0,0,0,0,11,0,0,0,0,0,0
Otu00044,0,0,0,0,2,0,0,0,0,0,0,0
Otu00045,57,8,11,1,23,10,0,1,0,0,0,16
Otu00046,22,0,205,0,0,0,0,0,0,1,1,40
Otu00047,0,0,0,0,0,0,0,0,0,0,0,0
Otu00048,0,0,0,0,0,0,0,0,0,0,0,0
Otu00049,0,0,0,0,0,0,0,0,0,0,0,0
Otu00050,0,0,0,0,0,0,0,0,0,0,0,0
Otu00051,0,0,0,0,0,0,0,0,0,0,0,0
Otu00052,57,0,0,2,0,16,0,0,0,0,0,8
Otu00053,0,0,0,0,0,0,0,0,0,0,0,0
Otu00054,0,12,0,0,0,0,0,0,0,0,0,12
Otu00055,0,477,0,0,0,0,0,0,0,0,0,0
Otu00056,3,0,0,0,0,7,0,0,0,1,0,21
Otu00057,0,0,0,0,0,0,0,0,0,0,0,0
Otu00058,0,0,0,0,0,0,0,0,0,0,0,0
Otu00059,0,0,0,0,0,0,0,0,0,0,0,0
Otu00060,0,0,0,0,0,0,0,0,0,0,0,0
Otu00061,0,0,0,0,0,0,0,0,0,0,0,0
Otu00062,2,10,19,1,1,0,0,0,0,0,1,0
Otu00063,0,0,0,0,0,0,0,0,0,0,0,0
Otu00064,0,0,0,0,11,0,0,0,0,0,0,0
Otu00065,0,0,0,0,0,0,0,0,0,0,0,0
Otu00066,0,0,0,0,0,0,0,0,0,0,0,0
Otu00067,1,4,12,1,0,0,0,1,0,0,0,8
Otu00068,0,0,0,0,0,0,0,0,0,0,0,0
Otu00069,57,0,23,0,1,0,0,0,0,2,1,0
Otu00070,0,0,0,0,0,0,0,0,0,0,0,0
Otu00071,0,0,0,0,0,0,0,0,0,0,0,0
Otu00072,17,14,1,0,0,2,0,1,0,0,0,2
Otu00073,0,0,0,0,0,0,0,0,0,0,0,0
Otu00074,0,0,0,0,0,0,0,0,0,0,0,0
Otu00075,0,0,0,0,0,0,0,0,0,0,0,0
Otu00076,0,0,0,0,0,0,0,0,0,0,0,0
Otu00077,0,0,0,0,1,0,0,0,0,0,0,0
Otu00078,0,4,14,0,0,0,0,0,0,1,0,11
Otu00079,0,0,0,0,0,0,0,0,0,0,0,0
Otu00080,0,0,0,0,0,0,0,0,0,0,0,0
Otu00081,0,1,6,0,28,3,0,0,0,0,0,18
Otu00082,0,2,4,1,0,0,0,0,0,2,0,0
Otu00083,0,0,0,0,0,0,0,0,0,0,0,0
Otu00084,0,0,0,0,0,0,0,0,0,0,0,0
Otu00085,0,0,0,1,1,0,3,3,2,3,3,0
Otu00086,0,0,0,0,0,0,0,0,0,0,0,0
Otu00087,0,0,0,0,0,0,0,0,0,0,0,0
Otu00088,0,0,0,0,1,0,0,0,0,0,0,0
Otu00089,0,0,0,0,0,0,0,0,0,0,0,0
Otu00090,0,0,0,0,0,0,0,0,0,0,0,0
Otu00091,16,13,4,0,3,0,0,0,0,1,0,0
Otu00092,0,0,0,0,0,5,0,0,0,1,0,0
Otu00093,0,4,0,0,1,0,0,0,0,0,0,13
Otu00094,0,0,4,0,0,6,2,0,0,0,1,1
Otu00095,23,0,0,0,5,0,0,0,0,0,0,0
Otu00096,0,0,0,0,0,0,0,0,0,0,0,0
Otu00097,0,0,0,0,0,0,0,0,0,0,0,0
Otu00098,0,0,0,0,0,0,0,0,0,0,0,0
Otu00099,0,5,0,0,0,0,0,0,0,1,0,4
Otu00100,0,0,0,0,0,0,0,0,0,0,0,0
Otu00101,0,0,0,0,0,0,0,0,0,0,0,0
Otu00102,0,0,0,0,0,0,0,0,0,0,0,0
Otu00103,0,0,0,0,0,0,0,1,0,0,0,0
Otu00104,0,0,0,0,1,2,0,0,0,0,0,0
Otu00105,11,0,6,0,0,0,0,1,0,1,0,3
Otu00106,0,0,0,0,0,0,0,0,0,0,0,0
Otu00107,0,0,0,0,0,0,0,0,0,0,0,0
Otu00108,0,0,0,0,0,0,0,0,0,0,0,0
Otu00109,0,0,0,0,0,0,0,0,0,0,0,0
Otu00110,0,0,0,0,0,0,0,0,0,0,0,0
Otu00111,0,0,0,0,0,0,0,0,0,0,0,0
Otu00112,0,0,0,0,0,0,0,0,0,0,0,0
Otu00113,0,0,0,0,0,0,0,0,0,0,0,0
Otu00114,0,0,0,0,9,0,0,2,1,0,0,0
Otu00115,0,0,0,0,0,0,0,0,0,0,0,0
Otu00116,0,0,0,0,0,0,0,0,0,0,0,0
Otu00117,0,0,0,0,0,0,0,0,0,0,0,0
Otu00118,0,0,0,0,0,0,0,0,0,0,0,0
Otu00119,0,6,0,0,0,0,0,0,0,0,0,0
Otu00120,0,0,0,0,0,0,0,0,0,0,0,0
Otu00121,0,0,0,0,0,0,0,0,0,0,0,0
Otu00122,0,0,0,0,1,0,0,0,0,0,0,0
Otu00123,0,0,0,0,0,0,0,0,0,0,0,0
Otu00124,0,0,13,1,0,0,0,0,0,0,0,2
Otu00125,0,0,0,0,0,0,0,0,0,0,0,0
Otu00126,0,0,0,0,0,0,0,0,0,0,0,0
Otu00127,0,0,0,0,0,0,0,0,0,0,0,0
Otu00128,0,0,0,0,0,0,0,0,0,0,0,0
Otu00129,0,0,0,0,0,0,0,0,0,0,0,0
Otu00130,0,0,0,0,0,0,0,0,0,0,0,0
Otu00131,0,0,0,0,0,0,0,0,0,0,0,0
Otu00132,0,0,10,0,0,0,0,0,0,1,0,0
Otu00133,0,0,6,0,2,0,0,0,0,0,0,4
Otu00134,0,0,5,0,0,0,0,0,0,0,0,0
Otu00135,0,0,0,0,0,0,0,0,0,0,0,0
Otu00136,0,0,0,0,0,0,0,0,0,0,0,0
Otu00137,0,0,0,0,0,0,0,0,0,0,0,0
Otu00138,11,0,0,0,0,0,0,0,0,0,0,0
Otu00139,0,0,0,0,0,0,0,0,0,0,0,0
Otu00140,0,0,0,0,0,44,0,0,0,0,0,0
Otu00141,0,1,4,0,0,0,0,0,0,0,0,9
Otu00142,0,0,0,0,0,0,0,0,0,0,0,0
Otu00143,0,0,0,0,0,0,0,0,0,0,0,0
Otu00144,0,0,0,0,0,0,0,0,0,0,0,0
Otu00145,0,0,0,0,0,0,0,0,0,0,0,0
Otu00146,0,0,0,0,0,1,0,0,0,0,0,0
Otu00147,0,0,0,0,0,0,0,0,0,0,0,0
Otu00148,28,9,0,0,0,0,0,0,0,0,0,0
Otu00149,0,0,0,0,0,0,0,0,0,0,0,0
Otu00150,0,0,0,0,0,0,0,0,0,0,0,0
Otu00151,0,0,0,0,0,0,1,1,1,1,1,0
Otu00152,0,0,0,0,0,0,0,0,0,0,0,0
Otu00153,0,0,0,0,0,0,0,0,0,0,0,0
Otu00154,0,5,0,0,0,0,0,0,0,0,0,3
Otu00155,0,0,0,0,0,0,0,0,0,0,0,4
Otu00156,0,0,0,0,0,0,0,0,0,0,0,0
Otu00157,0,0,0,0,0,0,0,0,0,0,0,0
Otu00158,0,0,0,0,0,0,0,0,0,0,0,0
Otu00159,0,0,0,0,0,0,0,0,0,0,0,0
Otu00160,0,2,8,0,0,0,0,0,0,1,0,0
Otu00161,0,0,0,0,0,0,0,0,0,0,0,0
Otu00162,0,0,0,0,0,0,0,0,0,0,0,0
Otu00163,0,0,15,0,0,0,0,1,0,0,0,0
Otu00164,0,0,0,0,0,0,0,0,0,0,0,0
Otu00165,0,0,0,0,0,0,0,0,0,0,0,0
Otu00166,0,0,0,0,0,0,0,0,0,0,0,0
Otu00167,0,0,0,0,0,0,0,0,0,0,0,0
Otu00168,0,0,0,0,0,0,0,0,0,0,0,0
Otu00169,0,0,0,0,0,0,0,0,0,0,0,0
Otu00170,0,0,0,0,0,0,0,0,0,0,0,0
Otu00171,0,0,0,0,0,0,0,0,0,0,0,0
Otu00172,0,0,0,0,0,0,1,1,1,1,1,0
Otu00173,4,0,0,0,0,0,0,0,0,1,0,11
Otu00174,0,0,0,0,0,0,0,0,0,0,0,0
Otu00175,0,0,0,0,0,0,0,0,0,0,0,0
Otu00176,0,0,0,0,2,0,1,1,1,1,1,0
Otu00177,38,0,0,0,0,0,0,0,0,0,0,0
Otu00178,21,0,0,0,0,0,0,0,0,0,0,0
Otu00179,0,0,0,0,0,0,0,0,0,0,1,0
Otu00180,0,0,0,0,0,0,0,0,0,0,0,0
Otu00181,0,0,0,0,0,0,0,0,0,0,0,0
Otu00182,0,0,0,0,0,0,0,0,0,0,0,0
Otu00183,0,0,0,0,0,0,0,0,0,0,0,0
Otu00184,0,0,0,0,0,0,0,0,0,0,0,0
Otu00185,0,0,0,0,0,0,0,0,0,0,0,0
Otu00186,0,0,0,0,0,0,0,0,0,0,0,0
Otu00187,0,0,0,0,0,0,1,1,1,1,1,0
Otu00188,0,0,0,0,0,5,0,0,0,0,0,0
Otu00189,0,0,0,0,0,0,0,0,0,0,0,0
Otu00190,0,0,0,0,0,0,0,0,0,0,0,8
Otu00191,0,0,0,0,0,0,0,0,0,0,0,0
Otu00192,0,0,0,0,0,0,1,0,1,1,1,0
Otu00193,0,0,0,0,0,0,0,0,0,0,0,0
Otu00194,0,0,0,0,0,0,0,0,0,0,0,0
Otu00195,0,0,0,0,0,0,0,0,0,0,0,0
Otu00196,0,0,0,0,0,0,0,0,0,0,0,0
Otu00197,0,0,0,0,0,0,0,0,0,0,0,0
Otu00198,0,0,0,0,0,0,0,0,0,0,0,0
Otu00199,0,0,0,0,0,0,0,0,0,0,0,5
Otu00200,0,0,0,0,0,0,0,0,0,0,0,0
Otu00201,0,0,0,0,0,0,0,0,0,0,0,0
Otu00202,0,0,0,0,1,0,0,0,0,0,0,7
Otu00203,0,0,0,0,0,0,0,0,0,0,0,0
Otu00204,0,0,0,0,0,0,0,0,0,0,0,0
Otu00205,0,0,0,0,0,0,0,0,0,0,0,0
Otu00206,0,0,0,0,0,0,0,0,0,0,0,0
Otu00207,0,0,0,0,0,0,0,0,0,0,0,0
Otu00208,0,0,0,0,0,0,0,0,0,0,0,6
Otu00209,0,0,0,0,0,0,0,0,0,0,0,0
Otu00210,0,0,0,0,0,0,0,0,0,0,0,0
Otu00211,0,0,0,0,0,0,0,0,0,0,0,0
Otu00212,0,0,0,0,0,0,0,0,0,0,0,0
Otu00213,0,0,0,0,0,0,0,0,0,0,0,0
Otu00214,0,0,0,0,0,0,0,0,0,0,0,0
Otu00215,0,0,0,0,0,0,0,0,0,0,0,0
Otu00216,0,0,0,0,0,0,0,0,0,0,0,0
Otu00217,0,0,0,0,0,0,0,0,0,0,0,0
Otu00218,0,0,13,0,0,0,0,0,0,0,0,0
Otu00219,0,0,0,0,0,0,0,1,0,0,0,0
Otu00220,0,0,0,0,0,0,0,0,0,0,0,0
Otu00221,0,0,3,0,3,0,0,0,0,0,0,2
Otu00222,0,0,0,0,0,0,0,0,0,0,0,0
Otu00223,0,0,0,0,0,2,0,0,0,0,0,0
Otu00224,0,0,0,0,0,0,0,0,0,0,0,0
Otu00225,0,0,0,0,0,0,0,0,0,0,0,0
Otu00226,0,0,0,0,0,0,0,0,0,0,0,12
Otu00227,0,0,0,0,0,0,0,0,0,0,0,0
Otu00228,0,0,0,0,0,0,0,0,0,0,0,0
Otu00229,0,0,0,0,0,0,0,0,0,0,0,0
Otu00230,0,0,0,0,0,0,0,0,0,0,0,0
Otu00231,0,0,0,0,0,0,0,0,0,0,0,0
Otu00232,0,0,0,0,0,0,0,0,0,0,0,0
Otu00233,0,0,0,0,0,0,0,0,0,0,0,0
Otu00234,0,0,0,0,0,0,0,0,0,0,0,0
Otu00235,0,0,0,0,0,0,0,0,0,0,0,0
Otu00236,0,0,0,0,0,0,0,0,0,0,0,0
Otu00237,0,0,0,0,0,0,0,0,0,0,0,0
Otu00238,0,0,0,0,0,0,0,0,0,0,0,0
Otu00239,0,1,0,0,0,0,0,0,0,0,0,0
Otu00240,0,0,0,0,0,0,0,0,0,0,0,0
Otu00241,0,0,0,0,0,0,0,0,0,0,0,0
Otu00242,0,0,0,0,0,0,0,0,0,0,0,0
Otu00243,0,0,0,0,0,3,0,0,0,0,0,0
Otu00244,0,0,0,0,0,0,0,0,0,0,0,0
Otu00245,0,0,0,0,0,0,0,0,0,0,0,0
Otu00246,0,0,0,0,5,0,0,0,0,0,0,0
Otu00247,0,0,0,0,0,0,0,0,0,0,0,0
Otu00248,0,0,0,0,0,0,0,0,0,0,0,0
Otu00249,0,0,0,0,0,0,0,0,0,0,0,0
Otu00250,0,0,0,0,0,0,0,0,0,0,0,0
Otu00251,0,0,0,0,0,0,0,0,0,0,0,0
Otu00252,0,0,0,0,0,0,0,0,0,1,0,6
Otu00253,0,0,0,0,0,0,0,0,0,0,0,0
Otu00254,0,6,6,0,0,0,0,0,0,0,0,0
Otu00255,0,0,0,0,0,0,0,0,0,0,0,6
Otu00256,0,0,0,0,0,0,0,0,0,0,0,0
Otu00257,0,0,0,0,0,0,0,0,0,0,0,0
Otu00258,0,0,0,0,0,0,0,0,0,0,0,0
Otu00259,0,0,0,0,0,0,0,0,0,0,0,0
Otu00260,0,0,0,0,0,0,0,0,0,0,0,0
Otu00261,0,0,0,0,0,0,0,0,0,0,0,0
Otu00262,0,12,0,0,1,0,0,0,0,0,0,0
Otu00263,0,0,0,0,0,0,0,0,0,0,0,0
Otu00265,0,0,0,2,0,0,0,0,0,0,0,0
Otu00266,0,0,0,0,0,0,0,0,0,0,0,0
Otu00267,0,0,0,0,0,0,0,0,0,0,0,0
Otu00268,0,0,10,0,0,0,0,0,0,0,0,0
Otu00269,0,0,0,0,0,0,0,0,0,0,0,0
Otu00270,0,0,0,0,0,0,0,0,0,0,0,0
Otu00271,0,0,0,0,0,0,0,0,0,0,0,0
Otu00272,0,0,0,0,0,0,0,0,0,0,0,0
Otu00273,0,0,0,0,0,0,0,0,0,0,0,0
Otu00274,0,0,0,0,0,6,0,0,0,0,0,0
Otu00275,0,0,0,0,0,0,0,0,0,0,0,0
Otu00276,0,0,0,0,0,0,0,0,0,0,0,5
Otu00277,0,1,0,0,0,0,0,0,0,0,0,0
Otu00279,0,0,10,0,0,0,0,0,0,0,0,0
Otu00280,0,0,0,0,0,0,0,0,0,0,0,0
Otu00281,0,0,0,0,0,0,0,0,0,0,0,0
Otu00282,0,0,0,0,0,4,0,0,0,0,0,0
Otu00283,0,0,0,0,0,0,0,0,0,0,0,0
Otu00284,0,0,0,0,0,0,0,0,0,0,0,0
Otu00285,0,0,0,0,0,0,0,0,0,0,0,0
Otu00286,0,0,0,0,0,0,0,0,0,0,0,0
Otu00287,0,1,0,0,1,0,0,0,0,0,0,2
Otu00288,0,0,0,0,0,0,0,0,0,0,0,0
Otu00289,0,0,0,0,0,0,0,0,0,0,0,0
Otu00290,0,0,0,0,0,0,0,0,0,0,0,0
Otu00291,0,0,0,0,0,0,0,0,0,0,0,0
Otu00292,0,0,0,0,0,0,0,0,0,0,0,0
Otu00293,0,0,0,0,0,0,0,0,0,0,0,0
Otu00294,0,0,0,0,0,8,0,0,0,0,0,0
Otu00295,0,0,0,0,0,0,0,0,0,0,0,0
Otu00296,0,0,0,0,0,0,0,0,0,0,0,0
Otu00297,0,0,0,0,0,0,0,0,0,0,0,0
Otu00298,0,0,0,0,0,0,0,0,0,0,0,0
Otu00299,0,0,0,0,0,0,0,0,0,0,0,0
Otu00300,0,0,0,0,0,0,0,0,0,0,0,0
Otu00301,0,0,0,0,0,0,0,0,0,0,0,0
Otu00302,0,0,0,0,0,0,0,0,0,0,0,0
Otu00303,0,0,0,0,0,0,0,0,0,0,0,0
Otu00304,0,0,0,0,0,0,0,0,0,0,0,14
Otu00305,0,0,0,0,0,0,0,0,0,0,0,0
Otu00306,0,0,0,0,0,0,0,0,0,0,0,0
Otu00308,0,0,0,0,0,0,0,0,0,0,0,0
Otu00310,0,0,0,0,0,0,0,0,0,0,0,0
Otu00311,0,6,0,2,0,0,0,0,0,0,0,0
Otu00312,0,0,0,0,0,0,0,0,0,0,0,0
Otu00313,0,1,0,0,0,0,0,0,0,0,0,0
Otu00315,0,0,0,0,0,0,0,0,0,0,0,0
Otu00316,0,0,14,0,0,0,0,0,0,0,0,0
Otu00317,0,0,0,0,0,0,0,0,0,0,0,0
Otu00318,0,0,0,0,0,0,0,0,0,0,0,0
Otu00319,0,0,0,0,0,0,0,0,0,0,0,0
Otu00320,0,0,0,0,0,0,0,0,0,0,0,0
Otu00321,0,0,0,0,0,0,0,0,0,0,0,0
Otu00322,0,0,0,0,0,0,0,0,0,0,0,0
Otu00323,0,0,0,0,0,0,0,0,0,0,0,0
Otu00324,0,0,0,0,0,0,0,0,0,0,0,0
Otu00325,24,0,0,0,0,0,0,0,0,0,0,0
Otu00326,0,0,0,0,0,0,0,0,0,0,0,0
Otu00327,0,0,0,0,0,0,0,0,0,0,0,0
Otu00328,0,7,0,0,0,0,0,0,0,0,0,1
Otu00329,0,0,0,0,21,0,0,0,0,0,0,0
Otu00330,0,0,0,0,0,4,0,0,0,0,0,0
Otu00331,0,0,0,0,0,0,0,0,0,0,0,0
Otu00332,0,0,0,0,0,2,0,0,0,0,0,0
Otu00333,0,0,0,0,0,0,0,0,0,0,0,0
Otu00334,0,0,0,0,0,0,0,0,0,0,0,0
Otu00336,0,0,0,0,0,0,0,0,0,0,0,0
Otu00337,0,0,0,0,0,0,0,0,0,0,0,0
Otu00338,0,0,11,0,0,0,0,0,0,0,0,0
Otu00339,0,0,0,0,0,0,0,0,0,0,0,0
Otu00340,0,0,0,0,0,0,0,0,0,0,0,0
Otu00341,0,0,0,0,0,0,0,0,0,0,0,1
Otu00342,0,0,0,0,0,0,0,0,0,0,0,0
Otu00344,0,0,0,0,0,0,0,0,0,0,0,0
Otu00345,0,0,0,0,0,0,0,0,0,0,0,0
Otu00346,0,0,0,0,0,0,0,0,0,0,0,0
Otu00347,0,4,0,0,0,0,0,0,0,0,0,0
Otu00348,0,0,0,0,0,0,0,0,0,0,0,0
Otu00349,0,0,0,0,0,0,0,0,0,0,0,0
Otu00350,0,0,0,0,0,0,0,0,0,0,0,0
Otu00351,21,0,0,0,0,0,0,0,0,0,0,0
Otu00352,0,0,0,0,0,0,0,0,0,0,0,0
Otu00353,0,0,0,0,0,0,0,0,0,0,0,0
Otu00354,0,0,0,0,0,0,0,0,0,0,0,0
Otu00355,0,0,0,0,0,0,0,0,0,0,0,0
Otu00356,0,0,0,0,0,0,0,0,0,0,0,0
Otu00357,0,0,0,0,0,0,0,0,0,0,0,0
Otu00359,0,0,0,0,0,0,0,0,0,0,0,0
Otu00360,0,0,0,0,0,0,0,0,0,0,0,0
Otu00361,0,0,0,0,0,0,0,0,0,0,0,0
Otu00363,0,0,0,0,0,0,0,0,0,0,0,0
Otu00364,0,0,0,0,0,0,0,0,0,1,0,0
Otu00365,0,0,4,0,0,0,0,0,0,0,0,0
Otu00366,0,0,6,0,0,0,0,0,0,0,0,0
Otu00367,0,0,0,0,0,0,0,0,0,0,0,0
Otu00368,0,0,0,0,0,0,0,0,0,0,0,0
Otu00369,0,0,0,0,0,0,0,0,0,0,0,0
Otu00370,0,0,0,0,0,0,0,0,0,0,0,0
Otu00371,0,0,0,0,0,0,0,0,0,0,0,0
Otu00372,0,0,0,0,0,0,0,0,0,0,0,0
Otu00373,0,0,0,0,0,0,0,0,0,0,0,0
Otu00374,0,0,0,0,0,0,0,0,0,1,0,0
Otu00375,0,0,0,0,0,0,0,0,0,1,0,0
Otu00376,0,2,0,0,0,0,0,0,0,0,0,0
Otu00377,0,0,0,0,0,0,0,0,0,0,0,0
Otu00378,0,0,0,0,0,0,0,0,0,0,0,0
Otu00379,0,0,0,0,0,0,0,0,0,0,0,0
Otu00380,0,0,0,0,0,0,0,0,0,0,0,0
Otu00381,0,0,0,0,0,0,0,0,0,0,0,0
Otu00383,0,0,0,0,0,0,0,0,0,0,0,0
Otu00384,0,0,0,0,0,0,0,0,0,0,0,0
Otu00386,0,0,0,0,0,0,0,0,0,0,0,0
Otu00388,0,0,0,0,0,0,0,0,0,0,0,0
Otu00389,0,0,0,0,0,0,0,0,0,0,0,0
Otu00390,0,0,0,0,0,0,0,0,0,0,0,0
Otu00391,0,0,2,0,0,0,0,0,0,0,0,0
Otu00392,0,0,0,0,0,0,0,0,0,0,0,0
Otu00394,0,0,0,0,0,0,0,0,0,0,0,0
Otu00396,0,0,0,0,0,0,0,0,0,0,0,0
Otu00397,0,0,0,0,0,0,0,0,0,0,0,0
Otu00398,0,0,0,0,0,0,0,0,0,0,0,0
Otu00399,0,0,0,0,0,0,0,0,0,0,0,0
Otu00400,0,1,0,0,0,0,0,0,0,0,0,0
Otu00401,0,0,0,0,0,0,0,0,0,0,0,0
Otu00402,0,0,0,0,0,0,0,0,0,0,0,0
Otu00403,0,0,0,0,0,0,0,0,0,0,0,0
Otu00404,0,0,0,0,0,0,0,0,0,0,0,0
Otu00405,0,0,0,0,0,0,0,0,0,0,0,0
Otu00406,0,0,0,0,0,0,0,0,0,0,0,0
Otu00407,0,0,0,0,0,0,0,0,0,0,0,0
Otu00408,0,0,0,0,0,0,0,0,0,0,0,0
Otu00409,0,0,0,0,0,0,0,0,0,0,0,0
Otu00410,0,0,0,0,0,0,0,0,0,0,0,0
Otu00411,0,0,0,0,0,0,0,0,0,0,0,0
Otu00412,0,0,0,0,0,0,0,0,0,0,0,0
Otu00413,0,0,0,0,0,0,0,0,0,0,0,0
Otu00414,0,0,0,0,0,0,0,0,0,0,0,0
Otu00415,0,0,0,0,0,0,0,0,0,0,0,0
Otu00416,0,0,0,0,0,0,0,0,0,0,0,0
Otu00417,0,0,0,0,0,0,0,0,0,0,0,0
Otu00418,0,0,0,0,0,0,0,0,0,0,0,0
Otu00419,0,0,0,0,0,0,0,0,0,0,0,3
Otu00421,0,0,0,0,0,0,0,0,0,0,0,0
Otu00422,0,0,0,0,0,0,0,0,0,0,0,0
Otu00423,0,0,0,0,0,0,0,0,0,0,0,0
Otu00424,0,0,0,0,0,0,0,0,0,1,0,0
Otu00425,0,0,0,0,0,0,0,0,0,0,0,0
Otu00426,0,0,0,0,0,0,0,0,0,0,0,0
Otu00428,0,0,0,0,0,0,0,0,0,0,0,0
Otu00430,0,0,0,0,0,0,0,0,0,0,0,0
Otu00431,0,0,0,0,0,0,0,0,0,0,0,0
Otu00432,0,0,0,0,0,0,0,0,0,0,0,0
Otu00433,0,0,0,0,0,0,0,0,0,0,0,0
Otu00434,0,0,0,0,0,0,0,0,0,0,0,0
Otu00435,0,0,0,0,0,0,0,0,0,0,0,0
Otu00436,0,0,0,0,0,0,0,0,0,0,0,0
Otu00437,0,0,0,0,1,0,0,1,0,0,0,0
Otu00438,0,0,0,0,0,0,0,0,0,0,0,0
Otu00439,0,0,0,0,0,0,0,0,0,0,0,0
Otu00441,0,0,0,0,0,0,0,0,0,0,0,0
Otu00442,0,0,0,0,0,0,0,0,0,0,0,0
Otu00443,0,0,0,0,0,0,0,0,0,0,0,0
Otu00445,0,0,0,0,0,0,0,0,0,0,0,0
Otu00447,15,0,0,0,0,0,0,0,0,0,0,0
Otu00448,0,0,0,0,0,0,0,0,0,0,0,0
Otu00449,0,0,0,0,0,0,0,0,0,0,0,0
Otu00450,0,0,0,0,0,0,0,0,0,0,0,0
Otu00451,0,0,2,0,0,0,0,0,0,0,0,0
Otu00452,0,0,0,0,0,0,0,0,0,0,0,0
Otu00453,0,0,0,0,0,0,0,0,0,0,0,0
Otu00454,0,0,0,0,0,0,0,0,0,0,0,0
Otu00455,0,0,0,0,0,0,0,0,0,0,0,0
Otu00459,0,0,0,0,0,0,0,0,0,0,0,0
Otu00460,0,0,0,0,0,0,0,0,0,0,0,0
Otu00461,0,0,0,0,0,0,0,0,0,0,0,0
Otu00462,0,1,0,0,0,0,0,0,0,0,0,0
Otu00463,0,0,0,0,0,0,0,0,0,0,0,0
Otu00464,0,0,0,0,0,0,0,0,0,0,0,0
Otu00465,0,0,0,0,0,0,0,0,0,0,0,0
Otu00466,0,0,0,0,0,0,0,0,0,0,0,0
Otu00467,0,0,0,0,0,1,0,0,0,0,0,3
Otu00468,0,0,0,0,0,0,0,1,0,0,0,0
Otu00470,5,0,0,0,0,0,0,0,0,0,0,0
Otu00471,0,0,0,0,0,0,0,0,0,0,0,0
Otu00472,0,0,0,0,0,0,0,0,0,0,0,0
Otu00473,0,0,0,0,0,0,0,0,0,0,0,0
Otu00474,0,0,0,0,0,0,0,0,0,0,0,0
Otu00475,0,0,0,0,1,0,0,0,0,0,0,0
Otu00477,0,0,0,0,1,0,0,0,0,0,0,0
Otu00478,0,0,0,0,0,0,0,0,0,0,0,0
Otu00479,0,1,0,0,0,0,0,0,0,0,0,0
Otu00480,0,0,0,0,0,0,0,0,0,0,0,0
Otu00481,0,0,0,0,0,0,0,0,0,0,0,0
Otu00482,0,0,0,0,0,0,0,0,0,0,0,0
Otu00483,0,0,0,0,0,0,0,0,0,0,0,0
Otu00484,0,0,0,0,0,0,0,0,0,0,0,0
Otu00485,0,0,0,0,0,0,0,0,0,0,0,0
Otu00486,0,0,0,0,0,0,0,0,0,0,0,0
Otu00487,0,0,0,0,0,0,0,0,0,0,0,0
Otu00488,0,0,0,0,0,0,0,0,0,0,0,0
Otu00489,0,0,0,0,0,0,0,0,0,0,0,0
Otu00490,0,0,0,0,0,0,0,0,0,0,0,0
Otu00491,0,0,0,0,0,0,0,0,0,0,0,0
Otu00492,0,0,0,0,0,0,0,0,0,0,0,0
Otu00493,0,0,0,0,0,0,0,0,0,0,0,0
Otu00495,0,0,0,0,0,0,0,0,0,0,0,0
Otu00496,0,0,0,0,0,0,0,0,0,0,0,0
Otu00497,0,0,0,0,0,0,0,0,0,0,0,0
Otu00498,0,0,0,0,0,0,0,0,0,0,0,0
Otu00499,0,0,0,0,0,0,0,0,0,0,0,0
Otu00500,0,0,0,0,0,0,0,0,0,0,0,0
Otu00501,0,0,0,0,0,0,0,0,0,0,0,0
Otu00502,0,0,0,0,0,0,0,0,0,0,0,0
Otu00504,0,0,0,0,0,0,0,0,0,0,0,0
Otu00506,0,0,0,0,0,0,0,0,0,0,0,0
Otu00507,0,0,0,0,0,0,0,0,0,0,0,0
Otu00508,0,0,0,0,0,0,0,0,0,0,0,0
Otu00510,0,0,0,0,0,0,0,0,0,0,0,0
Otu00511,0,0,0,0,0,0,0,0,0,0,0,0
Otu00513,0,0,0,0,0,0,0,0,0,0,0,0
Otu00514,0,0,0,0,0,0,0,0,0,0,0,0
Otu00515,0,0,0,0,0,0,0,0,0,0,0,11
Otu00516,0,0,0,0,0,0,0,0,0,0,0,0
Otu00519,0,0,0,0,0,0,0,0,0,0,0,0
Otu00520,0,0,0,0,0,0,0,0,0,0,0,0
Otu00522,0,0,0,0,0,0,0,0,0,0,0,1
Otu00523,0,0,0,0,0,0,0,0,0,0,0,0
Otu00524,0,0,0,0,0,0,0,0,0,0,0,0
Otu00529,0,0,0,0,0,0,0,0,0,0,0,0
Otu00533,0,0,0,0,0,0,0,0,0,0,0,0
Otu00534,0,0,0,0,0,0,0,0,0,0,0,0
Otu00535,0,0,0,0,1,0,0,0,0,0,0,0
Otu00536,0,0,0,0,0,0,0,0,0,0,0,0
Otu00537,0,0,0,0,0,0,0,0,0,0,0,0
Otu00538,0,0,0,0,0,0,0,0,0,0,0,0
Otu00540,0,0,5,0,0,0,0,0,0,0,0,0
Otu00541,0,0,0,0,0,0,0,0,0,0,0,0
Otu00545,0,0,0,0,0,0,0,0,0,0,0,0
Otu00546,0,0,0,0,0,0,0,0,0,0,0,0
Otu00548,0,0,0,0,0,0,0,0,0,0,0,0
Otu00549,0,0,0,0,0,0,0,0,0,0,0,0
Otu00550,0,0,0,0,0,0,0,0,0,0,0,0
Otu00551,0,0,0,0,0,0,0,0,0,0,0,0
Otu00552,0,0,0,0,0,0,0,0,0,0,0,0
Otu00553,0,0,0,0,0,1,0,0,0,0,0,0
Otu00554,0,0,0,0,0,0,0,0,0,0,0,0
Otu00557,0,0,0,0,0,0,0,0,0,0,0,0
Otu00558,0,0,0,0,0,0,0,0,0,0,0,0
Otu00559,0,0,0,0,0,0,0,0,0,0,0,0
Otu00561,0,1,0,0,0,0,0,0,0,0,0,0
Otu00562,0,0,0,0,0,0,0,0,0,0,0,0
Otu00563,0,0,0,0,0,0,0,0,0,0,0,0
Otu00564,0,0,0,0,0,0,0,0,0,0,0,0
Otu00565,0,0,0,0,0,0,0,0,0,0,0,0
Otu00567,0,0,0,0,0,0,0,0,0,0,0,0
Otu00568,0,0,0,0,0,0,0,0,0,0,0,0
Otu00570,0,0,0,0,0,0,0,0,0,0,0,0
Otu00571,0,0,0,0,0,0,0,0,0,0,0,0
Otu00572,0,0,0,0,0,0,0,0,0,0,0,0
Otu00573,0,0,2,0,0,0,0,0,0,0,0,1
Otu00577,0,0,0,0,0,0,0,0,0,0,0,0
Otu00578,0,0,0,0,0,0,0,0,0,0,0,0
Otu00579,0,0,0,0,0,0,0,0,0,0,0,0
Otu00581,0,0,0,0,0,0,0,0,0,0,0,0
Otu00582,0,0,0,0,0,0,0,1,0,0,0,0
Otu00584,0,0,0,0,0,0,0,0,0,0,0,0
Otu00585,0,0,0,0,0,0,0,0,0,0,0,0
Otu00586,0,0,0,0,0,0,0,0,0,0,0,0
Otu00590,0,0,0,0,0,0,0,0,0,0,0,0
Otu00592,0,1,0,0,25,0,0,0,0,0,0,0
Otu00594,0,0,0,0,0,0,0,0,0,0,0,0
Otu00595,0,0,0,0,0,0,0,0,0,0,0,0
Otu00596,0,0,0,0,0,0,0,0,0,0,0,0
Otu00597,0,0,0,0,0,0,0,0,0,0,0,0
Otu00598,0,0,0,0,0,0,0,0,0,0,0,0
Otu00599,0,0,0,0,0,0,0,0,0,0,0,0
Otu00601,0,0,0,0,0,0,0,0,0,0,0,0
Otu00603,0,0,0,0,0,0,0,0,0,0,0,0
Otu00604,0,0,0,0,0,0,0,0,0,0,0,0
Otu00605,0,0,0,0,0,0,0,0,0,0,0,0
Otu00607,0,0,0,0,0,0,0,0,0,0,0,0
Otu00608,0,0,0,0,0,0,0,0,0,0,0,0
Otu00609,0,0,0,0,0,0,0,0,0,0,0,0
Otu00611,0,0,0,0,0,0,0,0,0,0,0,0
Otu00614,0,0,0,0,0,0,0,0,0,0,0,0
Otu00615,0,0,0,0,0,0,0,0,0,0,0,0
Otu00616,0,0,0,0,0,0,0,0,0,0,0,0
Otu00617,0,0,0,0,0,0,0,0,0,0,0,8
Otu00620,0,0,0,0,0,0,0,0,0,0,0,0
Otu00621,0,0,0,0,0,0,0,0,0,0,0,8
Otu00623,0,0,0,0,0,0,0,0,0,0,0,0
Otu00624,1,0,0,0,0,0,0,0,0,0,0,0
Otu00625,0,0,0,0,0,0,0,0,0,0,0,0
Otu00627,0,0,0,0,0,0,0,0,0,0,0,0
Otu00628,0,0,0,0,0,0,0,0,0,0,0,0
Otu00629,0,0,0,0,0,0,0,0,0,0,0,0
Otu00631,0,0,0,0,0,0,0,0,0,0,0,0
Otu00632,0,0,0,0,0,0,0,0,0,0,0,0
Otu00633,0,0,0,0,0,0,0,0,0,0,0,0
Otu00638,0,0,0,0,0,0,0,0,0,0,0,0
Otu00639,0,0,0,0,0,0,0,0,0,0,0,0
Otu00640,0,0,0,0,0,0,0,0,0,0,0,0
Otu00643,0,0,0,0,0,0,0,0,0,0,0,0
Otu00645,0,0,0,0,0,0,0,0,0,0,0,0
Otu00646,0,0,0,0,0,0,0,0,0,0,0,0
Otu00647,0,0,0,0,0,0,0,0,0,0,0,0
Otu00649,0,0,0,1,0,0,0,0,0,0,0,0
Otu00650,0,0,0,0,0,0,0,0,0,0,0,0
Otu00651,0,0,0,0,0,0,0,0,0,0,0,0
Otu00652,0,0,0,0,0,0,0,0,0,0,0,0
Otu00654,0,0,0,0,0,0,0,0,0,0,0,7
Otu00655,0,0,0,0,0,0,0,0,0,0,0,0
Otu00656,0,0,0,0,0,0,0,0,0,0,0,0
Otu00657,0,0,0,0,0,3,0,0,0,0,0,0
Otu00659,0,0,0,0,0,0,0,0,0,0,0,0
Otu00660,0,0,0,0,0,0,0,0,0,0,0,0
Otu00661,0,0,0,0,0,0,0,0,0,0,0,0
Otu00662,0,0,0,0,0,0,0,0,0,0,0,0
Otu00663,0,0,0,0,0,0,0,0,0,0,0,0
Otu00664,0,0,0,0,0,0,0,0,0,0,0,0
Otu00666,0,0,0,0,0,0,0,0,0,0,0,0
Otu00668,0,0,0,0,0,0,0,0,0,0,0,0
Otu00670,0,0,0,0,0,0,0,0,0,0,0,0
Otu00671,0,0,0,0,0,0,0,0,0,0,0,0
Otu00672,0,0,0,0,0,0,0,0,0,0,0,0
Otu00673,0,0,0,0,0,0,0,0,0,0,0,0
Otu00676,0,0,0,0,0,0,0,0,0,0,0,0
Otu00677,0,0,0,0,0,0,0,0,0,0,0,0
Otu00678,0,0,0,0,0,0,0,0,0,0,0,0
Otu00681,0,0,0,0,0,0,0,0,0,0,0,0
Otu00682,0,0,0,0,0,0,0,0,0,0,0,0
Otu00685,0,0,0,0,0,0,0,0,0,0,0,0
Otu00687,0,0,0,0,0,0,0,0,0,0,0,0
Otu00688,0,0,0,0,0,0,0,0,0,0,0,0
Otu00694,0,0,0,0,0,0,0,0,0,0,0,0
Otu00695,0,0,0,0,0,0,0,0,0,0,0,0
Otu00696,0,0,0,0,0,0,0,0,0,0,0,0
Otu00697,0,0,0,0,0,0,0,0,0,0,0,0
Otu00698,0,0,0,0,0,0,0,0,0,0,0,0
Otu00701,0,0,0,0,0,0,0,0,0,0,0,0
Otu00704,0,0,0,0,0,0,0,0,0,0,0,0
Otu00706,0,0,0,0,0,0,0,0,0,0,0,0
Otu00707,0,0,0,0,0,0,0,0,0,0,0,0
Otu00709,0,0,0,0,0,0,0,0,0,0,0,0
Otu00712,0,0,0,0,0,0,0,0,0,0,0,0
Otu00713,0,0,0,0,0,0,0,0,0,0,0,0
Otu00718,0,0,0,0,0,0,0,0,0,0,0,0
Otu00721,6,0,0,0,0,0,0,0,0,0,0,0
Otu00722,0,0,0,0,0,0,0,0,0,0,0,0
Otu00724,0,0,0,0,0,0,0,0,0,0,0,0
Otu00727,0,0,0,0,0,0,0,0,0,0,0,0
Otu00729,0,0,0,0,0,0,0,0,0,0,0,0
Otu00731,0,0,0,0,0,0,0,0,0,0,0,0
Otu00732,0,0,0,0,0,0,0,0,0,0,0,0
Otu00734,0,0,0,0,0,0,0,0,0,0,0,0
Otu00735,0,1,0,0,0,0,0,0,0,0,0,0
Otu00736,0,0,0,0,0,0,0,0,0,0,0,0
Otu00739,0,0,0,0,0,0,0,0,0,0,0,0
Otu00740,0,0,0,0,0,0,0,0,0,0,0,0
Otu00741,0,0,0,0,0,0,0,0,0,0,0,0
Otu00743,0,0,0,0,0,0,0,0,0,0,0,0
Otu00746,0,0,0,0,0,0,1,0,0,0,0,0
Otu00747,0,0,0,0,0,0,0,0,0,0,0,0
Otu00749,0,0,0,0,0,0,0,0,0,0,0,0
Otu00752,0,0,0,0,0,0,0,0,0,0,0,0
Otu00753,0,0,0,0,0,0,0,0,0,0,0,0
Otu00754,0,0,0,0,0,0,0,0,0,0,0,0
Otu00765,0,0,0,0,0,0,0,0,0,0,0,0
Otu00767,5,0,0,0,0,0,0,0,0,0,0,0
Otu00770,0,0,0,0,0,0,0,0,0,0,0,0
Otu00772,0,0,0,0,0,0,0,0,0,0,0,0
Otu00773,0,0,0,0,0,0,0,0,0,0,0,0
Otu00776,0,0,0,0,0,0,0,0,0,0,0,0
Otu00780,0,0,0,0,0,0,0,0,0,0,0,0
Otu00781,0,0,0,0,0,0,0,0,0,0,0,0
Otu00782,0,0,0,0,0,0,0,0,0,0,0,0
Otu00786,0,0,0,0,0,0,0,0,0,0,0,0
Otu00789,0,0,0,0,0,0,0,0,0,0,0,0
Otu00792,0,0,0,0,0,0,0,0,0,0,0,0
Otu00795,0,4,0,0,0,0,0,0,0,0,0,0
Otu00796,0,0,0,0,0,0,0,0,0,0,0,0
Otu00798,0,0,0,0,0,0,0,0,0,0,0,0
Otu00799,0,0,0,0,0,0,0,0,0,0,0,0
Otu00804,0,0,0,0,0,0,0,0,0,0,0,0
Otu00809,0,0,0,0,0,0,0,0,0,0,0,0
Otu00813,0,0,3,0,0,0,0,0,0,0,0,0
Otu00814,0,0,0,0,0,0,0,0,0,0,0,0
Otu00821,0,0,0,0,0,0,0,0,0,0,0,0
Otu00822,0,0,0,0,0,0,0,0,0,0,0,0
Otu00824,0,0,0,0,0,0,0,0,0,0,0,0
Otu00828,0,0,0,0,0,0,0,0,0,0,0,0
Otu00830,0,0,0,0,0,0,0,0,0,0,0,0
Otu00833,0,0,0,0,0,0,0,0,0,0,0,0
Otu00836,0,0,0,0,0,0,0,0,0,0,0,0
Otu00841,0,0,0,0,0,0,0,0,0,0,0,0
Otu00847,0,0,0,0,0,0,0,0,0,0,0,0
Otu00848,0,0,0,0,0,0,0,0,0,0,0,0
Otu00849,0,0,0,0,0,0,0,0,0,0,0,0
Otu00851,0,0,0,0,0,0,0,0,0,0,0,0
Otu00852,0,0,0,0,0,0,0,0,0,0,0,0
Otu00857,0,0,0,0,0,2,0,0,0,0,0,0
Otu00861,0,0,0,0,0,0,0,0,0,0,0,0
Otu00864,0,0,0,0,0,0,0,0,0,0,0,0
Otu00867,0,0,0,0,0,0,0,0,0,0,0,1
Otu00869,0,0,0,0,0,0,0,0,0,0,0,0
Otu00871,0,0,0,0,0,0,0,0,0,0,0,0
Otu00876,0,0,0,0,0,0,0,0,0,0,0,0
Otu00879,0,3,0,0,0,0,0,0,0,0,0,0
Otu00889,0,0,0,0,0,0,0,0,0,0,0,0
Otu00891,0,0,0,0,0,0,0,0,0,0,0,0
Otu00894,0,0,0,0,0,0,0,0,0,0,0,0
Otu00896,0,0,0,0,0,0,0,0,0,0,0,0
Otu00900,0,0,0,0,0,0,0,0,0,0,0,0
Otu00902,0,0,0,0,0,0,0,0,0,0,0,0
Otu00905,0,0,0,0,0,0,0,0,0,0,0,0
Otu00912,0,0,0,0,0,0,0,0,0,0,0,0
Otu00913,0,0,0,0,0,0,0,0,0,0,0,0
Otu00915,0,0,0,0,0,0,0,0,0,0,0,0
Otu00918,0,0,0,0,0,0,0,0,0,0,0,0
Otu00922,0,0,0,0,0,0,0,0,0,0,0,0
Otu00936,0,0,0,0,0,0,0,0,0,0,0,1
Otu00937,0,3,0,0,0,0,0,0,0,0,0,0
Otu00940,0,0,0,0,0,0,0,0,0,0,0,0
Otu00960,0,0,0,0,0,0,0,0,0,0,0,0
Otu00961,0,0,0,0,0,0,0,0,0,0,0,0
Otu00967,0,0,0,0,0,0,0,0,0,0,0,0
Otu00969,0,0,0,0,0,0,0,0,0,0,0,0
Otu00974,0,0,0,0,0,0,0,0,0,0,0,0
Otu00979,0,0,0,0,0,0,0,0,0,0,0,0
Otu00987,0,0,0,0,0,0,0,0,0,0,0,0
Otu00990,0,0,0,0,0,0,0,0,0,0,0,0
Otu00993,0,0,0,0,0,0,0,0,0,0,0,0
Otu00996,0,0,0,0,0,0,0,0,0,0,0,0
Otu00998,0,0,0,0,0,0,0,0,0,0,0,0
Otu01022,0,0,0,0,0,0,0,0,0,0,0,0
Otu01034,0,0,0,0,0,0,0,0,0,0,0,0
Otu01038,0,0,0,0,0,0,0,0,0,0,0,0
Otu01039,0,0,0,0,0,0,0,0,0,0,0,0
Otu01048,0,0,0,0,0,0,0,0,0,0,0,0
Otu01051,0,0,0,0,0,0,0,0,0,0,0,0
Otu01065,0,0,0,0,0,0,0,0,0,0,0,0
Otu01084,0,0,0,0,0,0,0,0,0,0,0,0
Otu01085,0,0,0,0,0,0,0,0,0,0,0,0
Otu01110,0,0,0,0,1,0,0,0,0,0,0,0
Otu01115,0,0,0,0,0,0,0,0,0,0,0,0
Otu01117,0,0,0,0,0,0,0,0,0,0,0,0
Otu01118,0,0,0,0,0,0,0,0,0,0,0,0
Otu01128,0,0,0,0,0,0,0,0,0,0,0,0
Otu01148,0,0,0,0,0,0,0,0,0,0,0,0
Otu01157,0,0,0,0,1,0,0,0,0,0,0,0
Otu01175,0,0,0,0,0,0,0,0,0,0,0,0
Otu01190,0,0,0,0,0,0,0,0,0,0,0,0
Otu01193,0,0,0,0,0,0,0,0,0,0,0,0
Otu01198,0,0,0,0,0,0,0,0,0,0,0,0
Otu01239,0,0,0,0,0,0,0,0,0,0,0,0
Otu01240,0,0,0,0,0,0,0,0,0,0,0,0
Otu01249,0,0,0,0,0,0,0,0,0,0,0,0
Otu01253,0,0,0,0,0,0,0,0,0,0,0,0
Otu01257,0,0,0,0,0,0,0,0,0,0,0,0
Otu01260,0,0,0,0,1,0,0,0,0,0,0,0
Otu01263,0,0,0,0,0,0,0,0,0,0,0,0
Otu01269,0,0,0,0,0,0,0,0,0,0,0,0
Otu01320,0,1,0,0,0,0,0,0,0,0,0,0
Otu01337,0,0,0,0,0,0,0,0,0,0,0,0
Otu01363,0,0,0,0,0,0,0,0,0,0,0,0
Otu01377,0,0,0,0,1,0,0,0,0,0,0,0
Otu01378,0,0,0,0,0,0,0,0,0,0,0,0
Otu01383,0,0,0,0,0,0,0,0,0,0,0,0
Otu01384,0,0,0,0,0,0,0,0,0,0,0,0
Otu01414,0,0,0,0,0,0,0,0,0,0,0,0
Otu01423,0,0,1,0,0,0,0,0,0,0,0,0
Otu01428,0,0,0,0,1,0,0,0,0,0,0,0
Otu01459,0,0,0,0,0,0,0,0,0,0,0,0
Otu01463,0,0,0,0,0,0,0,0,0,0,0,0
Otu01502,0,0,0,0,0,0,0,0,0,0,0,0
Otu01506,0,0,0,0,0,0,0,0,0,0,0,0
Otu01519,0,0,0,0,0,0,0,0,0,0,0,0
Otu01521,0,1,0,0,0,0,0,0,0,0,0,0
Otu01522,0,1,0,0,0,0,0,0,0,0,0,0
Otu01534,0,0,0,0,0,0,0,0,0,0,0,0
Otu01567,0,0,0,0,0,0,0,0,0,0,0,0
Otu01611,0,0,0,0,0,0,0,0,0,0,0,0
Otu01615,0,0,0,0,0,0,0,0,0,0,0,0
Otu01667,0,0,0,0,0,0,0,0,0,0,0,0
Otu01668,0,0,0,0,0,0,0,0,0,0,0,0
Otu01669,0,0,0,0,0,0,0,0,0,0,0,0
Otu01683,0,0,0,0,0,0,0,0,0,0,0,0
Otu01690,0,0,0,0,0,0,0,0,0,0,0,0
Otu01700,0,0,0,0,5,0,0,0,0,0,0,0
Otu01706,0,0,0,0,0,0,0,0,0,0,0,0
Otu01710,0,0,0,0,0,0,0,0,0,0,0,0
Otu01712,0,1,0,0,0,0,0,0,0,0,0,0
Otu01717,0,0,0,0,0,0,0,0,0,0,0,0
Otu01726,0,0,0,0,0,0,0,0,0,0,0,0
Otu01729,0,0,0,0,0,0,0,0,0,0,0,0
Otu01834,0,0,0,0,1,0,0,0,0,0,0,0
Otu01841,0,0,0,0,0,0,0,0,0,0,0,0
Otu01847,0,0,0,0,0,0,0,0,0,0,0,0
Otu01993,0,0,0,0,0,0,0,0,0,0,0,0
Otu02005,0,0,1,0,0,0,0,0,0,0,0,0
Otu02007,0,0,0,0,0,0,0,0,0,0,0,0
Otu02045,0,0,0,0,0,0,0,0,0,0,0,0
Otu02092,0,0,0,0,0,0,0,0,0,0,0,0
Otu02098,0,0,0,0,0,0,0,0,0,0,0,0
Otu02110,0,1,0,0,0,0,0,0,0,0,0,0
Otu02131,0,0,0,0,0,0,0,0,0,0,0,0
Otu02142,0,0,0,0,0,0,0,0,0,0,0,0
Otu02193,0,0,0,0,0,0,0,0,0,0,0,0
Otu02235,0,0,0,0,0,0,0,0,0,0,0,0
Otu02273,0,0,0,0,0,0,0,0,0,0,0,0
Otu02296,0,0,0,0,0,0,0,0,0,0,0,0
Otu02317,0,0,0,0,0,0,0,0,0,0,0,0
Otu02335,0,0,0,0,0,0,0,0,0,0,0,0
Otu02337,0,0,0,0,0,0,0,0,0,0,0,0
Otu02422,0,0,0,0,0,0,0,0,0,0,0,0
Otu02425,0,0,0,0,0,0,0,0,0,0,0,0
Otu02437,0,0,0,0,0,0,0,0,0,0,0,0
Otu02486,0,0,0,0,0,0,0,0,0,0,0,0
Otu02652,0,0,0,0,0,0,0,0,0,0,0,0
Otu02671,0,0,0,0,1,0,0,0,0,0,0,0
Otu02686,0,0,0,0,0,0,0,0,0,0,0,0
Otu02703,0,0,0,0,0,0,0,0,0,0,0,0
Otu02706,0,0,0,0,0,0,0,0,0,0,0,0
Otu02773,0,0,0,0,0,0,0,0,0,0,0,0
Otu02776,0,0,0,0,0,0,0,0,0,0,0,0
Otu02849,0,0,0,0,0,0,0,0,0,0,0,0
Otu03053,0,0,0,0,0,0,0,0,0,0,0,0
Otu03054,0,0,0,0,0,0,0,0,0,0,0,0
Otu03102,0,0,0,0,1,0,0,0,0,0,0,0
Otu03169,0,0,0,0,0,0,0,0,0,0,0,0
Otu03215,0,0,0,0,0,0,0,0,0,0,0,0
Otu03233,0,0,0,0,0,0,0,0,0,0,0,0
Otu03274,0,0,0,0,1,0,0,0,0,0,0,0
Otu03482,0,0,0,0,0,0,0,0,0,0,0,0
Otu03521,0,0,0,0,0,0,0,0,0,0,0,0
Otu03553,0,0,0,0,3,0,0,0,0,0,0,0
Otu03562,0,0,0,0,0,0,0,0,0,0,0,0
Otu03660,0,0,0,0,0,0,0,0,0,0,0,0
Otu03698,0,0,0,0,0,0,0,0,0,0,0,0
Otu03823,0,0,0,0,0,0,0,0,0,0,0,0
Otu03826,0,0,0,0,0,0,0,0,0,0,0,0
Otu03831,0,0,0,0,0,0,0,0,0,0,0,0
Otu03833,0,0,0,0,0,0,0,0,0,0,0,0
Otu03872,0,0,0,0,0,0,0,0,0,0,0,0
Otu03881,0,0,0,0,0,0,0,0,0,0,0,0
Otu03915,0,0,0,0,0,0,0,0,0,0,0,0
Otu03941,0,0,0,0,0,0,0,0,0,0,0,0
Otu04063,0,0,0,0,0,0,0,0,0,0,0,0
Otu04265,0,0,0,0,1,0,0,0,0,0,0,0
Otu04325,0,0,0,0,0,0,0,0,0,0,0,0
Otu04348,0,0,0,0,0,0,0,0,0,0,0,0
Otu04426,0,0,0,0,0,0,0,0,0,0,0,0
Otu04443,0,0,0,0,0,0,0,0,0,0,0,0
Otu04483,0,0,0,0,1,0,0,0,0,0,0,0
Otu04512,0,0,0,0,0,0,0,0,0,0,0,0
Otu04573,0,0,0,0,0,0,0,0,0,0,0,0
Otu04645,0,0,0,0,0,0,0,0,0,0,0,0
Otu04648,0,0,0,0,0,0,0,0,0,0,0,0
Otu04651,0,0,0,0,0,0,0,0,0,0,0,0
Otu04679,0,0,0,0,0,0,0,0,0,0,0,0
Otu04685,0,0,0,0,0,0,0,0,0,0,0,0
Otu04841,0,0,0,0,1,0,0,0,0,0,0,0
Otu04857,0,0,0,0,0,0,0,0,0,0,0,0
Otu04858,0,0,0,0,0,0,0,0,0,0,0,0
Otu04880,0,0,0,0,0,0,0,0,0,0,0,0
Otu04896,0,0,0,0,0,0,0,0,0,0,0,0
Otu04909,0,0,0,0,0,0,0,0,0,0,0,0
Otu05091,0,0,0,0,0,0,0,0,0,0,0,0
Otu05199,0,0,0,0,1,0,0,0,0,0,0,0
Otu05325,0,0,0,0,0,0,0,0,0,0,0,0
Otu05403,0,0,0,0,0,0,0,0,0,0,0,0
Otu05679,0,0,0,0,0,0,0,0,0,0,0,0
Otu06181,0,0,0,0,0,0,0,0,0,0,0,0
Otu06184,0,0,0,0,0,0,0,0,0,0,0,0
Otu06260,0,0,0,0,0,0,0,0,0,0,0,0
Otu06266,0,0,0,0,0,0,0,0,0,0,0,0
Otu06277,0,0,0,0,0,0,0,0,0,0,0,0
Otu06408,0,0,0,0,0,0,0,0,0,0,0,0
Otu06412,0,0,0,0,0,0,0,0,0,0,0,0
Otu06503,0,0,0,0,0,0,0,0,0,0,0,0
Otu06669,0,0,0,0,0,0,0,0,0,0,0,0
Otu06726,0,0,0,0,0,0,0,0,0,0,0,0
Otu06727,0,0,0,0,0,0,0,0,0,0,0,0
Otu06734,0,0,0,0,0,0,0,0,0,0,0,0
Otu06749,0,0,0,0,0,0,0,0,0,0,0,0
Otu06750,0,0,0,0,0,0,0,0,0,0,0,0
Otu06763,0,0,0,0,0,0,0,0,0,0,0,0
Otu06920,0,0,0,0,0,0,0,0,0,0,0,0
Otu06988,0,0,0,0,0,0,0,0,0,0,0,0
Otu07003,0,0,0,0,0,0,0,0,0,0,0,0
Otu07109,0,0,0,0,0,0,0,0,0,0,0,0
Otu07196,0,0,0,0,0,0,0,0,0,0,0,0
Otu07598,0,0,0,0,0,0,0,0,0,0,0,0
Otu07924,0,0,0,0,0,0,0,0,0,0,0,0
Otu08017,0,0,0,0,0,0,0,0,0,0,0,0
Otu08019,0,0,0,0,0,0,0,0,0,0,0,0
Otu08051,0,0,0,0,0,0,0,0,0,0,0,0
Otu08115,0,0,0,0,0,0,0,0,0,0,0,0
Otu08336,0,0,0,0,0,0,0,0,0,0,0,0
Otu08344,0,0,0,0,0,0,0,0,0,0,0,0
Otu08402,0,0,0,0,0,0,0,0,0,0,0,0
Otu08477,0,0,0,0,0,0,0,0,0,0,0,0
Otu09055,0,0,0,0,0,0,0,0,0,0,0,0
Otu09056,0,0,0,0,0,0,0,0,0,0,0,0
Otu09080,0,0,0,0,0,0,0,0,0,0,0,0
Otu09461,0,0,0,0,0,0,0,0,0,0,0,0
Otu09507,0,0,0,0,0,0,0,0,0,0,0,0
Otu09597,0,0,0,0,0,0,0,0,0,0,0,0
Otu09923,0,0,0,0,0,0,0,0,0,0,0,0
Otu09924,0,0,0,0,0,0,0,0,0,0,0,0
Otu09925,0,0,0,0,0,0,0,0,0,0,0,0
Otu09926,0,0,0,0,0,0,0,0,0,0,0,0
Otu09927,0,0,0,0,0,0,0,0,0,0,0,0
Otu09928,0,0,0,0,0,0,0,0,0,0,0,0
Otu09929,0,0,0,0,0,0,0,0,0,0,0,0
Otu09930,0,0,0,0,0,0,0,0,0,0,0,0
Otu10649,0,0,0,0,0,0,0,0,0,0,0,0
Otu11363,0,0,0,0,0,0,0,0,0,0,0,0
Otu11364,0,0,0,0,0,0,0,0,0,0,0,0
Otu11365,0,0,0,0,0,0,0,0,0,0,0,0
Otu11366,0,0,0,0,0,0,0,0,0,0,0,0
Otu11367,0,0,0,0,0,0,0,0,0,0,0,0
Otu11427,0,0,0,0,0,0,0,0,0,0,0,0
Otu12349,0,0,0,0,0,0,0,0,0,0,0,0
Otu12393,0,0,0,0,0,0,0,0,0,0,0,0
Otu12395,0,0,0,0,0,0,0,0,0,0,0,0
Otu12397,0,0,0,0,0,0,0,0,0,0,0,0
Otu12399,0,0,0,0,0,0,0,0,0,0,0,0
Otu12438,0,0,0,0,0,0,0,0,0,0,0,0
Otu12450,0,0,0,0,0,0,0,0,0,0,0,0
Otu12451,0,0,0,0,0,0,0,0,0,0,0,0
Otu13199,0,0,0,0,0,0,0,0,0,0,0,0
Otu13392,0,0,0,0,0,0,0,0,0,0,0,0
Otu13393,0,0,0,0,0,0,0,0,0,0,0,0
Otu13402,0,0,0,0,0,0,0,0,0,0,0,0
Otu13754,0,0,0,0,0,0,0,0,0,0,0,0
Otu14257,0,0,0,0,0,0,0,0,0,0,0,0
Otu14258,0,0,0,0,0,0,0,0,0,0,0,0
Otu14613,0,0,0,0,0,0,0,0,0,0,0,0
Otu14831,0,0,0,0,0,0,0,0,0,0,0,0
Otu15529,0,0,0,0,1,0,0,0,0,0,0,0
Otu15645,0,0,0,0,1,0,0,0,0,0,0,0
Otu15786,0,0,0,0,1,0,0,0,0,0,0,0
Otu16317,0,0,0,0,0,0,0,0,0,0,0,0
Otu16935,0,0,0,0,0,0,0,0,0,0,0,0
Otu16936,0,0,0,0,0,0,0,0,0,0,0,0
Otu16957,0,0,0,0,0,0,0,0,0,0,0,0
Otu16971,0,0,0,0,0,0,0,0,0,0,0,0
Otu16972,0,0,0,0,0,0,0,0,0,0,0,0
Otu17002,0,0,0,0,0,0,0,0,0,0,0,0
Otu17212,0,0,0,0,1,0,0,0,0,0,0,0
Otu17950,0,0,0,0,1,0,0,0,0,0,0,0
Otu18667,0,0,0,0,0,0,0,0,0,0,0,0
Otu19571,0,0,0,0,0,0,0,0,0,0,0,0
Otu19924,0,0,0,0,0,0,0,0,0,0,0,0
Otu20025,0,0,0,0,0,0,0,0,0,0,0,0
Otu20145,0,0,0,0,0,0,0,0,0,0,0,0
Otu20341,0,0,0,0,0,0,0,0,0,0,0,0
Otu20472,0,0,0,0,0,0,0,0,0,0,0,0
Otu20474,0,0,0,0,0,0,0,0,0,0,0,0
Otu20478,0,0,0,0,0,0,0,0,0,0,0,0
Otu20529,0,0,0,0,0,0,0,0,0,0,0,0
Otu20530,0,0,0,0,0,0,0,0,0,0,0,0
Otu20531,0,0,0,0,0,0,0,0,0,0,0,0
Otu20815,0,0,0,0,1,0,0,0,0,0,0,0
Otu20907,0,0,0,0,0,0,0,0,0,0,0,0
Otu20912,0,0,0,0,0,0,0,0,0,0,0,0
Otu20915,0,0,0,0,0,0,0,0,0,0,0,0
