Group,Sample,Sample,Sample,Sample,Sample,Sample,Sample,Sample,Sample,Sample,Sample,Sample,Sample,Sample,Sample,Sample,Sample,Sample,Sample,Sample,Sample,Sample,Sample,Sample,Sample,Sample,Sample,Sample,Sample,Control,Control,Control
ASV000001,96.77423738,68.24274806,78.66462011,94.26627794,90.12483639,10.21209741,86.06971303,49.62381711,40.6870229,45.17329218,13.41093846,1.098997146,4.719465578,2.278338962,13.01092716,95.10146561,33.30367673,87.38276411,98.06649396,96.65562282,96.65033497,96.13784201,99.24163976,98.12041143,80.98280098,19.10588612,21.10049322,13.08941148,13.82440476,0.294011318,0,1.372574207
ASV000002,0.004649059,0,0,0.819418677,2.2723784,49.06520031,5.784230018,1.600827939,4.11365564,9.510621468,2.344747073,7.069660795,25.8820176,48.06713787,76.41202402,0,0,0,0.002590674,0,0,0,0,0,0.049140049,0,0,0,0,0.373128102,0.086095566,3.055779813
ASV000003,0.094463884,0.111113738,0.49884881,0,1.913420687,17.2034564,2.444036643,0.653983353,0.016963528,0.0711474,36.90962002,25.57806674,52.038488,18.54328968,4.553816581,0,11.38192878,0,0,0,0,0,0,0,0,0.015994882,0.007706535,0,0,0.127226463,0,1.011977686
ASV000004,0.001264734,0,0.383729854,0.916600406,3.437804645,21.57109191,2.198525623,0.31634885,0,0.662595269,4.836735407,8.357238818,3.959146295,8.414675127,3.379508646,0,0,0,0,0,0,0,0,0,0,0,0,0,0,0,0,0.121191136
ASV000005,0.012804357,0.122934348,0,0.134729216,0.017497256,0.659858602,0.279432497,2.333016961,0.203562341,2.262710642,8.839996168,5.517964754,0.539125077,0.416004212,0.065332897,0.653889515,0.039312243,0.212351796,0.056994819,0.142240108,0.0419958,0.059443944,0,0.069921063,0,0,14.44204686,0.441685568,2.12797619,0.169635284,12.52281098,24.19819726
ASV000006,0,0,0,0.002208676,0,0,0,0,0,6.053761057,3.69693237,7.8094141,1.170105348,3.138809035,0.64134682,0,0,0,0,0,0,0,0,0,0,14.72328855,2.9824291,24.77020413,15.40178571,12.88623312,3.422298752,0.080937173
ASV000007,0.116221073,0.156032057,2.993092863,0.340136054,0.018896968,0.094265515,0.436871552,4.351434669,3.579304495,3.91644448,1.020376512,3.038780171,0.773261296,0.493545938,0.042085156,0.146561443,0,0.389311626,0.143350604,0.20295235,0.0219978,0.015285586,0.015228117,0,2.113022113,4.854446577,4.778051788,0.555091321,0.669642857,23.23440259,11.02900949,5.607795505
ASV000008,0.010988686,0.633584718,0.460475825,0,0,0,0,0,0,0,0,0,0,0,0,0.050732807,46.39879167,0,0,0,0,0,0,0,0,0,0,0,0,0,0,0
ASV000009,0,0,0,0,0,0,0,0,0,0,0,0,0,0,0.033251365,0,0.072417289,0,0,0,0,0,0.024364988,0,0,0,0,0,0.610119048,0.042408821,0,0.225402364
ASV000010,0,0,0,0,0,0,0,1.221247332,0.771840543,0,0.384636051,0.281531532,0,0.007992647,0.024711303,0,0,0,0,0,0,0,0,0,0,0.895713372,0.223489519,0,0.25297619,0,0,8.155861625
ASV000011,0.000845284,0,0,0.004417351,0.009149968,0,0,0,0,0,0,0,0.001027538,0,0,0,0.002069065,0.283135728,0,0,0,0,0.001522812,0.062560951,0.098280098,0.007997441,0.007706535,0,0,0.409836066,0,0.046168052
ASV000012,0,0,0,0,0,0,0,0,0,0.218915065,7.01084844,0.422297297,0,0.339156173,0.00029403,0.005636979,0,0,0,0,0,0,0,0,0.049140049,0,0.724414303,0,0,0,0.07204611,3.975014577
ASV000013,0,0,0,0.050799541,0.006778972,0,0,0,1.085665818,1.070565608,2.185781382,4.576421169,0.768126024,1.355647828,0.101290544,0,0,0,0,0,0.0019998,0,0.010659682,0.042320643,0,3.918746001,4.909062885,9.347021607,10.61011905,0.593723494,2.841153681,0.053560663
ASV000014,0,0,0,0,0,0,0,0,0,0.010041975,0.429594549,5.751189419,0.778377771,0.464565909,0.037319219,0,0,0,0,0,0,0,0,0,0,7.469609725,2.936189889,3.497672198,7.87202381,0,4.842875592,0.036247644
ASV000015,0.02749653,0.709236625,2.072141213,0.103807757,0.194995958,0,0.194359756,10.60463812,2.815945717,2.017032189,0.402955043,0,1.185058828,0.590492178,0.03479794,0.050732807,0,0.159263847,0,0.027754167,0,0.003396797,0.010659682,0,1.867321867,1.319577735,2.396732429,0.161155545,0.282738095,6.603331526,6.273687136,3.306346183
ASV000016,0,0,0,0,0,0,0,0,0,1.825624717,0.040499494,0.846558224,0.174681463,0.984045064,0.053384741,0,0,0,0,0,0,0,0,0,0,4.318618042,7.937731196,9.633520353,3.645833333,0,1.076194576,0
ASV000017,0,0,0,0,0,0,0,0,0,0.516157539,0.116436045,6.143273006,0.22292093,0.090823244,0.01323967,0,0,0,0,0,0,0,0,0,0,8.88515675,2.805178792,2.709800645,9.553571429,0.901639344,5.703831253,0.309597523
ASV000018,0.507707057,11.92463179,0,0,0,0,0,0,0,0,0,0,0,0,0,0,0.047588504,0,0,0,0,0,0,0,0,0,0,0,0,0,0,0
ASV000019,0,0,0,0,0,0,0,0,0.330788804,0.376348702,2.435365377,0.303931668,0.027743527,0,0.004742759,0,0,0,0,0,0,0,0,0,0,0,0.670468557,0,0,0,0,3.96127611
ASV000020,0,0,0,0,0,0,0,0,0.534351145,0,0.607795328,0,0,0.095695602,0,0.383314543,0,0,0,0,0,0,0,0,0,0,0,0,0,0,0,0.092336103
ASV000021,0.083698135,0.153667935,0,0,0.055361602,0,0.377286585,3.715854104,0.474978796,0.429997786,0.283664275,0.983954727,0.096588574,0.55548895,0.076309308,0,0.0537957,0,0,0,0,0.210601403,0,0,0,0,0,0.567028769,1.532738095,10.99744157,1.433447755,3.27476894
ASV000022,0,0,0,0,0,0,0,0,0,0,0.40230452,0,0,0.005994485,0.015323398,0,0,0,0,0,0,0,0,0,0,0,0,0,0,0,0,0.467451524
ASV000023,0.079045885,0.205678621,0,0,0,0,0,0,0,0,0,0,0,0,0,0,0.134489251,7.131481154,0.339378238,1.438012802,1.677832217,1.283989198,0.303039532,0.836292712,0,0,0,0,0,0,0,0
ASV000024,0,0,0,0,0,0,0,0,0,0,0,0.10066149,0.243149546,0.01198897,0.049211419,0,0,0,0,0,0,0,0,0,0,0.327895074,0,0,3.199404762,1.145038168,2.712010331,0
ASV000025,0,0,0,0,0.17878359,0,0,8.857061482,0.610687023,0.601013136,0.011124089,0.47860807,0.561762569,0.079926468,0,0,0,0,0,0.105812763,0,0,0.015228117,0,0.58968059,0,0,0,1.428571429,1.314673452,0.064571675,1.727121688
ASV000026,0.000632367,0,0,0.002208676,0.011264625,0,0,0.01185677,0,0.001430984,0,0.002644243,0,0,0,0,0,0.035391966,0,0,0,0.164744646,0.001522812,0,0,0,0,0,0,0.084817642,0,0
ASV000027,0,0,0,0,0,0,0,0,0,0,0,0,0,0,0,0,0,0,0,0,0,0,0,0,0,0,0,0,0,0,0,0
ASV000028,0.039106987,0.073287785,1.381427475,0.225284919,0.338548815,0,0.612218652,0,0,0.75056999,0.491171094,0.834486617,0.194519696,0.369659913,0.064081396,0,0,0,0.006908463,0.036427345,0.0159984,0.011888789,0,0,0,1.039667306,0.238902589,0,1.666666667,2.02672451,3.124282795,16.46093774
ASV000029,0,0,0,0,0,0,0,0,0,0.309041946,0,0.002644243,0,0,0,0,0,0,0,0,0,0,0,0,0,0.575815739,0,0,0,0,0.645716746,0.745991839
ASV000030,0,0,0,0,0,0,0,0,0,0,0,0,0.066789971,0,0.000773288,0,0,0,0,0,0,0,0,0,0,0,0,0,0,0,0.753336203,0
ASV000031,0,0,0,0.262832406,0,0,0,0,29.59287532,0.296213617,0,0,0,0,0,0,0,0,0,0,0,0,0,0,0,0,0,0.608809836,0,0,0.432276657,0
ASV000032,0.086641562,8.004917374,0,0,0,0,0,0,0,0,0,0,0,0,0,0,0,0,0,0,0,0,0,0,0,0,0,0,0,0,0,0
ASV000033,0.004649059,0.080380151,0,0.519038784,0.009868398,0,0,1.972796965,0.42408821,0.524869407,0.008937002,1.142313184,0.292667899,0.020450267,0,0.129650507,0,0.017695983,0.202936097,0.199483079,0,0,0.015228117,0,0.687960688,0,3.020961776,0,0.818452381,1.060220526,1.008645533,2.862601461
ASV000034,0,0.132390837,0,0,0,0,0,0,0,0,0,0,0,0,0,0,0,0.690143337,0.879965458,0.605387778,0.767923208,1.316258768,0.121824938,0.261283972,0,0,0,0,0,0,0,0
ASV000035,0.17591427,0,0.038372985,0,0,0,0.018742971,0.188634929,0,0,0,0,0,0,0,0,2.888415303,0.371615643,0,0,0.0019998,0,0,0,0,0,0,0,0,0,0,0.05109862
ASV000036,0,0,0,0,0,0,0,0,0,0,0,0,0,0,0,0,0,0,0,0,0,0,0,0,0,0,0,0,0,0,0,0
ASV000037,0,0.035461831,1.151189563,0,0.014687772,0,0,1.351671805,0,0,0,0,0.055487053,1.287456786,0.058806061,1.037204059,0,0,0,0,0,0,0,0,0,0,1.448828607,1.462337352,0.744047619,0,0.796383986,0.224735392
ASV000038,0,0,0,0,0,0,0,0,0,0.774220042,0.931165554,0.076683061,0.062676654,0.485024434,0.036808774,0,0,0,0,0,0,0,0,0,0,1.959373001,0.940197287,2.148740599,0,0,1.183814034,0.017313019
ASV000039,0,0,0,0,0,0,0,0,0.008481764,0.698921492,0.447541857,0.038347234,0.024219974,0.309634282,0.012788092,0,0,0,0,0,0,0,0,0,0,0,0,1.372806494,0.803571429,0,0,0.034626039
ASV000040,0,0,0,0,0,0,0,0,0,0.107875924,0.271104247,2.629685187,0.341135792,0.107384168,0.024754502,0,0,0,0,0,0,0,0,0,0,0.823736404,0,0.907246031,0,1.102629347,0.27981059,0.021748586
ASV000041,0.005691304,0,0,0,0,0,0,0,0,0,0,0,0,0,0,0,0,0,0,0,0,0,0,0,0,0,0,0,0,0,0,0
ASV000042,0,4.42563654,0,0.485908649,0.146399488,0,0,0,0,0,0,0,0,0,0,0,0,0,0,0,0,0,0,0,0,0,0,0,0,0,0,0
ASV000043,0,0,1.650038373,0,0,0.235663786,0,0.080738686,0,0.064268643,0.234482792,0,0.009972931,3.057187388,0,0,0,0,0,0,0,0,0,0,0,0,0,0,0,0,0,0.069252078
ASV000044,0.006956038,0,0,0,0,0,0,0,0,0,0,0,0,0,0,0,0,0,0,0,0,0,0,0,0,0,0,0,0,0.084817642,0,0
ASV000045,0,0,0,0,0,0,0,0,0,0.119443218,0.178054695,0.6985238,0.555092944,0.713969911,0.006762697,0,0,0,0,0,0,0,0,0,0,0,0.940197287,1.134057538,0.238095238,0.042408821,0.495049505,0.017313019
ASV000046,0.161431239,2.82512589,0,0,0,0,0,0,0,0,0,0,0,0,0,0,0.498644762,0,0,0,0,0,0,0,0,0,0,0,0,0,0,0
ASV000047,0,0,0,0,0,0,0,0,0,0.698081236,0.460922767,0.806494262,0.047706369,0.115483859,0.008892807,0,0,0,0,0,0,0,0,0,0,0,0,0.262623851,1.235119048,0,0.301334481,0
ASV000048,0,0.016548855,4.489639294,0.002208676,0,0,0,0,0,0.253057782,0,0,0,0,0.032864721,0,0,0,0,0,0.019998,0,0,0,0,0,0.477805179,0,1.056547619,0,0,3.95381166
ASV000049,0,0,0,0,0,0,0,0,0,0.196822719,0.414403766,0.533433116,0.106803201,0.041899654,0,0,0,0,0,0,0,0,0,0,0,1.439539347,0,1.086307747,0,0,0.322858373,0
ASV000050,0,0,0,0,0,0,0,0,0,0.283782973,0.290021744,0,0.27378092,0.117412578,0.03295492,0,0,0,0,0,0,0,0,0,0,1.439539347,0,0.769965381,0.119047619,0,0.817907878,0.014499058
ASV000051,0.176125292,0,0,0,0,0,0,0,0,0,0,0,0,0,0,0.281848929,1.833191947,0,0,0,0,0,0,0,0,0,0,0,0,0,0,0
ASV000052,0,0,0,0,0,0,0,0,0,0,1.006380546,0.630099722,0,0.015985294,0,0,0,0,0,0,0,0,0,0,0,0.447856686,0,0,0,0.212044105,0,0
ASV000053,0,0,0,0,0,0,0,0,0,0.43381334,0,0.936062193,0.285488489,0.026672411,0.036412831,0,0,0,0,0,0,0,0,0,0,0,0,0.471529187,0.37202381,0,0.344382264,0.007249529
ASV000054,0,0,0,0,0,0,0,0,0,0,0,0,0,0,0,0,0,0,0,0,0,0,0,0,0,0,0,0,0,0,0,0
ASV000055,0,0,0,0,0,0,0,0,0,0,0.469981271,0,0,0,0,0,0,0,0,0,0,0,0,0,0,0,0,0,0,3.68852459,0,0.429645542
ASV000056,0,0,0,0,0,0,0,0,0,0,0,0,0.256726227,1.192552142,0,0,0,0,0,0,0,0,0,0,0,0,0,0,0,3.032786885,0,0.017313019
ASV000057,0,0,0,0,0,0,0,0,0,0,0,0,0,0,0,0,0,0,0,0,0,0,0,0,0,0,0,0,0,0,0,0
ASV000058,0.080711655,0.11347786,0,0,0.035024687,0,0,0,0,0.208923614,0,0.020132298,0,0,0,0,0,0,0,0,0,0,0,0,0,0,0,0,0,0,2.377521614,1.771204327
ASV000059,0,0,0,0,0,0,0,0,0,0.02352333,0.093114978,0.075735788,0.072247241,0.036399076,0.027838352,0,0,0,0,0,0,0,0,0,0,0.351887396,0.115598027,0.835621344,0.297619048,0.042408821,0,0
ASV000060,0,0,0,0,0,0,0,0.237135404,0,0,0.600727941,0.297191065,0.028494087,0,0,0,0,0,0,0,0,0,0,0,0,0,1.949753391,0,0,0.848176421,0,0
ASV000061,0,0,0,0,0,0,0,0,0,0,0.521546334,0,0,0.001998162,0,0,0,0,0,0,0,0,0,0,0,0,0,0.173092993,0.327380952,0,0,0
ASV000062,0,0,0,0.421857055,0,0,0,0,0,0,0,0.506756757,0,0.319705871,0,0,0,0.017695983,0,0,0,0,0,0,0,0,0,0,0,0,0,1.090160885
ASV000063,0,0,0,0,0,0,0,0,0,0,0,0.396636522,0.000474901,0,0.015817701,0,0,0,0,0,0,0,0,0,0,2.287268074,0,0,0,0,0.408953939,0
ASV000064,0,0,0,0,0,0,0,0,0,0.282305046,0.057936776,0.304088,0.019306999,0.134387919,0.046397253,0,0,0,0,0,0,0,0,0,0,0,0,0.196967888,0.044642857,0,1.011622901,0
ASV000065,0,0,0,0,0,0.377062058,0,0,0,0.639386189,0.125998425,0,0.261860752,0,0,0,0,0,0,0,0,0,0,0.089241356,0,2.103326935,0,0,0,0,0,0.014499058
ASV000066,0,0,0,0,0,0,0,0,0,0.961621018,0.20579565,0,0,0.003996323,0,0,0.039312243,0,0,0,0,0,0,0,0,0,0,0,0,0,0,0
ASV000067,0,0,0,0,0.128099552,0,0,0.770690064,0,0,0.070874114,0,0.256726227,0.163000656,0,0,0,0,0,0,0,0,0,0,0,0,1.872688039,0,0,0,0,0.007249529
ASV000068,0.01164558,0,0,0,0,0,0,0,0,0,0,0,0,0,0,0,1.570420641,0,0,0,0,0,0,0,0,0,0,0,0,0,0,0.050125313
ASV000069,0,0,0,0,0,0,0,0,0,0.218915065,0.507211633,0,0.041101521,0.007992647,0.005437335,0,0,0,0,0,0,0,0,0,0,0,0,0.925152202,0.431547619,0,0,0
ASV000070,0,0,0,0,0,0,0,0.083674638,0,0,0,0,0,0,0,0,0,0,0,0,0,0,0,0,0,0,0,0,0,0,0,0
ASV000071,0.342792293,0.042554197,0,0,0,0,0,0,0,0,0,0,0,0,0,0.191657272,0,0,0,0,0,0,0,0,0,0,0,0,0,0,0,0
ASV000072,0,0,0,0,0,0,0,0,0,0.167425088,0,0.6514225,0.374842451,0,0.037504446,0,0,0,0,0,0,0,0,0,0,0,0,0,0,0.254452926,0,0.007249529
ASV000073,0,0.042554197,0,0,0,0,0,0,0.016963528,0,0.077868625,0,0.031841016,0.183830876,0,0.186020293,0,0,0,0,0.0219978,0,0.021319364,0,11.5970516,0,0,0,0,0.901639344,1.296829971,1.052087864
ASV000074,0,0,0,0,0,0,0,1.268674413,0,0.248333002,0,0,0,0,0,0,0,0,0,0,0,0,0,0,0,0,3.398581998,0,0,0,0,0.152240104
ASV000075,0,0,0,0,0,0,0,0,0,0,0.386995163,0,0,0,0,0,0,0,0,0,0,0,0,0,0,0,0,0,0,0,0,0
ASV000076,0.005916985,0,0.191864927,0.09718173,0.13724952,0,0.089549752,0.053581128,0.033927057,0,0,0,0,0,0,0.005636979,0.142765513,1.256414794,0.069084629,0.060712241,0,0.015285586,0,0.124201888,0,0,0,0.035812343,0,0,0,0
ASV000077,0.000422642,0,0,0,0,0,0,0,0,0,0,0,0,0,0,0,0,0,0,0,0,0,0,0,0,0,0,0,0,0,0,0
ASV000078,0,0,0,0,0,0,0,0,0,0.309292844,0.000562493,0.115256856,0.028771065,0.049241375,0,0,0,0,0,0,0,0,0,0,0,0,0,0,0,0,0,0
ASV000079,0,0,0,0,0,0,0,0,0,0,0,0.885821566,0,0,0,0,0,0,0,0,0,0,0,0,0,0,0,0,0,0,0,0
ASV000080,0,0,0,0,0,0,0,0,0,0,1.183787413,0.337837838,0,0,0,0,0,0,0,0,0,0,0,0,0,0,0,0,0,0,2.593659942,0
ASV000081,0,0,0,0,0,0,0,0,0,0,0,0,0,0.084206981,0,0,0,0,0,0,0,0,0,0,0,0,0,0,0,0,0,0
ASV000082,0,0,0,0,0,0,0,0,0,0.583414115,0,0,0,0,0,0,0,0,0,0,0,0,0,0,0,1.879398592,0,0,0,0,0,0
ASV000083,0,0,0.076745971,0,0,0,0.0874672,0,0,0,0,0,0,0,0,0,0,0,0,0,0,0,0,0,0,0,4.069050555,0,0,0,0,0
ASV000084,0,0,0,0,0,0,0,0,0,0.305492775,0,0,0,0.016841396,0.006425941,0,0,0,0,0,0,0,0,0,0,0,0.55487053,0,0,0,0.215238915,0
ASV000085,0,0,0.959324635,0,0,0,0,0,0,0.166696793,0.064124198,0,0,0,0,0,0,0,0,0,0,0,0,0,0,0,0,0.96693327,0.818452381,0,0,0
ASV000086,0.007539371,0,1.074443592,0,0.070606069,0,0,0,0,0,0,0.253847374,0,0,0,0,0,0.389311626,0.008635579,0,0.143985601,0,0,0,0,0,0,0,0,0.339270568,0,0
ASV000087,0.013101895,0,0,0,0,0,0,0,0,0,0.005562045,0,0,0.377517209,0,0,0,0,0,0,0,0,0,0,0,0,0,0,0,0,0,0
ASV000088,0.084242708,0.288422894,0,0,0,0,0,0,0,0,0,0,0,0,0,0.450958286,0.268978502,0,0,0,0,0,0,0,0,0,0,0,0,0,0,0
ASV000089,0.006208894,0,0,0,0.018299936,0,0,0,0,0,0,0,0.023270171,0,0,0,0,0,0,0,0,0.023777578,0,0,0,0.591810621,0,0,0,0,0,1.870378425
ASV000090,0.030985987,0.146575569,0,0,0,0,0,0,0,0,0.066873778,0.131339277,0.272129801,0,0.020582121,0,0,0,0,0,0,0,0,0,1.179361179,0,0,0,0,0,0,0.043497173
ASV000091,0,0,0,0,0,0,0,0,0,0.799417378,0,0,0,0,0,0,0,0,0,0,0,0,0,0,0,0,0,0,0,0,0,0
ASV000092,0,0,0,0,0,0,0,0,0,0.236990621,0,0,0,0,0,0,0,0,0.064766839,0,0,0,0,0,0,1.183621241,0,0,0,0,0,0
ASV000093,0,0,0,0,0,0,0,0,0,0,0,0,0,0,0,0,0,0,0,0,0,0,0,0,0,0,3.652897657,0,0,0,0,0
ASV000094,0,0,0,0,0,0,0,0,0,0.160671607,0,0,0,0.041981695,0,0,0,0,0,0,0,0,0,0,0,0.951695457,0,0,0,0,0.021523892,0
ASV000095,0,0,0,0,0.022596572,0,0,0,0,0,0,0,0,0,0,0,0,0.371615643,0,0,0,0,0,0,0,0,0,0,0,0,0,0
ASV000096,0,0,0,0,0,0,0,0,0,0,0,0,0,0,0,0,0,0,0,0,0,0,0,0,0,0,0,0,0,0.042408821,0,0.619195046
ASV000097,0.112361188,0.106385494,0,0,0,0,0,0,0,0,0,0,0,0,0,0.304396843,0,0,0,0.003469271,0.105989401,0.049253554,0.030456234,0.063480965,0,0,0,0,0,0,0,0
ASV000098,0,0,0,0,0,0,0,0,0,0,0.0719991,0,0,0,0.008403154,0,0,0,0,0,0,0,0,0,0,0,0,0,0,0,0.516573396,0
ASV000099,0,0,0,0,0,0,0,4.529286222,0,0,0,0,0,0,0,0,0,0,0,0,0,0,0,0,0,0,0,0,0,0,0,0
ASV000100,0,0,0,0,0,0,0,0,0,0,0,0,0,0,0,0,0,0,0,0,0,0,0,0,0,0,0,0,0,0,0,0.028760426
ASV000101,0,0,0,0,0.109799616,0,0,0.746976524,0,0,0,0.31444732,0,0,0,0,0,0,0,0,0,0,0,0,0,0,0,0,0,0,0,0
ASV000102,0.178550219,0,0,0,0,0,0,0,0,0,0,0,0,0,0,0.062006764,0,0,0,0,0,0,0,0,0,0,0,0,0,0,0,0
ASV000103,0,0,0,0,0,0,0,0,0,0.795324456,0,0,0,0,0,0,0,0,0,0,0,0,0,0,0,0,0,0,0,0,0,0
ASV000104,0,0,0,0,0.001834714,0.015710919,0.002082552,0.047822185,0,0.001430984,0,0.002644243,0.007434462,0.001025862,0.041704206,0,0,0.017695983,0,0,0,0,0,0,0,0,0,0,0,0,0,0
ASV000105,0,0,0,0,0,0,0,0,0,0,0,0,0,0,0,0,0,0,0,0,0,0,0,0,0,0,0,0,0,0,0,0
ASV000106,0,0,0,0,0,0,0,0,0,0,0.093373833,0,0,0,0,0,0,0,0,0,0,0,0,0,0,0,0,1.199713501,0,0,0,0
ASV000107,0,0,0,0.004417351,0,0,0,0,0,0.010041975,0,0,0,0.168965575,0.014334792,0,0,0,0,0,0,0,0,0,0,0,0,0,0,0,0.258286698,0
ASV000108,0,0,0,0,0,0,0,0,0,0.522309035,0,0,0,0,0,0,0,0,0,0,0,0,0,0,0,0,0,0,0,0,0,0
ASV000109,0,0,0,0,0,0,0,0,0,0,0,0,0,0.143620677,0,0,0,0,0,0,0,0,0,0,0,0,0,0,0,0,0,0
ASV000110,0,0,0,0,0,0,0,0,0,0.39495149,0,0,0,0,0,0,0,0,0,0,0,0,0,0,0,0,0.631935882,0,0,0,0,0
ASV000111,0,0,0,0,0.013392826,0,0,0,0,0,0,0,0.01541307,0.138688661,0,0,0,0,0,0,0,0,0,0,0,0,1.163686806,0,0,0,0,0
ASV000112,0.153448375,0.004728244,0,0,0,0,0,0,0,0,0,0,0,0,0,0,0,0,0,0,0,0,0,0,0,0,0,0,0,0,0,0
ASV000113,0.129554986,0.127662592,0,0,0.002964543,0,0,0,0,0.001430984,0,0,0.000474901,0.00259964,0.000880947,0.135287486,0,0,0,0,0,0,0,0,0,0,0,0,0,0,0,0
ASV000114,0,0,0,0,0,0,0,0,0,0,0,0.103537532,0,0,0,0,0,0,0,0,0,0,0,0,0,0,0,0.005968724,0.848214286,0,0,0
ASV000115,0,0,0,0,0,0,0,0,0,0,0.014134775,0.087829494,0.017571354,0.192240541,0,0,0,0,0,0,0,0,0,0,0,0,0,0,0,0,0.172191132,0.017313019
ASV000116,0,0,0,0.295962541,0,0,0,0,0,0,0,0,0,0,0,0,0,0,0,0,0,0,0,0,0,0,0,0,0,0,0,0
ASV000117,0,0,0,0.393144271,0,0,0,0,0,0,0,0,0.079120427,0,0,0,0,0,0,0,0,0,0,0,0,0.559820857,0,0,0,0,0,0
ASV000118,0,0,0,0,0,0,0,0,0,0,0,0,0,0,0,0,0.600028967,0,0,0,0,0,0,0,0,0,0,0,0,0,0,0
ASV000119,0,0,0,0,0,0,0,0,0,0,0,0,0,0.186458315,0,0,0,0,0,0,0,0,0,0,0,0,0,0,0,0,0,0
ASV000120,0,0,0,0,0,0,0,0,0,0,0,0,0,0,0,0,0,0,0,0,0,0,0,0,0,0,0,0,0,0,0,0
ASV000121,0,0,0,0.638307271,0,0,0,0,0,0,0,0,0,0,0,0,0,0,0,0,0,0,0,0,0,0,0,0,0,0,0,0
ASV000122,0,0,0,0,0,0,0,0,0,0,0,0,0,0,0,0,0,0,0,0,0,0,0,0,0,0,0,0,0,0,0,0
ASV000123,0.017739697,0.411357242,0,0,0,0,0,0,0,0.124520496,0,0,0,0,0,0,0,0,0,0,0,0,0,0,0,0,0,0,0.029761905,0,0,0
ASV000124,0,0,0,0,0,0,0,0,0,0.206024439,0.023062212,0.002876043,0.008220304,0.052437932,0,0,0,0,0,0,0,0,0,0,0,0.023992322,0.192663379,0.065655963,0.148809524,0,0.107619458,0.017313019
ASV000125,0,0,0,0,0,0,0,0,0,0,0,0,0,0,0,0,0,0.017695983,0,0.03816198,0.123987601,0.163046247,0.007614059,0.088321342,0,0,0,0,0,0,0,0
ASV000126,0,0,0,0,0,0,0,0,2.391857506,0,0,0,0,0,0,0,0,0,0,0,0,0,0,0,0,0,0,0,0,0,0,0
ASV000127,0,0,0,0,0,0,0,0,0,0.562350626,0,0,0,0,0,0,0,0,0,0,0,0,0,0,0,0,0,0,0,0,0,0
ASV000128,0,0,0,0,0,0,0,0,0,0,0.154685566,0,0,0,0,0,0,0,0,0,0,0,0,0,0,0,0,0,0,0,0,0
ASV000129,0,0,0,0,0,0,0,0,0,0,0,0,0,0,0,0,0,0,0,0,0,0.200411012,0,0,0,0,1.09432799,0,0,0,0.236762807,0
ASV000130,0,0,0,0,0,0,0,0,0,0,0,0.046975362,0.015671748,0,0,0,0,0,0,0,0,0,0,0,0,0,0,0.93708965,0,0,0,0
ASV000131,0,0,0,0,0,0,0,0,0,0,0.014062324,0,0,0.034284271,0.053513515,0,0,0,0,0,0,0,0,0,0,0,0,0,0,0,0,0
ASV000132,0,0,0,0,0,0,0,0,0,0,0.126560918,0,0.017571354,0,0,0,0,0,0,0,0,0,0,0,0,0,0,0,0,0,0,0
ASV000133,0,0,0,0,0,0,0,0,0,0,0,0,0,0,0,0,0,0,0,0,0,0,0,0,0,0,0,0,0,0,0,0
ASV000134,0,0,0,0,0,0,0,0,0,0,0,0,0,0,0,0,0,0,0.006908463,0,0,0,0,0,0,0,0,0,0,0,0,0
ASV000135,0,0,0,0,0,0,0,0,0,0,0,0,0,0,0,0,0,0,0,0,0,0,0,0,0,0,0,0.608809836,0,5,0,2.055137845
ASV000136,0,0,0,0,0,0,0,0,0,1.768968457,0,0,0,0,0,0,0,0,0,0,0,0,0,0,0,0,0,0,0,0,0,0
ASV000137,0,0,0,0,0,0,0,0,0,0,0.001687479,0.005288487,0,0.034284271,0,0,0,0,0,0,0,0,0,0,0,0,0.55487053,0,0.267857143,0,0,0
ASV000138,0,0,0,0,0,0,0,0,0,0.232973831,0,0,0,0.028269486,0,0,0,0,0,0,0,0,0,0,0,0,0,0.489435359,0,0,0,0
ASV000139,0,0,0,0,0,0,0,0,0,0,0,0,0,0,0,0,0,0,0,0.116220576,0.171982802,0.122284686,0.028933423,0,0,0,0,0,0,0,0,0
ASV000140,0,0,0,0,0,0,0,0,0,0,0,0,0,0.033081314,0,0,0,0,0,0,0,0,0,0,0,0,0,0,0,0,0,0
ASV000141,0,0,0,0,0,0,0,0,0,0,0,0,0,0,0,0,0,0,0,0,0,0,0,0,0,0,0,0,0,0,0,0.968552941
ASV000142,0,0,0,0,0,0,0,0,0,0,0.360436765,0,0,0,0,0,0,0,0,0,0,0,0,0,0,0,0.061652281,0,0,0,0,0
ASV000143,0,0,0,0,0,0,0,0,0,0,0.116611894,0,0,0,0.033225424,0,0,0,0,0,0,0,0,0,0,0,0,0,0,0,0,0
ASV000144,0,0,0,0,0,0,0,0,0,0,0,0.576445079,0,0,0,0,0,0,0,0,0,0,0,0,0,0,0,0,0.25297619,0,0,0
ASV000145,0,0,0,0,0,0,0,0,0,0,0.131060862,0,0,0,0,0,0,0,0,0,0,0,0,0,0,0,0,0,0,0,0,0
ASV000146,0,0,0,0,0,0,0,0,0,0,0,0,0,0,0,0,0,0,0,0,0,0,0,0,0,0,0,1.390712666,0,0,0,0
ASV000147,0,0,0.153491942,0,0,0,0.179115854,0,0,0,0,0,0,0,0.00029403,0,0,0.017695983,0,0,0,0,0,0,0,0,0,0,0,0,0,0
ASV000148,0,0,0,0,0,0,0,0,0,0,0,0,0.036567412,0,0,0,0,0,0,0,0,0,0,0,0,0,0,0,0,0,0,0
ASV000149,0.01286128,0.002364122,0,0,0,0,0,0,0,0,0.105186185,0,0,0,0,0,0,0,0,0,0,0,0,0,0,0,0,0,0,0,0,0
ASV000150,0,0,0,0,0,0,0,0,0,0,0,0,0,0,0,0,0,0.389311626,0.020725389,0.166525005,0.113988601,0.016983984,0.018273741,0.000920014,0,0,0,0,0,0,0,0
ASV000151,0,0,0,0,0,0,0,0,0,0,0,0.066148979,0,0,0,0,0,0,0,0,0,0,0,0,0,0,0,0,0,0,0,0
ASV000152,0,0,0,0,0,0,0,0,0,0,0,0,0.009247842,0,0,0,0,0,0,0,0,0,0,0,0,0,0,0.567028769,0,0,2.281532501,0
ASV000153,0,0,0,0,0,0,0,0,0,0.204856299,0,0.261780105,0,0,0,0,0,0,0,0,0,0,0,0,0,0,0,0,0,0,0,0
ASV000154,0,0,0,0,0,0,0,0,0,0,0,0.362261357,0,0,0,0,0,0,0,0,0,0,0,0,0,0,0,0,0,0,0,0
ASV000155,0,0,0,0,0,0,0,0,0,0,0,0,0,0,0,0,0,0,0,0,0,0,0,0,0,0,0,0,0,0,0,0
ASV000156,0,0,0,0,0,0,0,0,0,0.180303941,0,0,0,0,0,0,0,0,0,0,0,0,0,0,0,0,0,0,1.220238095,0,0,0
ASV000157,0,0,0,0,0,0,0,0,0,0,0.294788364,0,0,0.001998162,0,0,0,0,0,0,0,0,0,0,0,0,0,0,0,0,0,0
ASV000158,0,0,0,0,0,0,0,0,0,0,0,0,0,0.171841905,0,0,0,0,0,0,0,0,0,0,0,0,0,0,0,0,0,0
ASV000159,0,0,0,0,0,0,0,0,1.730279898,0,0,0,0,0,0,0,0,0,0,0,0,0,0,0,0,0,0,0,0,0,0,0
ASV000160,0,0,0,0,0,0,0,0,0,0,0.123119602,0,0,0.001998162,0,0,0,0,0,0,0,0,0,0,0,0,0,0,0,0,0.043047783,0
ASV000161,0,0,0,0,0,0,0,0,0,0,0,0,0,0,0,0,0,0,0,0,0,0,0,0,0,0,0,0,0,0,0,0
ASV000162,0,0,0,0,0,0,0,0,0,0.002861967,0,0,0,0.309715062,0,0,0,0,0,0,0,0,0,0,0,0,0,0,0,0,0,0
ASV000163,0,0,0,0,0,0,0,0,0,0,0,0,0,0,0,0,0,0,0,0,0,0,0,0,0,0,0,1.134057538,0,0,0,0
ASV000164,0,0,0,0,0,0,0,0,0,0.062963281,0,0,0,0,0.033813485,0,0,0,0,0,0,0,0,0,0,0,0,0,0.223214286,0,0,0
ASV000165,0,0,0,0,0,0,0,0,0,0.010041975,0,0.048892724,0,0.033081314,0,0,0,0,0,0,0,0,0,0,0,0.423864363,0,0,0,0,0,0
ASV000166,0.000443492,0,0,0,0,0,0,0,0,0,0,0,0.010269049,0.001025862,0,0,0,0,0,0,0,0,0,0,0,0,0,0,0,0,0,0
ASV000167,0,0,0,0,0,0,0,0,0,0,0,0,0.323597941,0,0,0,0,0,0,0,0,0,0,0,0,0,0,0,0,0,0,0.007249529
ASV000168,0,0,0,0,0,0,0,0,0,0,0,0.611604378,0,0,0,0,0,0,0,0,0,0,0,0,0,0,0,0.393935777,0,0.169635284,0.215238915,0
ASV000169,0,0,0,0,0,0,0,0,0,0.126528891,0.064124198,0,0,0,0,0,0,0,0,0,0,0,0,0,0,0,0,0,0,0,0,0
ASV000170,0,0,0,0,0,0,0,0,0,0,0,0,0,0.067706891,0,0,0,0,0,0,0,0,0,0,0,0,0,0,1.398809524,0.339270568,0,0
ASV000171,0,0,0,0,0,0,0,0,0,0,0,0,0,0,0.015465751,0,0,0,0,0,0,0,0,0,0,0,1.017262639,0,0,0,0,0
ASV000172,0,0,0,0,0,0,0,0,0,0,0,0,0,0.004210349,0,0,0,0,0,0,0,0,0,0,0,0,0,0,0,0,0,0
ASV000173,0,0,0,0,0.047227333,0,0,0,0,0.154546235,0,0,0,0,0,0,0,0,0,0,0,0,0,0,0,0,0,0,0,0,0,0
ASV000174,0,0,0,0,0,0,0,0,0,0,0.069186635,0,0.053431977,0,0,0,0,0,0,0,0,0,0,0,0,0,0,0,0,0,0,0
ASV000175,0,0.047282442,0,0,0,0,0,0,0,0,0,0.383415305,0,0,0,0,0,0,0,0,0,0,0,0,0,0,0,0,0,0,0,0
ASV000176,0,0,0,0,0,0,0,0,0,0,0,0,0,0,0,0,0,0,0,0,0,0,0,0,0,0,0,0,0,0,0,0
ASV000177,0,0,0,0,0,0,0,0,0,0,0,0,0,0,0,0,0,0,0,0,0,0,0,0,0,0,0,0,0,0,0,0
ASV000178,0,0,0,0,0,0,0,0,0,0,0.052311846,0,0.036567412,0,0,0,0,0,0,0,0,0,0,0,0,0,0,0,0,0,0,0
ASV000179,0,0,0,0,0,0,0,0,0,0,0,0,0,0.001998162,0,0,0,0,0,0,0,0,0,0,0,0,0,0,0,0,0,0
ASV000180,0,0,0,0,0,0,0,0,0,0,0,0,0,0,0,0,0,0,0,0,0,0,0,0,0,0,0,0,0,0,0,0
ASV000181,0,0,0,0,0,0,0,0,0,0,0,0,0,0,0,0,0,0,0,0,0,0,0,0,0,0,0,0,0,0,0,0
ASV000182,0,0,0,0,0,0,0,0,0,0,0.092248847,0,0,0,0,0,0,0,0,0,0,0,0,0,0,0,0,0,0,0,0,0
ASV000183,0,0,0,0,0,0,0,0,0,0,0,0,0,0.090275854,0,0,0,0,0,0,0,0,0,0,0,0,0,0.453623015,0,0,0,0
ASV000184,0,0,0,0,0,0,0,0,0,0,0,0,0,0,0,0,0,0,0,0,0,0,0,0,0,0,0,0,0,0,0,0
ASV000185,0,0,0,0,0,0,0,0,0,0,0.139051115,0,0.02055076,0.005022185,0,0,0,0,0,0,0,0,0,0,0,0,0,0.674465799,0,0,0,0
ASV000186,0,0.335705336,0,0.002208676,0,0,0,0,0,0,0,0,0,0,0,0,0,0,0,0,0,0,0,0,0,0,0,0,0,0,0,0
ASV000187,0,0,0,0,0,0,0,0,0,0,0,0.422297297,0,0,0,0,0,0,0,0,0,0,0,0,0,0,0,0,0,0,0,0
ASV000188,0,0,0.575594781,0,0,0,0,0,0,0.201768696,0,0,0,0,0,0,0,0,0,0,0,0,0,0,0,0,0,0,0,0,0,0
ASV000189,0,0,0,0,0.100649648,0,0,0,0,0,0.079874002,0,0,0,0,0,0,0,0,0,0,0,0,0,0,0,0,0,0,0,0,0
ASV000190,0,0,0,0,0,0,0,0,0,0,0,0,0,0,0.057996567,0,0,0,0,0,0,0,0,0,0,0,0,0,0,0,0,0
ASV000191,0,0,0,0,0,0,0,0,0,0,0,0,0,0,0,0,0,0,0,0,0,0,0,0,0,0,0,0,0,0,0,0
ASV000192,0,0,0,0,0,0,0,0,0,0,0,0,0,0.303720577,0,0,0,0,0,0,0,0,0,0,0,0,0,0,0,0,0,0.017313019
ASV000193,0,0,0,0,0,0,0,0,0,0,0,0,0,0,0,0,0,0,0,0,0,0,0,0,0,0,0,0.847558792,0,0,0.215238915,0
ASV000194,0,0,0,0,0,0,0,0,0,0.020083951,0,0.042539695,0,0.038005671,0,0,0,0,0,0,0,0,0,0,0,0.111964171,0,0.029843619,0.074404762,0,0,0
ASV000195,0,0,0,0,0,0,0,0,0,0,0,0,0,0,0,0,0,0,0,0,0,0,0,0,0,0,0,0,0,0,0,0
ASV000196,0,0,0,0,0,0,0,0,0,0,0,0,0,0,0.043222455,0,0,0,0,0,0,0,0,0,0,0,0,0,0,0,0,0
ASV000197,0,0,0,0,0.018327025,0,0,1.233104102,0,0,0,0,0,0,0,0,0,0,0,0,0,0,0,0.011040168,0,0,0,0,0,0,0,0
ASV000198,0,0,0,0,0,0,0,0,0,0.20749263,0,0,0,0,0,0,0,0,0,0,0,0,0,0,0,0,0,0,0,0,0,0
ASV000199,0,0,0,0,0,0,0,0,0,0.02718869,0,0,0,0,0,0,0,0,0,0,0,0,0,0,0,1.007677543,0,0,0,0,0,0
ASV000200,0,0,0,0,0,0,0,0,0,0,0,0,0,0,0,0,0,0,0,0,0,0,0,0,0,0,0,0,0,2.704918033,1.296829971,0
ASV000201,0,0,0,0,0,0,0,0,0,0,0,0,0,0,0,0,0,0,0,0,0,0,0,0,0,1.151631478,0,0,0,0,0,0
ASV000202,0,0,0,0,0,0,0,0,0,0,0,0,0,0,0,0,0,0,0,0,0,0,0,0,0,0,0,0,0,0,0,0
ASV000203,0,0,0,0,0,0,0,0,0,0,0.007312409,0,0,0,0,0,0,0,0,0,0,0,0,0,0,0.007997441,0,0.525247702,0.014880952,0,0,0
ASV000204,0,0,0,0,0,0,0,0,0,0,0,0.136132681,0,0,0,0,0,0,0,0,0,0,0,0,0,0,0,0,0,0,0,0
ASV000205,0,0,0,0,0,0,0,0,0,0.066277038,0,0,0,0,0,0,0,0,0,0,0,0,0,0,0,0.319897633,0,0,0,0,0,0
ASV000206,0,0,0,0,0,0,0,0,0,0,0,0,0,0.060943048,0,0,0,0,0,0,0.009999,0,0,0,0,0,0,0,0,2.540983607,0,0
ASV000207,0,0,0,0,0,0,0,0,0,0,0,0,0,0,0,0,0,0,0,0,0,0,0,0,0,0,0,0,0,0,0,0
ASV000208,0,0,0,0,0,0,0,0,0,0,0,0.367549844,0,0,0,0,0,0,0,0,0,0,0,0,0,0,0,0,0,0,0,0
ASV000209,0,0,0,0,0,0,0,0,0,0,0.002249972,0.005288487,0,0,0,0,0,0,0,0,0,0,0,0,0,0,0,0.787871553,0,0,0,0
ASV000210,0,0,0,0,0,0,0,0,0,0,0,0,0,0.127882348,0,0,0,0,0,0,0,0,0,0,0,0,0,0.161155545,0.05952381,2.704918033,0,0
ASV000211,0,0,0,0,0,0.502749411,0,0,0,0.138805415,0,0,0,0,0,0,0,0,0,0,0,0,0,0,0,0,0,0,0,0,0,0
ASV000212,0,0,0,0,0,0,0,0,0,0,0,0,0,0,0,0,0,0,0,0,0,0,0,0,0,0.967690339,0,0,0,0,0,0
ASV000213,0,0,0,0,0,0,0,0,0,0,0.077061537,0,0,0,0,0,0,0,0,0,0,0,0,0,0,0,0,0,0,0,0,0
ASV000214,0,0,0,0,0,0,0,0,0,0,0,0,0,0,0.023198627,0,0,0,0,0,0,0,0,0,0,0,0,0,1.101190476,0,0,0
ASV000215,0,0,0,0,0,0,0,0,0,0,0,0.003602924,0.005134525,0,0,0,0,0,0,0,0,0,0,0,0,0,1.017262639,0,0,0,0,0
ASV000216,0,0,0,0,0,0,0,0,0,0,0,0,0,0,0,0,0,0,0,0,0,0,0,0,0,0,0.007706535,0,0,0,0,0.107411386
ASV000217,0,0,0,0,0,0,0,0,0,0,0,0.075503988,0,0.035487228,0,0,0,0,0,0,0,0,0,0,0,0,0,0,0,0,0,0
ASV000218,0,0,0,0,0,0,0,0,0,0,0.116802937,0,0,0.001998162,0,0,0,0,0,0,0,0,0,0,0,0,0,0,0,0,8.069164265,0
ASV000219,0,0,0,0,0,0,0,0,0,0.182763953,0.000562493,0,0,0.000601478,0,0,0,0,0,0,0,0,0,0,0,0,0,0,0,0,0,0
ASV000220,0,0,0,0,0,0,0,0,0,0,0,0,0,0,0,0,0,0,0,0,0,0,0,0,0,1.063659629,0,0,0,0,0,0
ASV000221,0,0,0,0,0,0,0,0,0,0,0,0,0,0,0,0,0,0,0,0,0,0,0,0,0,0,0,0,0,0,0,0
ASV000222,0,0,0,0,0,0,0,0,0,0,0,0,0,0,0,0,0,0,0,0,0,0,0,0,0,0,0,0,0,0,0,0
ASV000223,0,0,0,0,0,0,0,0,0,0,0,0.124628511,0,0,0,0,0,0,0,0,0,0,0,0,0,0.015994882,0,0,0,0,0,0
ASV000224,0,0,0,0,0,0,0,0,0,0.187458859,0,0,0,0,0,0,0,0,0,0,0,0,0,0,0,0,0,0,0,0,0,0
ASV000225,0,0,0.230237913,0,0.100649648,0,0,0,0,0,0,0,0,0,0.030873182,0,0,0,0,0,0,0,0,0,0,0,0,0,0,0,0,0
ASV000226,0,0,0,0,0,0,0,0,0,0,0,0,0,0,0,0,0,0,0.023316062,0,0,0,0,0,0,0,0,0,0,0,2.195436935,0
ASV000227,0,0,0,0,0,0,0,0,0,0.419153169,0,0.309684685,0,0,0,0,0,0,0,0,0,0,0,0,0,0,0,0,0,0,0.99009901,0
ASV000228,0,0,0,0,0,0,0,1.529523358,0,0,0,0,0,0,0,0,0,0,0,0,0,0,0,0,0,0,0,0,0,0,0,0
ASV000229,0,0,0,0,0,0,0,0,0,0,0,0,0.066789971,0,0,0,0,0,0,0,0,0,0,0,0,0,0,0,0,0,0,0
ASV000230,0,0,0,0,0,0,0,0,0,0,0.0719991,0,0,0,0,0,0,0,0,0,0,0,0,0,0,0,0,0,0,0,0,0
ASV000231,0,0,0,0,0,0,0,0,0,0,0.053436832,0,0,0.001025862,0,0,0,0,0,0,0,0,0,0,0,0,0,0.011937448,0,0,0,0
ASV000232,0,0,0,0,0,0,0,0,0,0,0,0,0,0,0,0,0,0,0,0,0,0,0,0,0,0,0,0,0,0,0,0.309597523
ASV000233,0,0,0,0,0,0,0,0,0,0,0.029812127,0,0,0,0,0,0,0,0,0,0,0,0,0,0,0,0,0,0,0,0,0
ASV000234,0,0,0,0,0,0,0,0,0,0,0,0,0,0,0.045623966,0,0,0,0,0,0,0,0,0,0,0,0,0,0,0,0,0
ASV000235,0,0,0,0,0,0,0,0,0,0,0,0,0,0,0,0,0,0,0,0,0,0,0,0,0,0,0,0,0,0,0,0
ASV000236,0,0,0,0,0,0,0,0,0,0,0,0,0,0,0.036753788,0,0,0,0,0,0,0,0,0,0,0,0,0,0,0,0,0
ASV000237,0,0,0,0,0,0,0,0,0,0,0,0,0,0,0.044464034,0,0,0,0,0,0,0,0,0,0,0,0,0,0,0,0,0
ASV000238,0,0,0,0,0,0,0,0,0,0,0,0.319953461,0,0,0,0,0,0,0,0,0,0,0,0,0,0,0,0,0,0,0,0
ASV000239,0,0,0,0,0,0,0,0,0,0,0.068624142,0,0,0,0,0,0,0,0,0,0,0,0,0,0,0,0,0,0,0,0,0
ASV000240,0,0,0,0,0,0,0,0,0,0.00401679,0.065748792,0,0,0,0,0,0,0,0,0,0,0,0,0,0,0,0,0.029843619,0,0,0,0
ASV000241,0,0,0,0,0,0,0,0,0,0,0,0,0,0,0,0,0,0,0,0,0,0,0,0,0,0.959692898,0,0,0,0,0,0
ASV000242,0,0,0,0,0,0,0,0,0,0,0,0,0,0,0.039051022,0,0,0,0,0,0,0,0,0,0,0,0,0,0,0.508905852,0,0
ASV000243,0,0,0,0,0,0,0,0,0,0,0,0,0,0,0,0,0,0,0,0,0,0,0,0,0,0.935700576,0,0,0,0,0,0
ASV000244,0,0,0,0,0,0,0,0,0,0,0,0.314664974,0,0,0,0,0,0,0,0,0,0,0,0,0,0,0,0,0,0,0,0
ASV000245,0,0,0,0,0,0,0,0,0,0,0,0,0,0.122077576,0,0,0,0,0,0,0,0,0,0,0,0,0,0,0,0,0,0
ASV000246,0,0,0,0,0,0,0,0,0,0.150629632,0.055620446,0,0,0,0,0,0,0,0,0,0,0,0,0,0,0,0,0,0,0,0,0
ASV000247,0.049227658,0.014184732,0,0,0,0,0,0,0,0,0,0,0,0,0,0,0,0,0,0,0,0,0,0,0,0,0,0,0,0,0,0
ASV000248,0,0,0,0,0,0,0,0,0,0,0.065811677,0,0,0,0,0,0,0,0,0,0,0,0,0,0,0,0,0,0,0,0,0
ASV000249,0,0,0,0,0,0,0,0,0,0,0,0,0,0,0.034401545,0,0,0,0,0,0,0,0,0,0,0,0,0,0,0,0,0
ASV000250,0,0,0,0,0,0,0,0,0.975402884,0,0,0,0,0,0,0,0,0,0,0,0,0,0,0,0,0,0,0,0,0,0,0
ASV000251,0,0,0,0,0,0,0,0,0,0.164563121,0,0,0,0,0,0,0,0,0,0,0,0,0,0,0,0,0,0,0,0,0,0
ASV000252,0,0,0,0,0,0,0,0,0,0,0.064686691,0,0,0,0,0,0,0,0,0,0,0,0,0,0,0,0,0,0,0,0,0
ASV000253,0.000632367,0,0,0,0,0,0,0.078536721,0,0,0,0,0,0,0,0,0,0,0,0,0,0,0,0,0,0,0,0,0,0,0,0
ASV000254,0,0,0,0,0,0,0,0,0,0,0,0,0,0,0,0,0,0,0,0,0,0,0,0,0,0.911708253,0,0,0,0,0,0
ASV000255,0,0,0,0,0,0,0,0,0,0,0.064124198,0,0,0,0,0,0,0,0,0,0,0,0,0,0,0,0,0,0,0,0,0
ASV000256,0,0,0,0,0,0,0,0,0,0,0.063561705,0,0,0,0,0,0,0,0,0,0,0,0,0,0,0,0,0,0,0,0,0
ASV000257,0,0,0,0,0,0,0,0,0,0,0.063561705,0,0,0,0,0,0,0,0,0,0,0,0,0,0,0,0,0,0,0,0,0
ASV000258,0,0,0,0,0,0,0,0,0,0,0,0.298799513,0,0,0,0,0,0,0,0,0,0,0,0,0,0,0,0,0,0,0,0
ASV000259,0,0,0,0,0,0,0,0,0,0,0,0,0,0,0,0,0,0,0,0,0,0,0,0,0,0,0,0,0,0,0,0
ASV000260,0,0,0,0,0,0,0,0,0,0,0,0,0,0.0613508,0,0,0,0,0,0,0.0159984,0,0,0,0,0,0,0,0,0,0,0
ASV000261,0,0,0,0,0,0,0,0,0,0,0,0,0,0,0,0,0,0,0,0,0,0,0,0.101201538,0,0,0,0,0,0,0,0
ASV000262,0,0,0,0,0,0,0,0,0,0,0,0.000958681,0.005609426,0.063756714,0.000494303,0,0,0,0,0,0,0,0,0,0,0,0,0,0,0,0,0
ASV000263,0,0,0,0,0,0,0,0,0,0,0,0,0,0,0,0,0,0,0,0,0,0,0,0,0,0,0,0.656559628,0,0,0,0
ASV000264,0,0,0,0,0,0,0,0,0,0,0.388706315,0,0,0,0,0,0,0,0,0,0,0,0,0,0,0,0,0,0,0,0,0
ASV000265,0,0,0,0,0,0,0,0,0,0.184772348,0,0,0,0,0,0,0,0,0,0,0,0,0,0,0,0,0,0,0.25297619,0,0,0
ASV000266,0,0,0,0,0,0,0,0,0,0,0,0,0,0,0,0,0,0,0,0,0,0,0,0,0,0,0,0.64462218,0,0,0,0
ASV000267,0,0,1.41980046,0,0,0,0,0,0,0,0,0,0,0,0,0,0,0,0,0,0,0,0,0,0,0,0,0,0,0,0,0
ASV000268,0,0,0,0,0,0,0,0,0,0,0,0,0,0,0,0,0,0,0,0,0,0,0,0,0,0,0,0,0,0,0,0
ASV000269,0,0,0,0,0,0,0,0,0,0.002008395,0.006346159,0.005288487,0.005134525,0.002051724,0.000386644,0,0,0,0,0,0,0,0,0,0,0.007997441,0,0.023874896,0.014880952,0,0,0
ASV000270,0,0,0,0,0,0,0,0,0,0.153115251,0,0,0,0,0,0,0,0,0,0,0,0,0,0,0,0,0,0,0,0,0,0
ASV000271,0,0,0,0,0,0,0,0,0,0,0.059624255,0,0,0,0,0,0,0,0,0,0,0,0,0,0,0,0,0,0,0,0,0
ASV000272,0,0,0,0,0,0,0,0,0,0,0,0,0,0,0,0,0,0,0,0,0,0,0,0,0,0,0,0,0,0,0,0
ASV000273,0,0,0,0,0,0,0,0,0,0,0,0,0,0,0,0,0,0,0,0,0,0,0,0,0,0,0,0.567028769,0,0,0,0
ASV000274,0,0,0,0,0,0,0,0,0,0.234441603,0,0,0,0.018465516,0,0,0,0,0,0,0,0,0,0,0,0,0,0,0,0,0,0
ASV000275,0,0,0,0,0,0,0,0,0,0,0,0,0,0,0,0,0,0,0,0,0,0,0,0,0,0,0,0,0,0,0,0
ASV000276,0,0,0,0,0,0,0,0,0,0,0,0,0,0.106689646,0,0,0,0,0,0,0,0,0,0,0,0,0,0,0,0,0,0
ASV000277,0,0,0,0,0,0,0,0.059283851,0,0,0,0,0.046540343,0,0,0,0,0,0,0,0,0,0,0,0,0,0,0,0,0,0,0
ASV000278,0,0,0,0,0,0,0,0,0,0,0,0,0,0,0.030285121,0,0,0,0,0,0,0,0,0,0,0,0,0,0,0,0,0
ASV000279,0,0,0,0,0,0,0,0,0,0,0,0,0,0,0,0,0,0,0,0,0,0,0,0,0,0,0,0,0,0,0,0
ASV000280,0,0,0,0,0,0,0,0,0,0,0,0,0,0,0,0,0,0,0,0,0,0,0,0,0,0,0,0,1.517857143,0,0,0
ASV000281,0,0,0,0,0,0,0,0,0,0.202847904,0,0,0,0,0,0,0,0,0,0,0,0,0,0,0,0,0,0,0,0,0,0
ASV000282,0,0,0,0,0,0,0,0,0,0,0,0,0,0,0,0,0,0,0,0,0,0,0,0,0,0,0,0,0,0,0,0
ASV000283,0,0,0,0,0,0,0,0,0,0,0,0,0,0,0,0,0,0,0,0,0,0,0,0,0,0,0,0,0,0,2.109341369,0
ASV000284,0,0,0,0,0,0,0,0,0,0,0,0,0,0,0,0,0,0,0,0,0,0,0,0,0,0,0,0,0,0,0,0
ASV000285,0,0,0,0,0,0,0,0,0,0.138805415,0,0,0,0,0,0,0,0,0,0,0,0,0,0,0,0,0,0,0,0,0,0
ASV000286,0,0,0,0,0,0,0,0,0,0.196822719,0,0,0,0,0,0,0,0,0,0,0,0,0,0,0,0,0,0,0,0,0,0
ASV000287,0,0,0,0,0,0,0,0,0,0.194814324,0,0.000958681,0,0,0,0,0,0,0,0,0,0,0,0,0,0,0,0,0,0,0,0
ASV000288,0,0,0,0,0,0,0,0,0,0,0,0,0,0,0,0,0,0,0,0,0,0,0,0,0,0.7837492,0,0,0,0,0,0
ASV000289,0,0,0,0,0,0,0,0,0,0,0,0,0,0.193821684,0,0,0,0,0,0,0,0,0,0,0,0,0,0,0,0,0,0.017313019
ASV000290,0,0,0,0,0,0,0,0,0,0,0,0,0,0,0,0,0,0,0,0,0,0,0,0,0,0,0.755240444,0,0,0,0,0
ASV000291,0,0,0,0,0,0,0,0,0,0,0,0.093950724,0,0,0,0,0,0,0,0,0,0,0,0,0,0,0,0,0,0,0,0
ASV000292,0,0,0,0,0,0,0,0,0,0,0,0,0,0,0.02881497,0,0,0,0,0,0,0,0,0,0,0,0,0,0,0,0,0
ASV000293,0,0,0,0,0,0,0,0,0,0.146612842,0,0,0.011397635,0,0,0,0,0,0,0,0,0,0,0,0,0,0,0,0,0,0,0
ASV000294,0,0,0,0,0,0,0,0,0,0,0,0,0,0,0,0,0,0,0,0,0.0019998,0,0,0,0,0,0,0,0,0,0,0
ASV000295,0,0,0,0,0,0,0,0,0,0,0,0,0,0,0.030544858,0,0,0,0,0,0.0259974,0,0,0,0,0,0,0,0,0,0,0
ASV000296,0,0,0,0,0,0,0,0,0,0,0,0,0,0,0,0,0,0,0,0,0,0,0,0,0,0,0,0,0,0,0,0
ASV000297,0.006652386,0,0,0,0,0,0,0,0,0,0,0,0,0,0,0,0.13035112,0,0,0,0,0,0.001522812,0,0,0,0,0,0,0,0,0
ASV000298,0,0,0,0,0,0,0,0,0,0,0,0,0,0,0,0,0,0,0,0,0,0,0,0,0,0,0,0,0,0,0,0
ASV000299,0,0,0,0,0,0,0.259146341,0,0,0,0,0,0,0,0,0,0,0,0,0,0,0,0,0,0,0,0,0,0,0,0,0
ASV000300,0,0,0,0,0,0,0,0,0,0,0,0,0,0,0,0,0,0,0,0,0,0,0,0,0,0.759756878,0,0,0,0,0,0
ASV000301,0,0,0,0,0,0,0,0,0,0,0,0.064583026,0,0,0,0,0,0,0,0,0,0,0,0,0,0,0,0.310373642,0.014880952,0,0,0
ASV000302,0,0,0,0,0,0,0,0,0,0,0,0,0,0,0,0,0,0,0,0,0,0,0,0,0,0,0,0.555091321,0,0,0,0
ASV000303,0,0,0,0,0,0,0,0,0,0,0,0,0,0.057140451,0,0,0,0,0,0,0,0,0,0,0,0,0,0,0,0,0,0
ASV000304,0,0,0,0,0,0,0,0,0,0,0,0,0,0,0.03479794,0,0,0,0,0,0,0,0,0,0,0,0,0,0,0,0,0
ASV000305,0,0,0,0,0,0,0,0,0,0.026109136,0.010687366,0,0,0.011284482,0,0,0,0,0,0,0,0,0,0,0,0.231925784,0,0,0,0,0,0
ASV000306,0,0,0,0,0,0,0,0,0,0,0,0,0,0,0,0,0,0,0,0,0,0,0,0,0,0,0,0,0,0,0,0
ASV000307,0,0,0,0,0,0,0,0,0,0,0,0,0,0,0,0,0,0,0,0,0,0,0,0,0,0,0,0,0,0,0,0
ASV000308,0,0,0,0,0,0,0,0,0,0.146612842,0.000562493,0,0,0,0,0,0,0,0,0,0,0,0,0,0,0,0,0,0.133928571,0,0,0.050125313
ASV000309,0,0,0,0,0,0,0,0,0,0,0,0,0,0,0,0,0,0,0,0,0,0,0,0,0,0.735764555,0,0,0,0,0,0
ASV000310,0,0,0,0,0,0,0,0,0,0,0,0.016297575,0.015499296,0.021653224,0,0,0,0,0,0,0,0,0,0,0,0,0,0,0,0,0,0
ASV000311,0,0,0,0,0,0,0,0,0,0,0,0,0,0,0,0,0,0,0,0,0,0,0,0,0,0,0,0,0,0,0,0
ASV000312,0,0,0,0,0,0,0,0,0,0,0,0,0,0,0,0,0,0,0,0,0,0,0,0,0,0,0,0,0,0,0,0
ASV000313,0,0,0,0,0,0,0,0,0,0,0,0,0,0,0,0,0,0,0,0.157851827,0,0,0,0,0,0,0,0,0,0,0,0
ASV000314,0,0,0,0,0,0,0,0,0,0.130219513,0,0,0,0,0,0,0,0,0,0,0,0,0,0,0,0,0,0,0,0,0,0
ASV000315,0,0,0,0,0,0,0,0,0,0,0,0,0.446703635,0,0,0,0,0,0,0,0,0,0,0,0,0,0,0,0,0,0,0.028998115
ASV000316,0,0,0,0,0,0,0,0,0,0,0,0,0.456972684,0,0,0,0,0,0,0,0,0,0,0,0,0,0,0,0,0,0,0.014499058
ASV000317,0,0,0,0,0,0,0,0,0,0,0,0.240626157,0,0,0,0,0,0,0,0,0,0,0,0,0,0,0,0,0,0,0,0
ASV000318,0,0,0,0,0,0,0,0,0,0,0,0,0,0.09335344,0,0,0,0,0,0,0,0,0,0,0,0,0,0,0,0,0,0
ASV000319,0,0,0,0,0,0,0,0,0,0,0,0,0,0,0,0,0,0,0,0,0,0,0,0,0,0,0,0,0,0,0,0
ASV000320,0,0,0,0,0,0,0,0,0,0,0,0,0,0,0,0,0,0,0,0,0,0,0,0,0,0,0,0.53718515,0,0,0,0
ASV000321,0,0,0,0,0,0,0,0,0,0,0,0,0,0,0,0,0,0,0,0,0,0,0,0,0,0,0,0,0.014880952,0,0,0
ASV000322,0,0,0,0,0,0,0,0,0,0,0,0,0,0,0,0,0,0,0,0,0,0,0,0,0,0,0,0,0,0,0,0
ASV000323,0,0,0,0,0,0,0,0,0,0,0,0,0,0,0,0,0,0,0,0,0,0,0,0,0,0,0,0,0.342261905,0,0,0
ASV000324,0,0,0,0,0,0,0,0,0,0,0,0,0,0.169843744,0,0,0,0,0,0,0,0,0,0,0,0,0,0,0,0,0,0.051939058
ASV000325,0,0,0,0,0,0,0,0,0,0,0,0,0,0,0,0,0,0,0,0,0,0,0,0,0,0,0.678175092,0,0,0,0,0
ASV000326,0,0,0,0,0,0.015710919,0.003810976,0,0,0,0,0,0,0,0,0,0,0,0.000863558,0,0,0,0,0,0,0,0,0,0,0,0.07204611,0.050125313
ASV000327,0,0,0,0,0,0,0,0,0,0.099460074,0.212021626,0,0,0,0.005026369,0,0,0,0,0,0,0,0,0,0,0,0,0,0,0,0,0
ASV000328,0,0,0,0,0,0,0,0,0,0.123064595,0,0,0,0,0,0,0,0,0,0,0,0,0,0,0,0,0.007706535,0,0,0,0,0
ASV000329,0,0,0,0,0,0,0,0,0,0.001430984,0,0,0.040841525,0,0,0,0,0,0,0,0,0,0,0,0,0,0,0,0,0,0,0
ASV000330,0,0,0,0,0,0,0,0,0,0,0,0,0,0,0,0,0,0,0,0,0,0,0,0,0,0,0,0.519278978,0,0,0,0
ASV000331,0,0,0,0,0,0,0.320121951,0,0,0,0,0,0,0,0,0,0,0,0,0,0,0,0,0,0,0,0,0,0,0,0,0.619195046
ASV000332,0,0,0,0,0,0,0,0,0,0,0,0,0,0,0,0,0,0,0,0,0,0,0,0,0,0.68777991,0,0,0,0,0,0
ASV000333,0,0,0,0,0,0,0,0,0,0,0.150175204,0,0,0.001998162,0,0,0,0,0,0,0,0,0,0,0,0,0,0,0,0,0.193715024,0
ASV000334,0,0,0,0,0,0,0,0,0,0.170713583,0,0,0,0,0,0,0,0,0,0,0,0,0,0,0,0,0,0,0,0,0,0
ASV000335,0,0,0,0,0,0,0,0,0,0,0,0,0,0,0,0,0,0,0,0,0,0,0,0,0,0.67978247,0,0,0,0,0,0
ASV000336,0,0,0,0,0,0,0,0,0,0,0,0,0,0,0,0,0,0,0,0,0,0,0,0,0,0,0,0.50734153,0,0,0,0
ASV000337,0,0,0,0,0,0,0,0,0,0,0,0,0,0,0,0,0,0,0,0,0,0,0,0,0,0,0,0,0,0,0,0
ASV000338,0,0,0,0,0,0,0,0,0,0,0,0,0,0,0.024698545,0,0,0,0,0,0,0,0,0,0,0,0,0,0.014880952,0,0,0
ASV000339,0,0,0,0,0,0,0,0,0,0,0,0,0,0,0,0,0,0,0,0,0,0,0,0,0,0.007997441,0,0.417810672,0,0,0.27981059,0
ASV000340,0,0,0,0,0,0,0,0,0,0,0,0,0,0,0,0,0,0,0,0,0,0,0,0,0,0,0,0,0,0,0,0
ASV000341,0,0,0,0,0,0,0,0,0,0,0.055620446,0,0,0.001998162,0,0,0,0,0,0,0,0,0,0,0,0,0,0,0,0,0,0
ASV000342,0,0,0,0,0,0,0,0,0,0,0,0,0,0.167845582,0,0,0,0,0,0,0,0,0,0,0,0,0,0,0,0,0,0
ASV000343,0,0,0,0,0,0,0,0,0,0,0,0,0.035142708,0,0,0,0,0,0,0,0,0,0,0,0,0,0,0,0,0,0,0
ASV000344,0,0,0,0,0,0,0,0,0,0.166696793,0,0,0,0,0,0,0,0,0,0,0,0,0,0,0,0,0,0,0,0,0,0
ASV000345,0,0,0,0,0,0,0,0,0,0.041498526,0,0,0,0,0,0,0,0,0,0,0,0,0,0,0,0,0,0.316342366,0,0,0,0
ASV000346,0,0,0,0,0,0,0,0,0,0,0,0,0,0,0,0,0,0,0.033678756,0,0,0,0,0,0,0.343889955,0,0,0,0,0,0
ASV000347,0,0,0,0,0,0,0,0,0,0,0,0,0,0.159852935,0,0,0,0,0,0,0,0,0,0,0,0,0,0,0,0,0,0.034626039
ASV000348,0,0,0,0,0,0,0,0,0,0,0.046124423,0,0,0,0,0,0,0,0,0,0,0,0,0,0,0,0,0,0,0,0,0
ASV000349,0,0,0,0,0.002259657,0,0.002082552,0,0,0,0,0,0,0,0,0,0,0,0,0,0,0,0,0,0,0,0,0,0,0,0.07204611,0.050125313
ASV000350,0,0,0,0,0,0,0.308689024,0,0,0,0,0,0,0,0,0,0,0,0,0,0,0,0,0,0,0,0,0,0,0,0,0
ASV000351,0,0,0,0,0,0,0,0,0,0.42625746,0.011812352,0,0,0,0,0,0,0,0,0,0,0,0,0,0,0,0,0,0,0,0,0
ASV000352,0,0,0,0,0,0,0,0,0,0.162680002,0,0,0,0,0,0,0,0,0,0,0,0,0,0,0,0,0,0,0,0,0,0
ASV000353,0,0,0,0,0,0,0,0,0,0,0,0.203606748,0.001899606,0,0,0,0,0,0,0,0,0,0,0,0,0,0,0,0,0,0,0
ASV000354,0,0,0,0,0,0,0,0,0,0,0,0,0,0,0,0,0,0,0,0,0,0,0,0,0,0,0,0,0,0,0,0
ASV000355,0,0,0,0,0,0,0,0,0,0,0,0,0,0,0.023816455,0,0,0,0,0,0,0,0,0,0,0,0,0,0,0,0,0
ASV000356,0,0,0,0,0,0,0,0,0,0,0,0,0,0,0,0,0,0,0,0,0,0,0,0,0,0,0,0,0,0,0,0
ASV000357,0,0,0,0,0,0,0,0,0,0,0,0,0,0,0,0,0,0,0,0,0,0,0,0,0,0,0,0,0,0,0,0.100250627
ASV000358,0,0,0,0,0,0,0,0,0,0,0,0,0,0,0,0,0,0,0,0,0,0,0,0,0,0,0,0,0,0,0,0
ASV000359,0.000443492,0.030733587,0,0,0,0,0,0,0,0.132554076,0,0,0,0,0,0,0,0,0,0,0,0,0,0,0,0,0,0,0,0,0,0
ASV000360,0,0,0,0,0,0,0,0,0,0.160671607,0,0,0,0,0,0,0,0,0,0,0,0,0,0,0,0,0,0,0,0,0,0
ASV000361,0,0,0,0,0,0,0,0,0,0,0,0,0,0,0,0,0,0,0,0,0,0,0,0,0,0,0,0,0,0,0,0
ASV000362,0,0,0,0,0,0,0,0,0,0,0,0,0,0,0,0,0,0,0,0,0,0,0,0,0,0,0.616522811,0,0,0,0,0
ASV000363,0,0,0,0,0,0,0,0,0,0,0,0,0,0,0,0,0,0,0,0,0,0,0,0,0,0,0,0.477497911,0,0,0,0
ASV000364,0,0,0,0,0,0,0,0,0,0,0,0,0,0,0,0,0,0,0,0,0,0,0,0,0,0,0,0,0,0,0,0
ASV000365,0,0,0,0,0,0,0,0,0,0,0,0.075735788,0,0,0,0,0,0,0,0,0,0,0,0,0,0,0,0,0,0,0,0
ASV000366,0.002319743,0.002364122,0,0,0,0,0,0,0,0,0,0,0,0,0,0.011273957,0,0,0.001727116,0.008673177,0.051994801,0.027174375,0.025887799,0.00460007,0,0,0,0,0,0,0,0
ASV000367,0,0,0,0,0,0,0,0,0,0,0,0.074777107,0,0,0,0,0,0,0,0,0,0,0,0,0,0,0,0,0,0,0,0
ASV000368,0,0,0,0,0,0,0,0,0,0,0,0,0,0,0,0,0,0,0,0,0,0,0,0,0,0,0,0.465560463,0,0,0,0
ASV000369,0,0,0,0,0,0,0,0,0,0,0,0,0,0,0.030158215,0,0,0,0,0,0,0,0,0,0,0,0,0,0,0,0,0
ASV000370,0,0,0,0,0,0,0,0,0.653095844,0,0,0,0,0,0,0,0,0,0,0,0,0,0,0,0,0,0,0,0,0,0,0
ASV000371,0,0,0,0,0,0,0,0,0,0,0,0,0,0,0,0,0.155179905,0,0,0,0,0,0,0,0,0,0,0,0,0,0,0
ASV000372,0,0,0,0,0,0,0,0,0,0.154646422,0,0,0,0,0,0,0,0,0,0,0,0,0,0,0,0,0,0,0,0,0,0
ASV000373,0,0,0,0,0,0,0,0,0,0.154646422,0,0,0,0,0,0,0,0,0,0,0,0,0,0,0,0,0,0,0,0,0,0
ASV000374,0,0,0,0,0,0,0,0,0,0,0,0,0,0,0,0,0,0,0,0,0,0,0,0,0,0.615802943,0,0,0,0,0,0
ASV000375,0,0,0,0,0,0,0,0,0,0,0,0.203606748,0,0,0,0,0,0,0,0,0,0,0,0,0,0,0,0,0,0,0,0
ASV000376,0,0,0,0,0,0,0,0,0,0,0,0,0.001027538,0,0.027451708,0,0,0,0,0,0,0,0,0,0,0,0,0,0,0,0,0
ASV000377,0,0,0,0,0,0,0,0,0,0.007104291,0,0,0,0,0,0,0,0,0,0,0,0,0.001522812,0,0,0,0,0,0,0,0,0
ASV000378,0.047430722,0,0,0,0,0,0,0,0,0,0,0,0,0,0,0,0,0,0,0,0,0,0,0,0,0,0,0,0,0,0,0
ASV000379,0,0,0,0,0,0,0,0.055783092,0,0,0,0,0,0,0,0,0,0,0,0,0,0,0,0,0,0,0,0,0,0,0,0
ASV000380,0,0,0,0,0,0,0,0,0,0,0,0,0,0.045712361,0,0,0,0,0,0,0,0,0,0,0,0,0,0,0,0,0,0
ASV000381,0,0,0,0,0,0,0,0,0,0,0,0,0,0,0,0,0,0,0,0,0,0,0,0,0,0,0,0,0,0,0,0
ASV000382,0,0,0,0,0,0,0,0,0,0,0,0,0,0,0,0,0,0,0,0,0,0,0,0,0,0,0,0,0,0,0,0
ASV000383,0,0,0,0,0,0,0,0,0.636132316,0,0,0,0,0,0,0,0,0,0,0,0,0,0,0,0,0,0,0,0,0,0,0
ASV000384,0,0,0,0,0,0,0,0,0,0,0,0,0.035617609,0,0,0,0,0,0,0,0,0,0,0,0,0,0,0,0,0,0,0
ASV000385,0,0,0,0,0,0,0,0,0,0,0,0,0,0,0,0,0,0,0,0,0,0,0,0,0,0,0,0,1.116071429,0,0,0
ASV000386,0,0,0,0,0,0,0,0,0,0.105892791,0,0,0,0,0,0,0,0,0,0,0,0,0,0,0,0,0,0,0,0,0,0
ASV000387,0,0,0,0,0,0,0,0,0,0,0,0,0,0,0,0,0,0,0,0,0,0,0,0,0,0,0,0.441685568,0,0,0,0
ASV000388,0,0,0,0,0,0,0,0,0,0,0,0,0,0.075913787,0,0,0,0,0,0,0,0,0,0,0,0,0,0,0,0,0,0
ASV000389,0,0,0,0,0,0,0,0,0,0,0,0,0,0,0,0,0,0,0,0,0,0,0,0,0,0.58381318,0,0,0,0,0,0
ASV000390,0,0,0,0,0,0,0,0,0,0,0,0,0.034192905,0,0,0,0,0,0,0,0,0,0,0,0,0,0,0,0.014880952,0,0,0
ASV000391,0.009200733,0,0,0.002208676,0.006913914,0,0.004165105,0.004403928,0.008481764,0.002861967,0.000562493,0,0,0,0,0.011273957,0,0,0.003454231,0.010407813,0.0059994,0.005095195,0.006091247,0.005520084,0,0,0,0,0,0,0,0
ASV000392,0,0,0,0,0,0,0,0,0.610687023,0,0,0,0,0,0,0,0,0,0,0,0,0,0,0,0,0,0,0,0,0,0,0
ASV000393,0,0,0,0,0,0,0,0,0.610687023,0,0,0,0,0,0,0,0,0,0,0,0,0,0,0,0,0,0,0,0,0,0,0
ASV000394,0,0,0,0,0,0,0,0,0,0,0,0.000958681,0,0,0,0,0,0,0,0,0,0,0,0,0,0.551823417,0,0.005968724,0,0,0,0
ASV000395,0,0,0,0,0,0,0,0,0,0,0.000562493,0,0,0,0,0,0,0,0,0,0,0,0,0,0,0,0,0.417810672,0,0,0,0
ASV000396,0,0,0,0,0,0,0,0,0,0,0,0,0,0,0,0,0,0,0,0,0,0,0,0,0,0.007997441,0,0,0,0,0,0
ASV000397,0,0,0,0,0,0,0,0,0,0,0,0,0,0,0,0,0,0,0,0,0,0,0,0,0,0,0,0,0,0,0,0
ASV000398,0,0,0,0,0,0,0,0,0.602205259,0,0,0,0,0,0,0,0,0,0,0,0,0,0,0,0,0,0,0,0,0,0,0
ASV000399,0,0,0,0,0,0,0,0,0.602205259,0,0,0,0,0,0,0,0,0,0,0,0,0,0,0,0,0,0,0,0,0,0,0
ASV000400,0,0,0,0,0,0,0,0,0,0,0.039937001,0,0,0,0,0,0,0,0,0,0,0,0,0,0,0,0,0,0,0,0,0
ASV000401,0,0,0,0,0,0,0,0,0,0,0,0,0,0,0,0,0,0,0,0,0,0,0,0,0,0,0,0.423779396,0,0,0,0
ASV000402,0,0,0,0,0,0,0,0,0,0,0,0,0,0,0,0,0,0,0,0,0,0,0,0,0,0,0,0,0,0,0,0
ASV000403,0,0,0,0,0,0,0,0,0,0.002008395,0.000562493,0,0,0.001998162,0,0,0,0,0,0,0,0,0,0,0,0.007997441,0,0,0.967261905,0,0,0
ASV000404,0,0,0,0.002208676,0,0,0,0.01185677,0,0,0,0,0,0,0.025518489,0,0,0,0,0,0,0,0,0,0,0,0,0,0,0,0,0
ASV000405,0,0,0,0,0,0,0,0,0,0,0,0,0.000474901,0,0,0,0,0,0,0,0,0,0,0,0,0,0,0,0,0,0,0
ASV000406,0,0,0,0,0,0,0,0,0,0,0,0,0,0,0,0,0,0,0,0,0,0,0,0,0,0,0,0,0,0,0,0
ASV000407,0,0,0,0,0,0,0,0,0,0,0,0,0,0,0,0,0,0,0,0,0,0,0,0,0,0,0,0,0,0,0,0
ASV000408,0,0,0,0,0,0,0,0,0,0,0,0,0,0,0,0,0,0,0,0,0,0,0,0,0,0.007997441,0,0,0,0,0,0
ASV000409,0,0,0,0,0,0,0,0,0,0,0,0.002644243,0,0,0,0,0,0,0,0,0,0,0,0,0,0,0,0,0,0,0,0
ASV000410,0,0,0,0,0,0,0,0,0,0,0,0.003834723,0.030868595,0,0,0,0,0,0,0,0,0,0,0,0,0,0,0,0,0,0,0
ASV000411,0,0,0,0,0,0,0,0,0,0.475987496,0,0,0,0,0,0,0,0,0,0,0,0,0,0,0,0,0,0,0,0,0.021523892,0
ASV000412,0,0,0,0,0,0,0,0,0,0,0,0,0,0,0,0,0,0,0,0,0,0,0,0,0,0,0,0,0,0,0,0
ASV000413,0,0,0,0,0,0,0,0,0,0,0,0,0,0,0,0,0,0,0,0,0,0,0,0,0,0.543825976,0,0,0,0,0,0
ASV000414,0,0,0,0,0,0,0,0,0,0,0,0.179808557,0,0,0,0,0,0,0,0,0,0,0,0,0,0,0,0,0,0,0,0
ASV000415,0,0,0,0,0,0,0,0,0,0,0,0,0,0,0,0,0,0,0,0,0,0,0,0,0,0,0,0.405873224,0,0,0,0
ASV000416,0,0,0,0,0,0,0,0,0,0,0,0,0,0,0,0,0,0,0,0,0,0,0,0,0,0,0,0,0,0,0,0
ASV000417,0,0,0,0,0,0,0,0,0,0,0.03599955,0,0,0,0,0.016910936,0,0,0,0,0,0,0,0,0,0,0,0,0,0,0,0
ASV000418,0,0,0,0,0,0,0.139531009,0,0,0,0,0,0,0,0,0,0,0,0,0,0,0,0,0,0,0,0,0,0,0,0,0
ASV000419,0,0,0,0,0,0,0,0,0.568278202,0,0,0,0,0,0,0,0,0,0,0,0,0,0,0,0,0,0,0,0,0,0,0
ASV000420,0,0,0,0,0,0,0,0,0,0,0.161299294,0,0,0,0.000386644,0,0.074486355,0,0,0,0,0,0,0,0,0,0,0,0,0,0,0
ASV000421,0,0,0,0,0,0,0,0,0,0,0.037687029,0,0,0,0,0,0,0,0,0,0,0,0,0,0,0,0,0,0,0,0,0
ASV000422,0,0,0,0,0,0,0,0,0,0,0,0.064231617,0,0,0,0,0,0,0,0,0,0,0,0,0,0,0,0,0,0,0,0
ASV000423,0,0,0,0,0,0,0,0,0,0,0,0,0,0.040299055,0,0,0,0,0,0,0,0,0,0,0,0,0,0,0,0,0,0
ASV000424,0,0,0,0,0,0,0,0,0,0,0,0,0,0,0,0,0,0,0,0,0,0,0,0,0,0,0,0,0,0,0,0
ASV000425,0,0,0,0,0,0,0,0,0,0,0,0,0,0,0,0,0,0,0,0,0,0,0,0,0,0,0,0,0,0,0,0
ASV000426,0,0,0,0,0,0,0,0,0,0,0,0,0,0,0,0,0,0,0,0,0,0,0,0,0,0,0,0.005968724,0.014880952,0,0,0
ASV000427,0.010117873,0.115841982,0,0,0,0,0,0,0,0,0,0,0,0,0,0,0,0,0,0.001734635,0,0,0,0,0,0,0,0,0,0,0,0
ASV000428,0,0,0,0,0,0,0,0,0,0,0,0,0,0,0,0,0,0,0,0,0,0,0,0,0,0.527831094,0,0,0,0,0,0
ASV000429,0,0,0,0,0,0,0,0,0,0,0,0,0,0,0,0,0,0,0,0,0,0,0,0,0,0,0,0.393935777,0,0,0,0
ASV000430,0,0,0,0,0,0,0,0,0,0,0,0,0.031343496,0,0,0,0,0,0,0,0,0,0,0,0,0,0,0,0,0,0,0
ASV000431,0,0.153667935,0,0,0,0,0,0,0,0,0,0,0,0,0,0,0,0,0,0,0,0,0,0,0,0,0,0,0,0,0,0
ASV000432,0,0,0,0,0,0,0,0,0,0,0,0,0.066789971,0,0,0,0,0,0,0,0,0,0,0,0,0,0,0,0,0,0,0
ASV000433,0,0,0,0,0,0,0,0,0,0,0,0,0,0,0,0,0,0,0,0,0,0,0,0,0,0,0,0,0,0,0,0
ASV000434,0,0,0,0,0,0,0,0,0,0,0,0,0,0,0,0,0,0,0,0,0,0.020380781,0,0.038640587,0,0,0,0,0,0,0.720461095,0
ASV000435,0,0,0,0,0,0,0,0,0,0,0,0,0,0,0,0,0,0,0,0,0,0,0,0,0,0,0,0,0,0,0,0
ASV000436,0,0,0,0,0,0,0,0,0,0,0,0,0,0,0,0,0,0,0,0,0,0,0,0,0,0,0,0,0,0,0,0
ASV000437,0,0,0,0,0,0,0,0,0,0,0,0,0,0,0.023726551,0,0,0,0,0,0,0,0,0,0,0,0,0,0,0,0,0
ASV000438,0.002535851,0,0,0,0,0,0,0,0,0,0,0,0,0,0,0,0,0,0,0,0,0,0,0,0,0,0,0,0,0,0,0
ASV000439,0,0,0,0,0,0,0,0.758833294,0,0,0,0,0,0,0,0,0,0,0,0,0,0,0,0,0,0,0,0,0,0,0,0
ASV000440,0,0,0,0,0,0,0,0,0.542832909,0,0,0,0,0,0,0,0,0,0,0,0,0,0,0,0,0,0,0,0,0,0,0
ASV000441,0,0,0,0,0,0,0,0,0,0,0,0,0,0.03849462,0,0,0,0,0,0,0,0,0,0,0,0,0,0,0,0,0,0
ASV000442,0,0,0,0,0,0,0,0,0,0,0,0,0,0,0,0,0,0,0,0,0,0,0,0,0,0,0,0,0,0,0,0
ASV000443,0,0,0,0,0,0,0,0,0,0,0,0,0,0,0,0,0,0,0,0,0,0,0,0,0,0,0,0,0,0,0,0
ASV000444,0,0,0,0,0,0,0,0,0,0.09015197,0,0,0,0,0,0,0,0,0,0,0,0,0,0,0,0,0,0,0,0,0,0
ASV000445,0,0,0,0,0,0,0,0,0,0,0,0,0,0.064629305,0,0,0,0,0,0,0,0,0,0,0,0,0,0,0,0,0,0
ASV000446,0,0,0,0,0,0,0,0,0,0,0,0,0,0,0,0,0,0,0,0,0,0,0,0,0,0,0,0,0.654761905,0,0,0
ASV000447,0,0,0,0,0,0,0,0,0.525869381,0,0,0,0,0,0,0,0,0,0,0,0,0,0,0,0,0,0,0,0,0,0,0
ASV000448,0,0,0,0,0,0,0,0,0,0.044360493,0,0,0,0,0,0,0,0,0,0,0,0,0,0,0,0,0,0,0,0,0,0
ASV000449,0,0,0,0,0,0,0,0,0,0,0.034874564,0,0,0,0,0,0,0,0,0,0,0,0,0,0,0,0,0,0,0,0,0
ASV000450,0,0,0,0,0,0,0,0,0,0,0,0,0,0,0,0,0,0,0,0,0,0,0,0,0,0,0,0,0,0,0,0
ASV000451,0,0,0,0,0,0,0,0,0,0,0,0,0,0,0,0,0,0,0,0,0,0,0,0,0,0,0,0,0,0,0,0
ASV000452,0,0,0,0,0,0,0,0,0,0,0,0,0,0,0,0,0,0,0,0,0,0,0,0,0,0,0,0,0,0,0,0
ASV000453,0,0,0,0,0,0,0,0,0,0.116486915,0,0,0,0,0,0,0,0,0,0,0,0,0,0,0,0,0,0,0,0,0,0
ASV000454,0,0,0,0,0,0,0,0,0,0,0,0,0,0.000601478,0,0,0,0,0,0,0,0,0,0,0,0,0.462392109,0,0,0,0,0
ASV000455,0,0,0,0,0,0,0,0,0,0,0,0,0.001502439,0,0,0,0,0,0,0,0,0,0,0,0,0,0,0,0,0,0,0
ASV000456,0,0,0,0,0,0,0,0,0.491942324,0.001430984,0,0,0,0,0,0,0,0,0,0,0,0,0,0,0,0,0,0,0,0,0.07204611,0
ASV000457,0,0,0,0,0,0,0,0,0,0,0,0,0,0,0,0,0,0,0,0,0,0,0,0,0,0,0,0,0.05952381,0,0,0
ASV000458,0,0,0,0,0,0,0,0,0,0,0,0,0,0,0,0.338218715,0,0,0,0,0,0,0,0,0,0,0,0,0,0,0,0
ASV000459,0,0,0,0,0,0,0,0,0.48346056,0,0,0,0,0,0.000773288,0,0,0,0,0,0,0,0,0,0,0,0,0,0,0,0,0.309597523
ASV000460,0,0,0,0,0,0,0,0,0,0.10644494,0,0.005288487,0.001424704,0,0,0,0,0,0,0,0,0,0,0,0,0,0,0,0,0,0,0
ASV000461,0,0,0,0,0,0,0,0,0,0,0,0,0,0,0,0,0,0,0,0,0,0,0,0,0,0,0,0,0,0,0,0.050125313
ASV000462,0,0,0,0,0,0,0,0,0,0,0,0,0,0,0,0,0,0,0,0,0,0,0,0,0,0,0,0.358123433,0,0,0,0
ASV000463,0,0,0,0,0,0,0,0,0,0,0,0,0,0,0,0,0,0,0,0,0,0,0,0,0,0,0,0,0,0,0,0
ASV000464,0,0,0,0,0,0,0,0,0,0,0.212021626,0,0,0,0,0,0,0,0,0,0,0,0,0,0,0,0,0,0,0,0,0
ASV000465,0,0,0,0,0,0,0,0,0,0,0,0,0,0,0,0,0,0,0,0,0,0,0,0,0,0,0,0,0,0,0,0
ASV000466,0,0.002364122,0,0,0,0,0,0,0,0,0,0,0,0,0.018289217,0,0,0,0,0,0,0,0,0,0,0,0,0,0,0,0,0
ASV000467,0,0,0,0,0,0,0,0,0,0.35521455,0,0,0,0,0,0,0,0,0,0,0,0,0,0,0,0,0,0,0,0,0,0
ASV000468,0,0,0,0,0,0,0,0,0,0,0,0.002644243,0,0,0,0,0,0,0,0,0,0,0,0,0,0,0,0.346185985,0,0,0,0
ASV000469,0,0,0,0,0,0,0,0,0,0,0,0,0,0.11789154,0,0,0,0,0,0,0,0,0,0,0,0,0,0,0,0,0,0
ASV000470,0,0,0,0,0,0,0,0,0,0,0,0,0,0,0,0,0,0,0,0,0,0,0,0,0,0,0,0,0,0,0,0
ASV000471,0,0,0,0,0,0,0,0,0.474978796,0.001430984,0,0,0,0,0,0,0,0,0,0,0,0,0,0,0,0,0,0.005968724,0,0,0,0
ASV000472,0,0,0,0,0,0,0,0,0,0.082997052,0,0,0,0,0,0,0,0,0,0,0,0,0,0,0,0,0,0,0,0,0,0
ASV000473,0,0,0,0,0,0,0,0,0,0.082997052,0,0,0,0,0,0,0,0,0,0,0,0,0,0,0,0,0,0,0,0,0,0
ASV000474,0,0,0,0,0,0,0,0,0,0,0,0,0,0,0,0,0,0,0,0,0,0,0,0,0,0,0,0.346185985,0,0,0,0
ASV000475,0,0,0,0,0,0,0,0,0,0,0,0,0.029798603,0,0,0,0,0,0,0,0,0,0,0,0,0,0,0.173092993,0,0,0,0
ASV000476,0,0,0,0,0,0,0,0,0,0,0.204954239,0,0,0,0,0,0,0,0,0,0,0,0,0,0,0,0,0,0,0,0,0
ASV000477,0,0,0,0,0,0,0,0,0,0,0,0,0,0,0,0,0,0,0,0,0,0,0,0,0,0,0,0,0,0,0,0
ASV000478,0,0,0,0,0,0,0,0,0,0,0,0,0,0,0,0,0,0,0,0,0,0,0,0,0,0,0,0,0,0,0,0
ASV000479,0,0,0,0,0,0,0,0,0,0,0,0,0,0,0,0,0,0,0,0,0,0,0,0,0,0,0,0,0,0,0,0.234925607
ASV000480,0,0,0,0,0,0,0,0,0,0,0,0,0,0.113895216,0,0,0,0,0,0,0,0,0,0,0,0,0,0,0,0,0,0
ASV000481,0,0,0,0,0,0,0,0,0,0,0,0,0,0,0,0,0,0,0,0,0,0,0,0,0,0,0,0,0,0,0,0
ASV000482,0,0,0,0,0,0,0,0,0,0.080135085,0,0,0,0,0,0,0,0,0,0,0,0,0,0,0,0,0,0,0,0,0,0
ASV000483,0,0,0,0,0,0,0,0,0,0,0,0,0,0,0,0,0,0,0,0,0,0,0,0,0,0.447856686,0,0,0,0,0,0
ASV000484,0,0,0,0,0,0,0,0,0,0,0,0,0,0,0,0,0,0,0,0,0,0,0,0,0,0,0,0,0,0,0,0
ASV000485,0,0,0,0,0,0,0,0,0,0,0,0,0,0,0,0,0,0,0,0,0,0,0,0,0,0,0,0,0.833333333,0,0,0
ASV000486,0,0,0,0,0,0,0,0,0,0,0,0,0,0,0,0,0,0,0,0,0,0,0,0,0,0,0,0,0.833333333,0,0,0
ASV000487,0,0,0,0,0,0,0,0,0,0,0,0,0,0.033081314,0,0,0,0,0,0,0,0,0,0,0,0,0,0,0,0,0,0
ASV000488,0,0,0,0,0,0,0,0,0,0,0,0,0,0.109898893,0,0,0,0,0,0,0,0,0,0,0,0,0,0,0,0,0,0
ASV000489,0,0,0,0,0,0,0,0,0,0,0,0,0,0,0,0,0,0,0,0,0,0,0,0,0,0,0,0,0,0,0,0
ASV000490,0,0,0,0,0,0,0,0,0,0,0,0,0,0,0,0,0,0,0,0,0,0,0,0,0,0,0,0,0,0,0,0
ASV000491,0,0,0,0,0,0,0,0,0,0,0,0,0,0,0,0,0,0,0,0,0,0,0,0,0,0,0,0,0,0,0,0
ASV000492,0,0,0,0,0,0,0,0,0,0,0,0,0,0,0,0,0,0,0,0,0,0,0,0,0,0,0,0,0,0,0,0
ASV000493,0,0,0,0,0,0,0,0,0,0,0,0,0,0,0,0,0,0,0,0,0,0,0,0,0,0,0,0,0,0,0,0
ASV000494,0,0,0,0,0,0,0,0,0,0.108453335,0,0,0,0,0,0,0,0,0,0,0,0,0,0,0,0,0,0,0,0,0,0
ASV000495,0,0,0,0,0,0,0,0,0,0.108453335,0,0,0,0,0,0,0,0,0,0,0,0,0,0,0,0,0,0,0,0,0,0
ASV000496,0,0,0,0,0,0,0,0.038901367,0,0,0,0,0,0,0,0,0,0,0,0,0,0,0,0,0,0,0,0,0,0,0,0
ASV000497,0,0,0,0,0,0,0,0,0,0.10644494,0,0,0,0,0,0,0,0,0,0,0,0,0,0,0,0,0,0,0,0,0,0
ASV000498,0,0,0,0,0,0,0,0,0,0,0,0,0,0,0,0,0,0,0,0,0,0,0,0,0,0.423864363,0,0,0,0,0,0
ASV000499,0,0,0,0,0,0,0,0,0,0,0,0.050810085,0,0,0,0,0,0,0,0,0,0,0,0,0,0,0,0,0,0,0,0
ASV000500,0,0,0,0,0,0,0,0,0,0,0,0,0,0,0,0,0,0,0,0,0,0,0,0,0,0,0,0.316342366,0,0,0,0
ASV000501,0,0,0,0,0,0,0,0,0,0,0,0,0,0,0,0,0,0,0,0,0,0,0,0,0,0,0,0,0,0,0,0
ASV000502,0,0,0,0,0,0,0,0,0,0,0.18728577,0,0,0,0,0,0,0,0,0,0,0,0,0,0,0,0,0,0,0,0,0
ASV000503,0,0,0,0,0,0,0,0,0.441051739,0,0,0,0,0,0,0,0,0,0,0,0,0,0,0,0,0,0,0,0,0,0,0
ASV000504,0,0,0,0,0,0,0,0,0.441051739,0,0,0,0,0,0,0,0,0,0,0,0,0,0,0,0,0,0,0,0,0,0,0
ASV000505,0,0,0,0,0,0,0,0,0,0,0,0.049851404,0,0,0,0,0,0,0,0,0,0,0,0,0,0,0,0,0,0,0,0
ASV000506,0,0,0,0,0,0,0,0,0,0,0,0,0.024694876,0,0,0,0,0,0,0,0,0,0,0,0,0,0,0,0,0,0,0
ASV000507,0,0,0,0,0,0,0,0,0,0,0,0,0,0,0,0,0,0,0,0,0,0,0,0,0,0,0,0,0,0,0,0
ASV000508,0,0,0,0,0,0,0,0,0.432569975,0,0,0,0,0,0,0,0,0,0,0,0,0,0,0,0,0,0,0,0,0,0,0
ASV000509,0,0,0,0,0,0,0,0,0,0,0,0,0,0.0306754,0,0,0,0,0,0,0,0,0,0,0,0,0,0,0,0,0,0
ASV000510,0,0,0,0,0,0,0,0,0,0,0,0,0,0.0306754,0,0,0,0,0,0,0,0,0,0,0,0,0,0,0,0,0,0
ASV000511,0,0,0,0,0,0,0,0,0,0,0,0,0,0,0,0,0,0,0,0,0,0,0,0,0,0,0,0,0.758928571,0,0,0
ASV000512,0,0,0,0,0,0,0,0,0,0,0,0,0,0,0,0,0,0,0,0,0,0,0,0,0,0,0,0,0.758928571,0,0,0
ASV000513,0,0,0,0,0,0,0,0,0,0,0,0,0,0,0,0,0,0,0,0,0,0,0,0,0,0,0,0,0,0,0,0
ASV000514,0,0,0,0,0,0,0,0,0,0,0,0,0,0,0,0,0,0.035391966,0.041450777,0,0,0,0,0,0,0,0,0,0,0,0,0
ASV000515,0,0,0,0,0,0,0,0,0,0,0.028124648,0,0,0,0,0,0,0,0,0,0,0,0,0,0,0,0,0,0,0,0,0
ASV000516,0,0,0,0,0,0,0,0,0,0,0,0,0,0,0,0,0,0,0,0,0,0,0,0,0,0,0.385326757,0,0,0,0,0
ASV000517,0,0,0,0,0,0,0,0,0,0,0,0,0,0,0,0,0,0,0,0,0,0,0,0,0,0,0.385326757,0,0,0,0,0
ASV000518,0,0,0,0,0,0,0,0,0,0,0,0,0,0,0,0,0,0,0,0,0,0,0,0,0,0,0,0.280530023,0,0,0,0
ASV000519,0,0,0,0,0,0,0,0,0,0,0,0,0.251591703,0,0,0,0,0,0,0,0,0,0,0,0,0,0,0,0,0,0,0
ASV000520,0,0,0,0,0,0,0,0,0,0,0,0,0,0,0,0,0,0,0,0,0,0,0,0,0,0,0,0,0,0,0,0
ASV000521,0,0,0,0,0,0,0,0,0,0,0,0,0,0,0,0,0,0,0,0,0,0,0,0,0,0,0,0,0,0,0,0
ASV000522,0,0,0,0,0,0,0,0,0,0,0,0,0,0,0,0,0,0,0,0,0,0,0,0,0,0,0,0,0,0,0,0
ASV000523,0,0,0,0,0,0,0,0,0,0,0,0,0,0,0,0,0,0,0,0,0,0,0,0,0,0,0,0,0,0,0,0
ASV000524,0,0,0,0,0,0,0,0,0,0,0,0,0,0,0,0,0,0,0,0,0,0,0,0,0,0,0,0,0,0,1.033146793,0
ASV000525,0,0,0,0,0,0,0,0,0,0,0,0,0,0,0,0,0,0,0,0,0,0,0,0,0,0,0,0,0,0,0,0
ASV000526,0,0,0,0,0,0,0,0,0,0,0,0,0,0.001025862,0,0,0,0,0,0,0,0,0,0,0,0,0,0,0.699404762,0,0,0
ASV000527,0,0,0,0,0,0,0,0,0,0,0,0,0,0,0,0,0,0,0,0,0,0,0,0,0,0,0,0,0,0,0,0
ASV000528,0,0,0,0,0,0,0,0,0,0,0,0,0,0,0,0,0,0,0,0,0,0,0,0,0,0,0,0,0,0,0,0
ASV000529,0.029721253,0,0,0,0,0,0,0,0,0,0,0,0,0,0,0,0,0,0,0,0,0,0,0,0,0,0,0,0,0,0,0
ASV000530,0.000422642,0.002364122,0,0,0,0,0,0,0,0,0,0,0,0,0,0,0,0,0,0,0,0,0,0,0,0,0.023119605,0,0,0,0,0
ASV000531,0,0,0,0,0.033129621,0,0,0,0,0,0,0,0,0,0,0,0,0,0,0,0,0,0,0,0,0,0,0,0,0,0,0
ASV000532,0,0,0,0,0,0,0.179115854,0,0,0,0,0,0,0,0,0,0,0,0,0,0,0,0,0,0,0,0,0,0,0,0,0
ASV000533,0,0,0,0,0,0,0,0,0,0.333901677,0,0,0,0,0,0,0,0,0,0,0,0,0,0,0,0,0,0,0,0,0,0
ASV000534,0,0,0,0,0,0,0,0,0,0.333901677,0,0,0,0,0,0,0,0,0,0,0,0,0,0,0,0,0,0,0,0,0,0
ASV000535,0,0,0,0,0,0,0,0,0,0.094394569,0,0,0,0,0,0,0,0,0,0,0,0,0,0,0,0,0,0,0,0,0,0
ASV000536,0,0,0,0,0,0,0,0,0,0,0,0,0,0,0,0,0,0,0,0,0,0,0,0,0,0,0,0,0,0,0,0.193710588
ASV000537,0,0,0,0,0,0,0,0,0,0,0,0,0,0,0,0,0,0,0,0,0,0,0,0,0,0,0,0.280530023,0,0,0,0
ASV000538,0,0,0,0,0,0,0,0,0,0,0,0,0.022320369,0,0,0,0,0,0,0,0,0,0,0,0,0,0,0,0,0,0,0
ASV000539,0,0,0,0,0,0,0,0,0,0,0,0,0,0,0,0,0,0,0,0,0,0,0,0,0,0,0,0,0,0,0,0
ASV000540,0,0,0,0,0,0,0,0,0,0,0,0,0,0,0.017012326,0,0,0,0,0,0,0,0,0,0,0,0,0,0,0,0,0
ASV000541,0,0,0,0,0,0,0,0,0,0,0,0,0,0,0,0,0,0,0,0,0,0,0,0,0,0,0,0,0,0,0,0
ASV000542,0.020400651,0,0,0,0,0,0,0,0,0,0,0,0,0,0,0,0,0,0,0,0,0,0,0,0,0,0,0,0,0,0,0
ASV000543,0.019441521,0,0,0,0,0,0,0,0,0,0,0,0,0,0,0,0,0,0,0,0,0,0,0,0,0,0,0,0,0,0,0
ASV000544,0,0,0,0,0,0,0,0.54541143,0,0,0,0,0,0,0,0,0,0,0,0,0,0,0,0,0,0,0,0,0,0,0,0
ASV000545,0,0,0,0,0,0,0,0,0,0.092386174,0,0,0,0,0,0,0,0,0,0,0,0,0,0,0,0,0,0,0,0,0,0
ASV000546,0,0,0,0,0,0,0,0,0,0.054226667,0.010124873,0,0.001027538,0,0,0,0,0,0,0,0,0,0,0,0,0,0,0,0,0,0,0
ASV000547,0,0,0,0,0,0,0,0,0,0,0,0,0,0.027668008,0,0,0,0,0,0,0,0,0,0,0,0,0,0,0,0,0,0
ASV000548,0,0,0,0,0,0,0,0,0,0,0,0,0,0,0,0,0,0,0,0,0,0,0,0,0,0,0,0,0,3.24483099,0,0
ASV000549,0,0,0,0,0,0,0,0,0,0,0,0,0,0,0,0,0,0,0,0,0,0,0,0,0,0,0,0,0,0,0,0
ASV000550,0,0,0,0,0,0,0,0,0,0,0,0,0,0,0.017794914,0,0,0,0,0,0,0,0,0,0,0,0,0,0,0,0,0
ASV000551,0,0,0,0,0,0,0,0,0,0,0,0,0,0.087919114,0,0,0,0,0,0,0,0,0,0,0,0,0,0,0,0,0,0.017313019
ASV000552,0,0,0,0,0,0,0,0,0,0,0,0,0,0.02706653,0,0,0,0,0,0,0,0,0,0,0,0,0,0,0,0,0,0
ASV000553,0,0,0,0,0,0,0,0,0,0,0,0,0,0.02706653,0,0,0,0,0,0,0,0,0,0,0,0,0,0,0,0,0,0
ASV000554,0,0,0,0,0,0,0,0,0,0,0,0,0,0,0,0,0,0,0,0,0,0,0,0,0,0,0,0,0,0,0,0
ASV000555,0,0,0,0,0,0,0,0,0,0,0,0,0,0,0,0,0,0,0,0,0,0,0,0,0,0,0,0,0,0,0,0
ASV000556,0,0,0,0,0,0,0,0,0,0,0,0,0,0,0,0,0,0,0,0,0,0,0,0,0,0,0,0,0.669642857,0,0,0
ASV000557,0,0,0,0,0,0,0,0,0,0,0,0,0,0,0,0,0,0,0,0,0,0,0,0,0,0,0,0,0,0,0,0
ASV000558,0,0,0,0,0,0,0,0,0,0,0,0,0,0,0,0,0,0,0,0,0,0,0,0,0,0,0,0,0,0,0,0
ASV000559,0,0,0,0,0,0,0,0,0,0.002008395,0,0.11370247,0,0,0,0,0,0,0,0,0,0,0,0,0,0,0,0,0,0,0,0
ASV000560,0,0,0,0,0,0,0,0,0,0,0.151948832,0,0,0,0,0,0,0,0,0,0,0,0,0,0,0,0,0,0,0,0,0.050125313
ASV000561,0,0,0,0,0,0,0,0,0,0,0,0,0,0,0,0,0,0,0,0,0,0,0,0,0,0,0,0.262623851,0,0,0,0
ASV000562,0,0,0,0,0,0,0,0,0,0,0,0,0,0.001998162,0,0,0,0,0,0,0,0,0,0,0,0,0,0.256655127,0,0,0,0
ASV000563,0,0,0,0,0,0,0,0,0,0,0,0,0,0,0,0,0,0,0,0,0,0,0,0,0,0,0,0.005968724,0,0,0,0
ASV000564,0,0,0,0,0,0,0,0,0,0,0,0,0,0.045137927,0,0,0,0,0,0,0,0,0,0,0,0,0,0,0,0,0,0
ASV000565,0,0,0,0,0,0,0,0,0,0,0,0,0,0,0,0,0,0,0,0,0,0,0,0,0,0,0,0,0.654761905,0,0,0
ASV000566,0,0,0,0,0,0,0,0,0,0,0,0,0,0,0,0,0,0,0,0,0,0,0,0,0,0,0,0,0,1.823579304,0,0
ASV000567,0,0,0,0,0,0,0,0,0,0,0.001124986,0,0,0.000601478,0,0,0,0,0,0,0,0,0,0,0,0,0,0,0,0,0,0
ASV000568,0,0,0,0,0,0,0,0,0,0,0,0,0,0,0,0,0.080693551,0,0,0,0,0,0,0,0,0,0,0,0,0,0,0
ASV000569,0,0,0,0,0,0,0,0,0,0.305484513,0,0,0,0,0,0,0,0,0,0,0,0,0,0,0,0,0,0,0,0,0,0
ASV000570,0,0,0,0,0,0,0,0.497984349,0,0,0,0,0,0,0,0,0,0,0,0,0,0,0,0,0,0,0,0,0,0,0,0
ASV000571,0,0,0,0,0,0,0,0,0,0,0,0,0,0,0,0,0,0,0,0,0,0,0,0,0,0.335892514,0,0,0,0,0,0
ASV000572,0,0,0,0,0,0,0,0,0,0,0,0,0,0,0,0,0,0,0,0,0,0,0,0,0,0,0,0.005968724,0,0,0,0
ASV000573,0,0,0,0,0,0,0,0,0,0,0,0,0,0,0,0,0,0,0,0,0,0,0,0,0,0,0,0,0,0,0,0
ASV000574,0,0,0,0,0,0,0,0,0,0,0,0,0,0,0,0,0,0,0,0,0,0,0,0,0,0,0,0,0,0,0,0
ASV000575,0,0,0,0,0,0,0,0,0,0,0,0,0,0,0,0,0,0,0,0,0,0,0,0,0,0,0,0,0.625,0,0,0
ASV000576,0,0,0,0,0,0,0,0,0,0,0,0,0,0,0,0,0,0,0,0,0,0,0,0,0,0,0,0,0.625,0,0,0
ASV000577,0,0,0,0,0,0,0,0,0,0,0,0,0,0,0,0,0,0,0,0,0,0,0,0,0,0,0,0,0,0,2.95389049,0
ASV000578,0,0,0,0,0,0,0,0,0,0,0,0,0,0,0,0,0,0,0,0,0,0,0,0,0,0,0,0,0,0,0,0
ASV000579,0,0,0,0,0,0,0,0,0,0,0,0,0,0,0,0,0,0,0,0,0,0,0,0,0,0,0,0,0,0,0,0
ASV000580,0.00508617,0.002364122,0,0.006626027,0.065179604,0,0,0,0,0,0,0,0,0,0.00029403,0,0,0,0.006908463,0,0.0019998,0.001698398,0.003045623,0.00460007,0,0,0,0,0,0,0,0
ASV000581,0.02592705,0,0,0,0,0,0,0,0,0,0,0,0,0,0,0,0,0,0,0,0,0,0,0,0,0,0,0,0,0,0,0
ASV000582,0,0,0,0,0,0,0,0,0,0,0,0,0,0,0,0,0.084831682,0,0,0,0,0,0,0,0,0,0,0,0,0,0,0
ASV000583,0,0,0,0,0,0,0,0,0,0.082344199,0,0,0,0,0,0,0,0,0,0,0,0,0,0,0,0,0,0,0,0,0,0
ASV000584,0,0,0,0,0,0,0,0,0,0,0,0,0,0,0,0,0,0,0,0,0,0,0,0,0,0,0,0,0,0,0,0.29723068
ASV000585,0,0,0,0,0,0,0,0,0,0,0.023062212,0,0,0,0,0,0,0,0,0,0,0,0,0,0,0,0,0,0,0,0,0
ASV000586,0,0,0,0,0,0,0,0,0,0,0,0,0,0,0,0,0,0,0,0,0,0,0,0,0,0,0.315967941,0,0,0,0,0
ASV000587,0,0,0,0,0,0,0,0,0,0,0,0,0,0,0,0,0,0,0,0,0,0,0,0,0,0,0,0,0,0,0,0
ASV000588,0,0,0,0,0,0,0,0,0.339270568,0,0,0,0,0,0,0,0,0,0,0,0,0,0,0,0,0,0,0,0,0,0,0
ASV000589,0,0,0,0,0,0,0,0,0,0,0,0,0,0,0,0,0,0,0,0,0,0,0,0,0,0,0.308261406,0,0,0,0,0
ASV000590,0,0,0,0,0,0,0,0,0,0,0,0,0,0,0,0,0,0,0,0,0,0,0,0,0,0,0.308261406,0,0,0,0,0
ASV000591,0,0,0,0,0,0,0,0,0,0,0,0,0.205380982,0,0,0,0,0,0,0,0,0,0,0,0,0,0,0,0,0,0,0
ASV000592,0,0,0,0,0,0,0,0,0,0,0,0,0,0.024059137,0,0,0,0,0,0,0,0,0,0,0,0,0,0,0,0,0,0
ASV000593,0,0,0,0,0,0,0,0,0,0,0,0,0,0,0,0,0,0,0,0,0,0,0,0,0,0,0,0,0,0,0,0
ASV000594,0,0,0,0,0,0,0,0,0,0,0,0,0,0,0,0,0,0,0,0,0,0,0,0,0,0,0,0,0,0,0,0
ASV000595,0,0,0,0,0,0,0,0,0,0,0,0,0,0,0,0,0,0,0,0,0,0,0,0,0,0,0,0,0,0,0,0
ASV000596,0,0,0,0,0,0,0,0,0,0,0,0,0,0,0,0,0,0,0,0,0,0,0,0,0,0,0,0,0,0,0.839431769,0
ASV000597,0,0,0,0,0,0,0,0,0,0,0,0,0,0,0,0,0,0,0,0,0,0,0,0,0,0,0.300554871,0,0,0,0,0
ASV000598,0,0,0,0,0,0,0,0,0,0,0,0,0,0,0,0,0,0,0,0,0,0,0,0,0,0,0.300554871,0,0,0,0,0
ASV000599,0,0,0,0,0,0,0,0,0,0,0,0,0,0,0,0,0.078624485,0,0,0,0,0,0,0,0,0,0,0,0,0,0,0
ASV000600,0,0,0,0,0,0,0,0,0,0.269963058,0,0,0,0,0,0,0,0,0,0,0,0,0,0,0,0,0,0,0,0,0,0
ASV000601,0,0,0,0,0,0,0,0,0,0,0,0.100481252,0,0,0,0,0,0,0,0,0,0,0,0,0,0,0,0,0,0,0,0
ASV000602,0,0,0,0,0,0,0,0,0,0,0,0.036429872,0,0,0,0,0,0,0,0,0,0,0,0,0,0,0,0,0,0,0,0
ASV000603,0,0,0,0,0,0,0,0,0,0,0,0.036429872,0,0,0,0,0,0,0,0,0,0,0,0,0,0,0,0,0,0,0,0
ASV000604,0,0,0,0,0,0,0,0,0,0,0,0,0,0.02285618,0,0,0,0,0,0,0,0,0,0,0,0,0,0,0,0,0,0
ASV000605,0,0,0,0,0,0,0,0,0,0,0,0,0,0,0,0,0,0,0,0,0,0,0,0,0,0,0,0,0,0,0,0
ASV000606,0,0,0,0,0,0,0,0,0,0,0,0,0,0,0,0,0,0,0,0,0,0,0,0,0,0,0,0,0,0,0,0
ASV000607,0,0,0,0,0,0,0,0,0,0,0,0,0,0,0.013145888,0,0,0,0,0,0,0,0,0,0,0,0,0,0,0,0,0
ASV000608,0,0,0,0,0,0,0,0,0,0,0,0,0,0,0,0,0,0,0,0,0,0,0,0,0,0,0,0,0,0,0,0
ASV000609,0,0,0,0,0,0,0,0,0,0,0,0,0,0,0,0,0,0,0,0,0,0,0,0,0,0,0,0,0,0,0,0
ASV000610,0.01463525,0.009456488,0,0,0,0,0,0,0,0,0,0,0,0,0,0,0,0,0,0,0,0,0,0,0,0,0,0,0,0,0,0
ASV000611,0.015637745,0,0,0,0,0,0,0,0,0,0,0,0,0,0,0,0,0,0,0,0,0,0,0,0,0,0,0,0,0,0,0
ASV000612,0.015637745,0,0,0,0,0,0,0,0,0,0,0,0,0,0,0,0,0,0,0,0,0,0,0,0,0,0,0,0,0,0,0
ASV000613,0,0,0,0,0,0,0,0,0.313825276,0,0,0,0,0,0,0,0,0,0,0,0,0,0,0,0,0,0,0,0,0,0,0
ASV000614,0,0,0,0,0,0,0,0,0.313825276,0,0,0,0,0,0,0,0,0,0,0,0,0,0,0,0,0,0,0,0,0,0,0
ASV000615,0,0,0,0,0,0,0,0,0,0,0,0,0,0,0,0,0,0,0,0,0,0,0,0,0,0,0,0,0,0,0,0
ASV000616,0,0,0,0,0,0,0,0,0,0,0,0,0,0,0,0,0,0,0,0,0,0,0,0,0,0,0,0,0.550595238,0,0,0
ASV000617,0,0,0,0,0,0,0,0,0,0,0,0,0,0,0,0,0,0,0,0,0,0,0,0,0,0,0,0,0,1.967213115,0,0
ASV000618,0,0,0,0,0,0,0,0,0,0,0,0,0,0,0,0,0,0,0,0,0,0,0,0,0,0,0,0,0,0,0,0
ASV000619,0,0,0,0,0,0,0,0,0,0,0,0,0.035963831,0,0,0,0,0,0,0,0,0,0,0,0,0,0,0,0,0,0,0
ASV000620,0,0,0,0,0,0,0,0,0,0,0,0,0,0.071933821,0,0,0,0,0,0,0,0,0,0,0,0,0,0,0,0,0,0
ASV000621,0,0,0,0,0,0,0,0,0,0,0,0,0,0,0,0,0,0,0,0,0,0,0,0,0,0,0,0,0,0,0,0
ASV000622,0,0,0,0,0,0,0,0,0,0,0,0,0,0,0,0,0,0,0,0,0,0,0,0,0,0,0,0,0,0,0,0
ASV000623,0,0,0,0,0,0,0,0,0,0,0,0,0,0,0,0,0,0,0,0,0,0,0,0,0,0,0,0,0,0,0,0
ASV000624,0,0,0,0,0,0,0,0,0,0,0,0,0,0,0,0,0,0,0,0,0,0,0,0,0,0,0,0,0,0,0,0
ASV000625,0,0,0,0,0,0,0,0,0,0,0.000562493,0,0.015878475,0.006703088,0.005272924,0,0,0,0,0,0,0,0,0,0,0,0,0,0,0,0,0
ASV000626,0.014792462,0,0,0,0,0,0,0,0,0,0,0,0,0,0,0,0,0,0,0,0,0,0,0,0,0,0,0,0,0,0,0
ASV000627,0,0.035461831,0,0,0,0,0,0,0,0,0,0,0,0,0,0,0,0,0,0,0,0,0,0,0,0,0,0,0,0,0,0
ASV000628,0,0,0,0,0,0,0,0,0,0,0,0,0,0,0,0,0,0,0,0,0,0,0,0,0,0,0.26972873,0,0,0,0,0
ASV000629,0,0,0,0,0,0,0,0,0,0,0,0,0.016621551,0,0,0,0,0,0,0,0,0,0,0,0,0,0,0,0,0,0,0
ASV000630,0,0,0,0,0,0,0,0,0,0,0,0,0.016621551,0,0,0,0,0,0,0,0,0,0,0,0,0,0,0,0,0,0,0
ASV000631,0,0,0,0,0,0,0,0,0,0,0,0,0,0.035905169,0,0,0,0,0,0,0,0,0,0,0,0,0,0,0,0,0,0
ASV000632,0,0,0,0,0,0,0,0,0,0,0,0,0,0,0,0,0,0,0,0,0,0,0,0,0,0,0,0,0,0,2.449567723,0
ASV000633,0,0,0,0,0,0,0,0,0,0,0,0,0,0.020450267,0,0,0,0,0,0,0,0,0,0,0,0,0,0,0,0,0,0
ASV000634,0,0,0,0,0,0,0,0,0,0,0,0,0,0,0,0,0,0,0,0,0,0,0,0,0,0,0,0,0,1.399491094,0,0
ASV000635,0.005691304,0,0,0,0,0,0,0,0,0,0,0,0,0,0.00790885,0,0,0,0,0,0,0,0,0,0,0,0,0,0,0,0,0
ASV000636,0.018034994,0,0,0,0,0,0,0,0,0,0,0,0,0,0,0,0,0,0,0,0,0,0,0,0,0,0,0,0,0,0,0
ASV000637,0,0,0,0,0,0,0,0,0,0,0,0,0,0.000601478,0,0,0,0.194655813,0,0,0,0.025475976,0,0,0,0,0,0,0,0,0,0
ASV000638,0,0,0,0,0,0,0,0,0,0,0,0,0,0,0,0,0,0,0,0,0,0,0,0.030360461,0,0,0,0,0,0,0,0
ASV000639,0,0,0,0,0,0,0,0,0,0,0,0,0,0,0,0,0,0,0,0,0,0,0,0,0,0,0.25431566,0,0,0,0,0
ASV000640,0,0,0,0,0,0,0,0,0,0,0,0,0.015671748,0,0,0,0,0,0,0,0,0,0,0,0,0,0,0,0,0,0,0
ASV000641,0,0,0,0,0,0,0,0,0,0,0,0,0.015671748,0,0,0,0,0,0,0,0,0,0,0,0,0,0,0,0,0,0,0
ASV000642,0,0,0,0,0,0,0,0,0,0,0,0,0,0.019848788,0,0,0,0,0,0,0,0,0,0,0,0,0,0,0,0,0,0
ASV000643,0,0,0,0,0,0,0,0,0,0,0,0,0,0,0,0,0,0,0,0,0,0,0,0,0,0,0,0,0.491071429,0,0,0
ASV000644,0,0,0,0,0,0,0,0,0,0,0.00956238,0,0,0,0.004448728,0,0,0,0,0,0,0,0,0,0,0,0,0,0,0.163934426,0,0
ASV000645,0,0,0,0,0,0,0,0,0,0,0,0,0,0,0,0,0,0,0,0,0,0,0,0,0,0,0,0,0,0,0,0
ASV000646,0,0,0,0,0,0,0,0,0,0,0,0.084615791,0,0,0,0,0,0,0,0,0,0,0,0,0,0,0,0,0,0,0,0
ASV000647,0,0,0,0,0,0,0,0,0,0,0,0,0,0,0,0,0,0,0,0,0,0,0,0,0,0,0,0.190999164,0,0,0,0
ASV000648,0,0,0,0,0,0,0,0,0,0,0,0,0.015196847,0,0,0,0,0,0,0,0,0,0,0,0,0,0,0,0,0,0,0
ASV000649,0,0,0,0,0,0,0,0,0,0,0,0,0.015196847,0,0,0,0,0,0,0,0,0,0,0,0,0,0,0,0,0,0,0
ASV000650,0,0,0,0,0,0,0,0,0,0,0,0,0,0.01924731,0,0,0,0,0,0,0,0,0,0,0,0,0,0,0,0,0,0
ASV000651,0,0,0,0,0,0,0,0,0,0,0,0,0,0,0,0,0,0,0,0,0,0,0,0,0,0,0,0,0,0,0,0
ASV000652,0,0,0,0,0,0,0,0,0,0,0,0,0,0,0,0,0,0,0,0,0,0,0,0,0,0,0,0,0.476190476,0,0,0
ASV000653,0,0,0,0,0,0,0,0,0,0,0,0,0,0,0,0,0,0,0,0,0,0,0,0,0,0,0,0,0,0,0,0
ASV000654,0,0,0,0,0,0,0,0,0,0.184711566,0,0,0,0,0,0,0,0,0,0,0,0,0,0,0,0,0,0,0,0,0,0
ASV000655,0,0,0,0,0,0,0,0,0,0,0.007312409,0,0,0.003007392,0,0,0,0,0,0,0,0,0,0,0,0,0,0,0,0,0,0
ASV000656,0,0,0,0,0,0,0,0,0,0,0,0,0,0,0,0,0,0,0,0,0,0,0,0,0,0,0,0.18503044,0,0,0,0
ASV000657,0,0,0,0,0,0,0,0,0,0,0,0,0,0,0,0,0,0,0,0,0,0,0,0,0,0,0,0,0,0,0,0
ASV000658,0,0,0,0,0,0,0,0,0,0,0,0,0,0,0,0,0,0,0,0,0,0,0,0,0,0,0,0,0,0,0,0
ASV000659,0,0,0,0,0,0,0,0,0,0,0,0,0,0,0,0,0,0,0,0,0,0,0,0,0,0,0,0,0,0,0,0
ASV000660,0,0,0,0,0,0,0,0,0,0,0,0,0,0,0,0,0,0,0,0,0,0,0,0.014720224,0,0,0,0,0,0,0,0.024729011
ASV000661,0,0,0,0,0,0,0,0,0.254452926,0,0,0,0,0,0,0,0,0,0,0,0,0,0,0,0,0,0,0,0,0,0,0
ASV000662,0,0,0,0,0,0,0,0,0.254452926,0,0,0,0,0,0,0,0,0,0,0,0,0,0,0,0,0,0,0,0,0,0,0
ASV000663,0,0,0,0,0,0,0,0,0,0,0,0,0,0,0,0,0.062071962,0,0,0,0,0,0,0,0,0,0,0,0,0,0,0
ASV000664,0,0,0,0,0,0,0,0,0,0,0,0.028760426,0,0,0,0,0,0,0,0,0,0,0,0,0,0,0,0,0,0,0,0
ASV000665,0,0,0,0,0,0,0,0,0,0,0,0,0,0,0,0,0,0,0,0,0,0,0,0,0,0,0,0.179061717,0,0,0,0
ASV000666,0,0,0,0,0,0,0,0,0,0,0,0,0,0,0,0,0,0,0,0,0,0,0,0,0,0,0,0,0,0,0,0
ASV000667,0,0,0,0,0,0,0,0,0,0,0,0,0,0,0,0,0,0,0,0,0,0,0,0,0,0,0,0,0,0,0,0
ASV000668,0,0,0,0,0,0,0,0,0,0,0,0,0,0,0,0,0,0,0,0,0,0,0,0,0,0,0,0,0,0,0,0
ASV000669,0,0,0,0,0,0,0,0,0,0,0,0,0,0,0.00029403,0,0,0,0,0,0,0,0,0,0,0,0,0,0.431547619,0,0,0
ASV000670,0.018338645,0,0,0,0,0,0,0,0,0,0,0,0,0,0,0,0,0,0,0,0,0,0,0,0,0,0,0,0,0,0,0
ASV000671,0,0,0,0,0,0,0,0.272705715,0,0,0,0,0,0,0,0,0,0,0,0.010407813,0,0,0,0,0,0,0,0,0,0,0,0
ASV000672,0,0,0,0,0,0,0,0,0,0,0,0,0,0,0,0,0,0.460095558,0,0,0,0,0.004568435,0,0,0,0,0,0,0,0,0
ASV000673,0,0,0,0,0,0,0,0,0,0,0,0,0,0.029749997,0,0,0,0,0,0,0,0,0,0,0,0,0,0,0,0,0,0
ASV000674,0,0,0,0,0,0,0,0,0,0,0,0,0,0,0,0,0,0,0,0,0,0,0,0,0,0,0,0,0,0,0,0
ASV000675,0,0,0,0,0,0,0,0,0,0,0,0,0,0,0,0,0,0,0,0,0,0,0,0,0,0,0,0,0,0,0,0
ASV000676,0,0,0,0,0,0,0,0,0,0,0,0,0,0,0,0,0,0,0,0,0,0,0,0,0,0,0,0,0,0,0,0
ASV000677,0,0,0,0,0,0,0,0,0,0,0,0,0,0,0,0,0,0,0,0,0,0,0,0,0,0,0,0,0,0,0,0
ASV000678,0,0,0,0,0,0,0,0,0,0,0,0,0,0,0,0,0,0,0,0,0,0,0,0,0,0,0,0,0.431547619,0,0,0
ASV000679,0,0,0,0,0,0,0,0,0,0,0,0,0,0,0,0.152198422,0,0,0,0,0,0,0,0,0,0,0,0,0,0,0.07204611,0
ASV000680,0.017706278,0,0,0,0,0,0,0,0,0,0,0,0,0,0,0,0,0,0,0,0,0,0,0,0,0,0,0,0,0,0,0
ASV000681,0.007588405,0,0,0,0,0,0,0,0,0,0,0.056306306,0,0.014362068,0,0,0,0,0,0,0,0,0,0,0,0,0,0,0,0,0,0
ASV000682,0,0,0,0,0,0,0,0,0,0,0,0,0,0,0,0,0,0,0,0,0,0.047555155,0,0,0,0,0,0,0,0,0,0
ASV000683,0,0,0,0,0,0,0,0,0,0,0,0,0,0,0,0,0,0,0,0,0,0,0,0.025760392,0,0,0,0,0,0,0,0
ASV000684,0,0,0,0,0,0,0,0,0,0,0,0.45045045,0,0,0,0,0,0,0,0,0,0,0,0,0,0,0,0,0,0,0,0
ASV000685,0,0,0,0,0,0,0,0,0,0,0,0,0,0,0,0,0,0,0,0,0,0,0,0,0,0,0,0,0,0,0,0
ASV000686,0,0,0,0,0,0,0,0,0,0,0,0,0,0,0,0,0,0,0,0,0,0,0,0,0,0,0,0,0,0,0,0
ASV000687,0,0,0,0,0,0,0,0,0,0,0,0,0,0,0.00790885,0,0,0,0,0,0,0,0,0,0,0,0,0,0,0,0,0
ASV000688,0.011974295,0,0,0,0,0,0,0,0,0,0,0,0,0,0,0,0,0,0,0,0,0,0,0,0,0,0,0,0,0,0,0
ASV000689,0,0,0,0,0,0,0,0,0,0,0.088992714,0,0,0.001998162,0,0,0,0,0,0,0,0.016983984,0,0,0,0,0,0,0,0,0,0
ASV000690,0,0,0,0,0,0,0,0,0,0,0,0.071394574,0,0,0,0,0,0,0,0,0,0,0,0,0,0,0,0,0,0,0,0
ASV000691,0,0,0,0,0,0,0,0,0,0,0,0.760135135,0,0,0,0,0,0,0,0,0,0,0,0,0,0,0,0,0,0,0,0
ASV000692,0,0,0,0,0,0,0,0,0,0,0,0,0,0,0,0,0,0,0,0,0,0,0,0,0,0,0,0.161155545,0,0,0,0
ASV000693,0,0,0,0,0,0,0,0,0,0,0,0,0,0,0,0,0,0,0,0,0,0,0,0,0,0,0,0,0,0,0,0
ASV000694,0,0,0,0,0,0,0,0,0,0,0,0,0,0,0,0,0,0,0,0,0,0,0,0,0,0.19993602,0,0,0,0,0,0
ASV000695,0,0,0,0,0,0,0,0,0,0,0,0,0,0,0,0,0,0,0,0,0,0,0,0,0,0,0,0,0,0,0,0
ASV000696,0,0,0,0,0,0,0,0,0,0,0,0,0,0,0,0,0,0,0,0,0,0,0,0,0,0,0,0,0,0,0,0
ASV000697,0,0,0,0,0,0,0,0,0,0,0,0,0,0,0.007644788,0,0,0,0,0,0,0,0,0,0,0,0,0,0,0,0,0
ASV000698,0,0,0,0,0,0,0,0,0,0,0,0,0,0,0,0,0,0,0,0,0,0,0,0,0,0,0,0,0,0,0,0
ASV000699,0.01108731,0,0,0,0,0,0,0,0,0,0,0,0,0,0,0,0,0,0,0,0,0,0,0,0,0,0,0,0,0,0,0
ASV000700,0.001075859,0,0,0,0.003949371,0,0,0.002201964,0,0,0,0,0,0,0,0,0,0,0,0,0,0,0.001522812,0,0,0,0,0,0,0,0,0
ASV000701,0,0,0,0,0,0,0,0,0,0,0,0,0.011872536,0,0,0,0,0,0,0,0,0,0,0,0,0,0,0,0,0,0,0
ASV000702,0,0,0,0,0,0,0,0,0,0,0,0,0,0,0,0,0,0,0,0,0,0,0,0,0,0,0,0,0,0,0,0
ASV000703,0,0,0,0,0,0,0,0,0,0,0,0,0,0,0.009666094,0,0,0,0,0,0,0,0,0,0,0,0,0,0,0,0,0
ASV000704,0,0,0,0,0,0,0,0,0,0,0.021202163,0,0,0,0,0,0,0,0,0,0,0,0,0,0,0,0,0,0,0,0.301334481,0
ASV000705,0,0,0,0,0,0,0,0.284562485,0,0,0,0,0,0,0,0,0,0,0,0,0,0,0,0,0,0,0,0,0,0,0,0
ASV000706,0,0,0,0,0,0,0,0,0,0.034343608,0,0,0,0,0,0,0,0,0,0,0,0,0,0,0,0,0,0,0,0,0,0
ASV000707,0,0,0,0,0,0,0,0,0,0.030050657,0,0,0,0,0,0,0,0,0,0,0,0,0,0,0,0,0,0,0,0,0,0
ASV000708,0,0,0,0,0,0,0,0,0,0,0,0.063461844,0,0,0,0,0,0,0,0,0,0,0,0,0,0,0,0,0,0,0,0
ASV000709,0,0,0,0,0,0,0,0,0,0,0,0,0.024660912,0,0,0,0,0,0,0,0,0,0,0,0,0,0,0,0,0,0,0
ASV000710,0,0,0,0,0,0,0,0,0,0,0,0,0,0.014435482,0,0,0,0,0,0,0,0,0,0,0,0,0,0,0,0,0,0
ASV000711,0,0,0,0,0,0,0,0,0,0,0,0,0,0,0,0,0,0,0,0,0,0,0,0,0,0,0,0,0,0,0,0
ASV000712,0,0,0,0,0,0,0,0,0,0,0,0,0,0,0,0,0,0,0,0,0,0,0,0,0,0,0,0,0.357142857,0,0,0
ASV000713,0,0,0,0,0,0,0,0,0,0,0,0,0,0,0,0.129650507,0,0,0,0,0,0,0,0,0,0,0,0,0,0,0,0
ASV000714,0,0,0,0,0,0,0,0,0,0,0,0,0,0,0,0,0,0,0,0,0,0,0,0,0,0,0,0,0,0,0,0
ASV000715,0,0,0,0,0,0,0,0,0,0.046193087,0,0,0,0,0,0,0,0,0,0,0,0,0,0,0,0,0,0,0,0,0,0
ASV000716,0,0,0,0,0,0,0,0,0,0,0,0,0,0,0,0,0,0,0.019861831,0,0,0,0,0,0,0,0,0,0,0,0,0
ASV000717,0,0,0,0,0,0,0,0,0,0,0,0,0,0,0,0,0,0,0,0,0,0,0,0,0,0,0.177250308,0,0,0,0,0
ASV000718,0,0,0,0,0,0,0,0,0,0,0,0,0,0,0,0,0,0,0,0,0,0,0,0,0,0,0,0,0,0,0,0
ASV000719,0,0,0,0,0,0,0,0,0,0,0,0,0,0,0,0,0,0,0,0,0,0,0,0,0,0,0,0,0,0,0,0
ASV000720,0,0,0,0,0,0,0,0,0,0,0,0,0.008073325,0,0,0,0,0,0,0,0,0,0,0,0,0,0,0,0.014880952,0,0.021523892,0
ASV000721,0,0,0,0,0.022596572,0,0,0,0,0,0,0,0,0,0,0,0,0,0,0,0,0,0,0,0,0,0,0,0,0,0,0
ASV000722,0,0,0,0,0,0,0,0,0,0,0,0,0,0,0,0,0,0,0,0,0,0,0.033501858,0,0,0,0,0,0,0,0,0
ASV000723,0,0,0,0,0,0,0,0,0,0,0,0,0,0,0,0,0,0,0,0,0,0,0.033501858,0,0,0,0,0,0,0,0,0
ASV000724,0,0,0.844205679,0,0,0,0,0,0,0,0,0,0,0,0,0,0,0,0,0,0,0,0,0,0,0,0,0,0,0,0,0
ASV000725,0,0,0,0,0,0,0,0,0,0,0,0,0,0,0,0,0,0,0,0,0,0,0,0,0,0,0,0,0,0,0,0.632729364
ASV000726,0,0,0,0,0,0,0,0,0,0,0,0,0,0.013232526,0,0,0,0,0,0,0,0,0,0,0,0,0,0,0,0,0,0
ASV000727,0,0,0,0,0,0,0,0,0,0,0,0,0,0,0,0,0,0,0,0,0,0,0,0,0,0,0,0,0,0,0,0
ASV000728,0,0,0,0,0,0.031421838,0,0,0,0,0,0,0,0.002051724,0.00029403,0,0,0,0,0,0,0,0.001522812,0,0,0,0,0,0,0.248752068,0,0.004121502
ASV000729,0.006208894,0,0,0,0,0,0,0,0,0,0,0,0,0,0,0,0,0,0,0,0,0,0,0,0,0,0,0,0,0,0,0
ASV000730,0,0.049646564,0,0,0,0,0,0,0,0,0,0,0,0,0,0,0,0,0,0,0,0,0,0,0,0,0,0,0,0,0,0
ASV000731,0,0,0,0,0,0,0,0,0,0,0.111240892,0,0,0.001998162,0,0,0,0,0,0,0,0,0,0,0,0,0,0,0,0,0,0
ASV000732,0,0,0,0,0,0,0,0,0,0,0,0,0.009972931,0,0,0,0,0,0,0,0,0,0,0,0,0,0,0,0,0,0,0
ASV000733,0,0,0,0,0,0,0,0,0,0,0,0,0,0,0,0,0,0,0,0,0,0,0,0,0,0,0,0,0,0,0,0
ASV000734,0,0,0,0,0,0,0,0,0,0,0,0,0,0,0,0,0,0,0,0,0,0,0,0,0,0,0,0,0,0,0.43047783,0
ASV000735,0,0,0,0,0,0,0,0,0,0,0,0,0,0,0,0,0,0,0,0,0,0,0,0,0,0,0,0,0,0,0,0
ASV000736,0.008452835,0,0,0,0,0,0,0,0,0,0,0,0,0,0,0,0,0,0,0,0,0,0,0,0,0,0,0,0,0,0,0
ASV000737,0,0,0,0,0,0,0,0,0,0,0.008999888,0,0,0,0,0,0,0,0,0,0,0,0,0,0,0,0.030826141,0,0,0,0,0
ASV000738,0,0,0,0,0,0,0,0,0,0,0,0,0.004749015,0,0,0,0,0,0,0,0,0,0,0,0,0,0,0.059687239,0,0,0,0
ASV000739,0,0,0,0,0,0,0,0,0,0,0,0,0.009498029,0,0,0,0,0,0,0,0,0,0,0,0,0,0,0,0,0,0,0
ASV000740,0,0,0,0,0,0,0,0,0,0,0,0,0,0,0,0,0,0,0,0,0,0,0,0,0,0,0,0,0,0,0,0
ASV000741,0,0,0,0,0,0,0,0,0,0,0,0,0,0,0,0,0,0,0,0,0,0,0,0,0,0,0,0,0,0,0,0
ASV000742,0,0,0,0,0,0,0,0,0,0,0,0,0,0,0,0,0,0,0,0,0,0,0,0,0,0,0,0,0,1.557377049,0,0
ASV000743,0,0,0,0,0,0,0,0,0,0,0,0,0,0,0,0,0,0,0,0,0,0,0,0,0,0,0,0,0,0,0,0
ASV000744,0.008426356,0,0,0,0,0,0,0,0,0,0,0,0,0,0,0,0,0,0,0,0,0,0,0,0,0,0,0,0,0,0,0
ASV000745,0,0,0,0,0,0,0,0.002201964,0,0,0,0,0,0,0.003259849,0,0,0,0,0,0.0019998,0,0,0.000920014,0,0,0,0,0,0,0,0
ASV000746,0,0,0,0,0,0,0,0,0,0,0,0,0,0,0,0,0,0,0,0,0,0,0,0,0,0,0,0,0,0,0,0
ASV000747,0,0,0,0,0,0,0,0,0,0,0,0,0.087286917,0,0,0,0,0,0,0,0,0,0,0,0,0,0,0,0,0,0,0.014499058
ASV000748,0,0,0,0,0,0,0,0,0,0,0,0,0,0,0,0,0,0,0,0,0,0,0,0,0,0,0,0,0,0,0,0
ASV000749,0,0,0,0,0,0,0,0,0,0,0.011124089,0,0,0,0,0,0,0,0,0,0,0,0,0,0.786240786,0,0,0,0,0,0,0
ASV000750,0,0,0.690713738,0,0,0,0,0,0,0,0,0,0,0,0,0,0,0,0,0,0,0,0,0,0,0,0,0,0,0,0,0
ASV000751,0,0,0,0,0,0,0,0,0,0,0,0,0,0,0,0,0,0,0,0,0,0,0,0,0,0,0,0,0,0,0,0
ASV000752,0,0,0,0,0,0,0,0,0,0,0,0,0,0,0,0,0,0,0,0,0,0,0,0,0,0,0,0,0,0,0,0
ASV000753,0,0,0,0,0,0,0,0,0,0,0,0,0,0,0,0,0,0,0,0,0,0,0,0,0,0,0,0,0,0,0,0
ASV000754,0,0,0,0,0,0,0,0,0,0,0,0,0,0,0,0,0,0,0,0,0,0,0,0,0,0,0,0,0,0,0.365906156,0
ASV000755,0,0,0,0,0,0,0,0,0,0,0,0,0,0,0.002471516,0,0,0,0,0,0,0,0,0,0,0,0,0,0,0,0,0
ASV000756,0,0,0,0,0.155549456,0,0,0,0,0,0,0,0,0,0,0,0,0,0,0,0,0,0,0,0,0,0,0,0,0,0,0
ASV000757,0,0,0,0,0.011298286,0,0,0,0,0,0,0,0,0,0,0,0,0,0,0,0,0,0,0,0,0,0,0,0,0,0,0
ASV000758,0,0,0,0,0,0,0,0,0,0,0,0,0,0,0,0,0,0,0,0,0,0.028872773,0,0,0,0,0,0,0,0,0,0
ASV000759,0,0,0,0,0,0,0,0,0,0,0,0,0,0,0,0,0,0,0,0,0,0.028872773,0,0,0,0,0,0,0,0,0,0
ASV000760,0,0,0,0,0,0,0,0,0,0,0,0,0.008073325,0,0,0,0,0,0,0,0,0,0,0,0,0,0,0,0,0,0,0
ASV000761,0,0,0,0,0,0,0,0,0,0,0,0,0,0,0,0,0,0,0,0,0,0,0,0,0,0,0,0,0,0,0,0
ASV000762,0,0,0,0,0,0,0,0,0,0,0,0,0,0,0,0,0,0,0,0,0,0,0,0,0,0,0,0,0,0,0,0
ASV000763,0,0,0,0,0,0,0,0,0,0,0,0,0,0,0,0,0,0,0,0,0,0,0,0,0,0,0,0,0,0.678541137,0,0
ASV000764,0,0,0,0,0.018077258,0,0,0,0,0,0,0,0,0,0,0,0,0,0,0,0,0,0,0,0,0,0,0,0,0,0,0
ASV000765,0,0,0,0,0,0,0,0,0,0,0,0.45045045,0,0,0,0,0,0,0,0,0,0,0,0,0,0,0,0,0,0,0,0
ASV000766,0,0,0,0,0,0,0,0,0,0,0,0,0,0,0,0,0,0,0,0,0,0,0,0,0,0,0,0,0,0,0,0
ASV000767,0,0,0,0,0,0,0,0,0,0,0,0,0,0,0,0,0,0,0,0,0,0,0,0,0,0,0,0,0,1.229508197,0,0
ASV000768,0,0,0,0,0,0,0,0,0,0,0,0,0,0,0,0,0,0,0,0,0,0,0,0,0,0,0,0,0,0,0.322858373,0
ASV000769,0.006548133,0,0,0,0,0,0,0,0,0,0,0,0,0,0,0,0,0,0,0,0,0,0,0,0,0,0,0,0,0,0,0
ASV000770,0.003062746,0,0,0,0,0,0,0,0,0,0,0,0,0,0,0,0.010345327,0,0,0.001734635,0,0,0,0,0,0,0,0,0,0,0,0
ASV000771,0.000866134,0,0,0,0,0,0.002082552,0.002201964,0,0,0,0,0,0,0,0,0,0,0,0.005203906,0,0,0.007614059,0.000920014,0,0,0,0,0,0,0,0
ASV000772,0,0,0,0,0,0,0,0,0,0,0,0,0,0,0,0.084554679,0,0,0,0,0,0,0,0,0,0,0,0,0,0,0,0
ASV000773,0,0,0,0,0.010573283,0,0,0,0,0,0,0,0,0,0,0,0,0,0,0,0,0,0,0,0,0,0,0,0,0,0,0
ASV000774,0,0,0,0,0,0,0,0,0,0.021464755,0,0,0,0,0,0,0,0,0,0,0,0,0,0,0,0,0,0,0,0,0,0
ASV000775,0,0,0,0,0,0,0,0,0,0,0,0,0,0,0,0,0,0,0,0,0,0,0,0,0,0,0,0,0,0,0,0
ASV000776,0,0,0,0,0,0,0,0,0,0,0,0.422297297,0,0,0,0,0,0,0,0,0,0,0,0,0,0,0,0,0,0,0,0
ASV000777,0,0,0,0,0,0,0,0,0,0,0,0,0,0,0,0,0,0,0,0,0,0,0,0,0,0,0,0,0,0,0.301334481,0
ASV000778,0,0,0,0,0,0,0,0,0,0,0,0,0,0,0.004943032,0,0,0,0,0,0,0,0,0,0,0,0,0,0,0,0,0
ASV000779,0,0,0,0,0,0,0,0,0,0,0,0,0,0,0.004943032,0,0,0,0,0,0,0,0,0,0,0,0,0,0,0,0,0
ASV000780,0.003104447,0,0,0,0,0,0,0,0,0,0,0,0,0,0.001933219,0,0,0,0,0,0,0,0,0,0,0,0,0,0,0,0,0
ASV000781,0,0,0,0,0,0,0,0,0,0,0,0,0,0,0,0.0789177,0,0,0,0,0,0,0,0,0,0,0,0,0,0,0,0
ASV000782,0,0,0,0,0,0.015710919,0,0,0,0,0,0,0,0,0,0,0,0,0,0,0,0,0,0,0,0,0,0,0,0,0,0.004121502
ASV000783,0,0,0,0,0,0,0,0,0,0,0,0,0,0,0,0,0,0,0,0,0,0,0,0,0,0,0,0,0,0,0,0
ASV000784,0,0,0,0,0,0,0,0,0,0,0,0,0.00664862,0,0,0,0,0,0,0,0,0,0,0,0,0,0,0,0,0,0,0
ASV000785,0,0,0,0,0,0,0,0,0,0,0,0,0.014385532,0,0,0,0,0,0,0,0,0,0,0,0,0,0,0,0,0,0,0
ASV000786,0,0,0,0,0,0,0,0,0,0,0,0,0,0,0,0,0,0,0,0,0,0,0,0,0,0,0,0,0,0,0,0
ASV000787,0,0,0,0,0,0,0,0,0,0,0,0,0,0,0,0,0,0,0,0,0,0,0,0,0,0,0,0,0,0,0,0
ASV000788,0.00177397,0.021277099,0,0,0,0,0,0,0,0,0,0,0,0,0,0,0,0,0,0,0,0,0,0,0,0,0,0,0,0,0,0
ASV000789,0,0,0,0,0,0,0,0,0,0,0.000562493,0,0.003402045,0.001202957,0.000588061,0,0,0,0,0,0,0,0,0,0,0,0,0,0,0,0,0
ASV000790,0,0,0,0,0,0,0,0,0,0,0.07230658,0,0,0,0,0,0,0,0,0,0,0,0,0,0,0,0,0,0,0,0,0
ASV000791,0,0,0,0,0,0,0,0,0,0,0,0,0,0.00781922,0,0,0,0,0,0,0,0,0,0,0,0,0,0,0,0,0,0
ASV000792,0,0,0,0,0,0,0,0,0,0,0,0,0,0,0,0,0,0,0,0,0,0,0,0,0,0,0,0,0.029761905,0.819672131,0,0
ASV000793,0,0,0,0,0,0,0,0,0,0,0,0,0,0,0,0,0,0,0,0,0,0,0,0,0,0,0,0,0,0,0,0
ASV000794,0,0,0,0,0,0,0,0,0,0,0,0,0,0,0,0,0,0,0,0,0,0,0,0,0,0,0,0,0,0,0.258286698,0
ASV000795,0.002529468,0,0,0,0,0,0,0,0,0,0,0,0,0,0,0,0.016552523,0,0,0,0,0,0,0,0,0,0,0,0,0,0,0
ASV000796,0,0,0,0,0,0,0,0,0,0,0,0,0,0,0,0,0,0,0,0,0,0,0,0,0,0,0,0,0,0,0,0
ASV000797,0,0,0,0,0,0,0,0,0,0,0,0,0,0,0,0,0,0,0,0,0,0,0,0,0,0,0,0,0,0,0,0
ASV000798,0,0.028369465,0,0,0,0,0,0,0,0,0,0,0,0,0,0,0,0,0,0,0,0,0,0,0,0,0,0,0,0,0,0
ASV000799,0,0,0,0,0,0,0,0,0,0,0,0,0,0,0,0,0,0,0,0,0,0,0,0,0,0,0,0,0,0,0,0
ASV000800,0,0,0,0,0,0,0,0,0,0,0.006749916,0,0,0,0,0,0,0,0,0,0,0,0,0,0,0,0,0,0,0,0,0
ASV000801,0,0,0,0,0,0,0,0,0,0,0.038934312,0,0.001899606,0,0,0,0,0,0,0,0,0,0,0,0,0,0,0,0,0,0,0
ASV000802,0,0,0,0,0,0,0,0,0,0,0,0,0,0.012310344,0,0,0,0,0,0,0,0,0,0,0,0,0,0,0,0,0,0
ASV000803,0,0,0,0,0,0,0,0,0,0,0,0,0,0,0,0,0,0,0,0,0,0,0,0,0,0,0,0,0,0,0,0
ASV000804,0,0,0,0,0,0,0,0,0,0,0,0,0,0,0,0,0,0,0,0,0,0,0,0,0,0,0,0,0,0,0,0
ASV000805,0,0,0,0,0,0,0,0,0,0,0,0,0,0,0.002965819,0,0,0,0,0,0,0,0,0,0,0,0,0,0,0,0,0
ASV000806,0.00177397,0,0,0,0,0,0.007621951,0.000733988,0,0,0,0,0,0,0,0,0,0,0,0,0,0.001698398,0.001522812,0.000920014,0,0,0,0,0,0,0,0
ASV000807,0,0,0,0,0.100649648,0,0,0,0,0,0,0,0,0,0,0,0,0,0,0,0,0,0,0,0,0,0,0,0,0,0,0
ASV000808,0,0,0,0,0.012428115,0,0,0,0,0,0,0,0,0,0,0,0,0,0,0,0,0,0,0,0,0,0,0,0,0,0,0
ASV000809,0,0,0,0,0,0,0,0,0,0,0,0,0,0,0,0,0,0,0,0,0,0,0,0,0,0,0,0,0,0,0,0.319860425
ASV000810,0,0,0,0,0,0,0,0,0,0,0,0,0,0,0,0,0,0,0,0,0,0,0,0,0,0,0,0,0,0,0,0
ASV000811,0,0,0,0,0,0,0,0,0,0,0,0,0,0,0,0,0,0,0,0,0,0,0,0,0,0,0,0,0,0,0,0
ASV000812,0,0,0,0,0,0,0,0,0,0,0,0,0,0,0,0,0,0,0,0,0,0,0.001522812,0,0,0,0,0,0,0,0,0.16351185
ASV000813,0,0,0,0,0,0,0,0,0,0,0,0,0,0,0,0,0,0,0,0,0,0,0,0,0,0,0,0,0,0,0,0
ASV000814,0,0,0,0,0,0,0,0,0,0,0,0,0,0,0,0,0,0,0,0,0,0,0,0,0,0,0,0,0,0,0,0
ASV000815,0,0,0,0,0,0,0,0,0,0,0,0,0,0,0,0,0,0,0,0,0,0,0,0,0,0,0,0,0,0,0,0
ASV000816,0,0,0,0,0,0,0,0,0,0,0,0,0,0,0,0,0,0,0,0,0,0,0,0,0,0,0,0,0,0,0,0
ASV000817,0,0,0,0,0,0,0,0,0,0,0,0,0,0,0,0,0,0,0,0,0,0,0,0,0,0,0,0,0,0,0,0
ASV000818,0,0,0,0,0,0,0,0,0,0,0,0,0,0,0,0,0,0,0,0,0,0,0,0,0,0,0,0,0,0,0,0
ASV000819,0.003803776,0,0,0,0,0,0,0,0,0,0,0,0,0,0,0,0,0,0,0,0,0,0,0,0,0,0,0,0,0,0,0
ASV000820,0,0.004728244,0,0,0,0,0,0,0,0,0,0,0,0,0,0,0,0,0,0,0,0,0,0,0,0,0,0,0,0,0,0
ASV000821,0,0,0,0,0,0,0,0,0,0,0,0,0,0,0,0,0,0,0,0,0,0,0,0,0,0.071976967,0,0,0,0,0,0
ASV000822,0,0,0,0,0,0,0,0,0,0,0,0,0,0,0,0,0,0.159263847,0,0,0,0,0,0,0,0,0,0,0,0,0,0
ASV000823,0,0,0,0,0,0,0,0,0,0,0,0.023798191,0,0,0,0,0,0,0,0,0,0,0,0,0,0,0,0,0,0,0,0
ASV000824,0,0,0,0,0,0,0,0,0,0,0,0,0.002849409,0,0,0,0,0,0,0,0,0,0,0,0,0,0,0,0,0,0,0
ASV000825,0,0,0,0,0,0,0,0,0,0,0,0,0,0,0,0,0,0,0,0,0,0,0,0,0,0,0,0,0,0,0,0
ASV000826,0.003381134,0,0,0,0,0,0,0,0,0,0,0,0,0,0,0,0,0,0,0,0,0,0,0,0,0,0,0,0,0,0,0
ASV000827,0,0,0,0,0,0,0,0,0,0,0,0,0,0,0,0,0,0,0,0,0,0,0,0,0,0,0,0,0,0,0,0.232625763
ASV000828,0,0,0,0,0,0,0,0,0,0,0.004499944,0,0,0,0,0,0,0,0,0,0,0,0,0,0,0,0,0,0,0,0,0
ASV000829,0,0,0,0,0,0,0,0,0,0,0,0,0,0,0,0,0,0,0,0,0,0,0,0,0,0,0.061652281,0,0,0,0,0
ASV000830,0,0,0,0,0,0,0,0,0,0,0,0,0,0,0,0,0,0,0,0,0,0,0,0,0,0,0,0,0,0,0,0
ASV000831,0.000443492,0,0,0,0,0,0,0,0,0,0,0,0,0,0,0,0.004138131,0,0,0.005203906,0.0019998,0,0,0,0,0,0,0,0,0,0,0
ASV000832,0,0,0,0,0,0,0,0,0,0,0,0,0,0,0,0,0.014483458,0,0,0,0,0,0,0,0,0,0,0,0,0,0,0
ASV000833,0,0,0,0,0,0,0,0,0,0,0,0,0,0,0,0,0,0,0,0,0,0,0,0,0,0.055982086,0,0,0,0,0,0
ASV000834,0,0,0,0,0,0,0,0,0,0,0,0,0,0,0,0,0,0,0,0,0,0,0,0,0,0,0,0.041781067,0,0,0,0
ASV000835,0,0,0,0,0,0,0,0,0,0,0,0,0,0,0,0,0,0,0,0,0,0,0,0,0,0,0,0,0,0,0,0
ASV000836,0,0,0,0,0,0,0,0,0,0,0,0,0,0,0,0,0,0,0,0,0,0,0,0,0,0,0,0,0,0,0,0
ASV000837,0,0,0,0,0,0,0,0,0,0,0,0,0.001027538,0,0,0,0,0,0,0,0,0,0,0.000920014,0,0,0,0.005968724,0,0.042408821,0,0
ASV000838,0,0,0,0,0,0,0,0,0,0,0,0,0,0,0,0,0,0,0,0,0,0,0,0,0,0,0,0,0,0,0,0
ASV000839,0,0,0,0,0,0,0,0,0,0,0,0,0,0,0,0,0,0,0,0,0,0,0.00913687,0,0,0,0,0,0,0,0,0
ASV000840,0,0,0,0,0,0,0,0,0,0,0,0,0,0,0,0,0.012414392,0,0,0,0,0,0,0,0,0,0,0,0,0,0,0
ASV000841,0,0,0,0,0,0,0,0,0,0.002008395,0.003533694,0,0,0,0,0,0,0,0,0,0,0,0,0,0,0,0,0,0,0,0,0
ASV000842,0,0,0,0,0,0,0,0,0,0,0,0,0,0,0,0,0,0,0,0,0,0,0,0,0,0,0,0,0,0,0,0
ASV000843,0,0,0,0,0,0,0,0,0,0,0,0,0.006165228,0,0,0,0,0,0,0,0,0,0,0,0,0,0,0,0,0,0,0
ASV000844,0,0,0,0,0,0,0,0,0,0,0,0,0,0.003007392,0,0,0,0,0,0,0,0,0,0,0,0,0,0,0,0,0,0
ASV000845,0,0,0,0,0,0,0,0,0,0,0,0,0,0,0,0,0,0,0,0,0,0,0,0,0,0,0,0,0,0,0,0
ASV000846,0,0,0,0,0,0,0,0,0,0,0,0,0,0,0,0,0,0,0,0,0,0,0,0,0,0,0,0,0,0,0,0
ASV000847,0,0,0,0,0,0,0,0,0,0,0,0,0,0,0,0,0,0,0,0,0,0,0,0,0,0,0,0,0,0,0,0
ASV000848,0.002217462,0,0,0,0,0,0,0,0,0,0,0,0,0,0,0,0,0,0,0,0,0,0,0,0,0,0,0,0,0,0,0
ASV000849,0.001900292,0,0,0,0,0,0,0,0,0,0,0,0,0,0,0,0,0,0,0,0,0,0,0,0,0,0,0,0,0,0,0
ASV000850,0.002113209,0,0,0,0,0,0,0,0,0,0,0,0,0,0,0,0,0,0,0,0,0,0,0,0,0,0,0,0,0,0,0
ASV000851,0,0,0,0,0,0,0,0,0,0,0,0,0,0,0,0,0,0,0,0,0,0,0,0,0,0,0,0,0,0,0,0
ASV000852,0,0,0,0,0,0,0,0,0,0,0,0,0,0,0,0,0,0,0,0,0,0,0,0,0,0,0,0,0,0,0,0
ASV000853,0,0,0,0,0,0,0,0,0,0,0,0,0,0,0,0,0,0,0,0,0,0,0,0,0,0,0,0,0,0,0,0
ASV000854,0.001690567,0,0,0,0,0,0,0,0,0,0,0,0,0,0,0,0,0,0,0,0,0,0,0,0,0,0,0,0,0,0,0
ASV000855,0.000845284,0,0,0,0,0,0,0,0,0,0,0,0,0,0,0,0,0,0,0,0,0.001698398,0,0,0,0,0,0,0,0,0,0
ASV000856,0,0,0,0,0,0,0,0,0,0,0,0,0,0,0,0,0,0,0,0,0,0,0,0,0,0,0,0,0,0,0,0
ASV000857,0,0,0,0,0,0,0,0,0,0,0,0,0,0.001804435,0,0,0,0,0,0,0,0,0,0,0,0,0,0,0,0,0,0
ASV000858,0,0,0,0,0,0,0,0,0,0,0,0,0,0.005994485,0,0,0,0,0,0,0,0,0,0,0,0,0,0,0,0,0,0
ASV000859,0,0,0,0,0,0,0,0,0,0,0,0,0,0,0,0,0,0,0,0,0,0,0,0,0,0,0,0,0,0,0,0
ASV000860,0,0,0,0,0,0,0,0,0,0,0,0,0,0,0,0,0,0,0,0,0,0,0,0,0,0,0,0,0,0,0,0.219298246
ASV000861,0,0,0,0,0,0,0,0,0,0,0,0,0,0,0,0,0,0,0,0,0,0,0,0.000920014,0,0,0,0,0,0,0,0
ASV000862,0,0.002364122,0,0,0,0,0,0,0,0,0,0,0,0,0,0,0,0,0,0,0,0,0,0,0,0,0,0,0,0,0,0
ASV000863,0,0.002364122,0,0,0,0,0,0,0,0,0,0,0,0,0,0,0,0,0,0,0,0,0,0,0,0,0,0,0,0,0,0
ASV000864,0,0,0,0,0,0,0,0,0,0.007104291,0,0,0,0,0,0,0,0,0,0,0,0,0,0,0,0,0,0,0,0,0,0
ASV000865,0,0,0,0,0,0,0,0,0,0.001430984,0,0,0,0,0,0,0,0,0,0,0,0,0,0,0,0,0,0,0,0,0,0
ASV000866,0,0,0,0,0,0,0,0,0,0,0.000562493,0,0,0,0,0,0,0,0,0,0,0,0,0,0,0,0,0,0,0,0,0
ASV000867,0,0,0,0,0,0,0,0,0,0,0,0,0,0,0,0,0,0,0,0,0,0,0,0,0,0,0.007706535,0,0,0,0,0
ASV000868,0,0,0,0,0,0,0,0,0,0,0,0,0,0,0,0,0,0,0,0,0,0,0,0,0,0,0.007706535,0,0,0,0,0
ASV000869,0,0,0,0,0,0,0,0,0,0,0,0,0,0,0,0,0,0,0,0,0,0,0,0,0,0,0,0,0,0,0,0
ASV000870,0,0,0,0,0,0,0,0,0,0,0,0,0,0,0,0,0,0,0,0,0,0,0,0,0,0,0,0,0,0,0,0