Group,Average
Otu000001,5.258978444
Otu000002,10.63972202
Otu000003,6.193150917
Otu000004,10.73520013
Otu000005,12.53647278
Otu000006,0
Otu000007,11.46413611
Otu000008,0.642740323
Otu000009,0.003966659
Otu000010,0.007500398
Otu000011,7.827254294
Otu000012,1.476280275
Otu000013,0.098590101
Otu000014,1.339278234
Otu000015,0.000675311
Otu000016,0
Otu000017,0.006707692
Otu000018,2.229931915
Otu000019,1.012595578
Otu000020,0
Otu000021,0.421746706
Otu000022,1.552807308
Otu000023,0.13668542
Otu000024,1.017836
Otu000025,0.119627593
Otu000026,1.531080239
Otu000027,0.000877193
Otu000028,0.297715171
Otu000029,0.405318471
Otu000030,1.874779402
Otu000031,1.136935924
Otu000032,0.007041799
Otu000033,0.02100388
Otu000034,2.052203808
Otu000035,0.560749377
Otu000036,0.697851343
Otu000037,0.379750964
Otu000038,0.001099416
Otu000039,1.368827366
Otu000040,0.065994113
Otu000041,0.38170658
Otu000042,0.184336852
Otu000043,0.021734011
Otu000044,0.118741374
Otu000045,0.000646684
Otu000046,0.036318421
Otu000047,0.795811435
Otu000048,0.008974254
Otu000049,0.290557025
Otu000050,0.044951723
Otu000051,0.2748702
Otu000052,0.103299454
Otu000053,0.001523877
Otu000054,0.017191161
Otu000055,0.29761838
Otu000056,0.000697131
Otu000057,0.572453724
Otu000058,0.294870093
Otu000059,0.083319141
Otu000060,0
Otu000061,0.003921706
Otu000062,0
Otu000063,0
Otu000064,0.003336097
Otu000065,0.215785423
Otu000066,0.001454425
Otu000067,0.02103224
Otu000068,0.25348374
Otu000069,0.156820716
Otu000070,0.000422878
Otu000071,0.009859527
Otu000072,0.159647722
Otu000073,0.419573255
Otu000074,0.035235675
Otu000075,0
Otu000076,0.341565161
Otu000077,0.057300341
Otu000078,0.010583544
Otu000079,0
Otu000080,0.302913269
Otu000081,0
Otu000082,0.030020282
Otu000083,0
Otu000084,0.033255031
Otu000085,0.007553147
Otu000086,0.00316601
Otu000087,0
Otu000088,0.020239107
Otu000089,0.01256693
Otu000090,0.122265133
Otu000091,0
Otu000092,0.180876618
Otu000093,0.015320144
Otu000094,0
Otu000095,0
Otu000096,0.001943944
Otu000097,0.004911792
Otu000098,0.048204597
Otu000099,0
Otu000100,0
Otu000101,0.015353384
Otu000102,0.018608381
Otu000103,0.511560353
Otu000104,0.002419725
Otu000105,0.063251091
Otu000106,0.187327186
Otu000107,0.003149222
Otu000108,0
Otu000109,0.003065938
Otu000110,0.280162994
Otu000111,0.010360558
Otu000112,0
Otu000113,0.062081068
Otu000114,0.001500074
Otu000115,0.008514942
Otu000116,0.062073674
Otu000117,0
Otu000118,0.007379208
Otu000119,0
Otu000120,0.094682871
Otu000121,0.003760613
Otu000122,0.000697131
Otu000123,0.000697131
Otu000124,0.005906692
Otu000125,0.378941116
Otu000126,0.106586369
Otu000127,0
Otu000128,0.008071347
Otu000129,0.330410747
Otu000130,0.000646684
Otu000131,0.303046839
Otu000132,0.000646684
Otu000133,0.008108838
Otu000134,0.033231974
Otu000135,0.003594767
Otu000136,0.010309983
Otu000137,0.114330416
Otu000138,0.057031268
Otu000139,0.012505181
Otu000140,0.094236303
Otu000141,0.160653129
Otu000142,0.010130088
Otu000143,0.001847483
Otu000144,0.003880105
Otu000145,0.092141183
Otu000146,0.332134615
Otu000147,0.000402285
Otu000148,0.000462513
Otu000149,0.032569935
Otu000150,0.095136702
Otu000151,0.010430317
Otu000152,0.175699935
Otu000153,0
Otu000154,0.003987004
Otu000155,0
Otu000156,0
Otu000157,0.00944872
Otu000158,0
Otu000159,0.003655574
Otu000160,0.001779782
Otu000161,0.000474901
Otu000162,0.145994887
Otu000163,0
Otu000164,0
Otu000165,0
Otu000166,0.012332622
Otu000167,0
Otu000168,0.027723212
Otu000169,0
Otu000170,0.050709772
Otu000171,0
Otu000172,0.075983868
Otu000173,0
Otu000174,0.023270183
Otu000175,0
Otu000176,0
Otu000177,0
Otu000178,0
Otu000179,0
Otu000180,0
Otu000181,0.002554323
Otu000182,0.119904942
Otu000183,0
Otu000184,0
Otu000185,0.057984385
Otu000186,0
Otu000187,0.002062692
Otu000188,0.00940653
Otu000189,0
Otu000190,0.011165934
Otu000191,0
Otu000192,0.025389418
Otu000193,0.001774591
Otu000194,0
Otu000195,0.076589463
Otu000196,0.005058219
Otu000197,0.007204753
Otu000198,0.000402285
Otu000199,0
Otu000200,0.003984444
Otu000201,0.001109197
Otu000202,0
Otu000203,0.004608864
Otu000204,0
Otu000205,0.000462513
Otu000206,0
Otu000207,0.003211403
Otu000208,0.004366618
Otu000209,0.000137568
Otu000210,0.002166916
Otu000211,0.000804985
Otu000212,0.057027999
Otu000213,0
Otu000214,0
Otu000215,0.001352088
Otu000216,0
Otu000217,0
Otu000218,0
Otu000219,0
Otu000220,0.004639806
Otu000221,0
Otu000222,0.00943002
Otu000223,0.002320136
Otu000224,0
Otu000225,0.002034224
Otu000226,0
Otu000227,0.002301891
Otu000228,0.03796864
Otu000229,0.051687385
Otu000230,0.011982098
Otu000231,0.006315169
Otu000232,0.120418788
Otu000233,0
Otu000234,0
Otu000235,0.001533594
Otu000236,0
Otu000237,0.008740887
Otu000238,0.009534399
Otu000239,0
Otu000240,0.001254016
Otu000241,0.003043304
Otu000242,0.004821692
Otu000243,0.003333094
Otu000244,0.011566072
Otu000245,0.014888534
Otu000246,0
Otu000247,0.000952994
Otu000248,0.003423571
Otu000249,0
Otu000250,0.000697131
Otu000251,0.000825406
Otu000252,0
Otu000253,0.002340533
Otu000254,0.004711349
Otu000255,0.120129703
Otu000256,0.002050623
Otu000257,0
Otu000258,0
Otu000259,0
Otu000260,0
Otu000261,0.075205558
Otu000262,0.000697131
Otu000263,0.012511101
Otu000264,0.003031201
Otu000265,0.008780369
Otu000266,0
Otu000267,0.001108103
Otu000268,0
Otu000269,0
Otu000270,0
Otu000271,0.009857048
Otu000272,0.00142949
Otu000273,0.002225097
Otu000274,0.020953663
Otu000275,0
Otu000276,0.002738078
Otu000277,0
Otu000278,0.003435373
Otu000279,0
Otu000280,0.005972519
Otu000281,0.042073652
Otu000282,0
Otu000283,0
Otu000284,0
Otu000285,0.002139134
Otu000286,0
Otu000287,0
Otu000288,0.029582938
Otu000289,0
Otu000290,0.003433702
Otu000291,0.039464908
Otu000292,0.097017499
Otu000293,0
Otu000294,0.001427895
Otu000295,0.004837742
Otu000296,0.005576092
Otu000297,0.001120009
Otu000298,0.004222648
Otu000299,0.00748346
Otu000300,0.006102672
Otu000301,0.005155935
Otu000302,0
Otu000303,0.00201009
Otu000304,0
Otu000305,0
Otu000306,0
Otu000307,0.004442619
Otu000308,0
Otu000309,0.000476497
Otu000310,0
Otu000311,0.048598269
Otu000312,0.002127309
Otu000313,0.011686881
Otu000314,0
Otu000315,0.003145736
Otu000316,0.000646684
Otu000317,0.004462441
Otu000318,0.001293368
Otu000319,0.036482768
Otu000320,0.009359958
Otu000321,0.050550721
Otu000322,0
Otu000323,0.002942735
Otu000324,0.006860429
Otu000325,0.002263281
Otu000326,0
Otu000327,0.013217309
Otu000328,0
Otu000329,0.000646684
Otu000330,0.010437272
Otu000331,0.002905257
Otu000332,0
Otu000333,0
Otu000334,0.021925425
Otu000335,0.056310586
Otu000336,0.004392473
Otu000337,0
Otu000338,0.001375871
Otu000339,0
Otu000340,0.007187362
Otu000341,0.018065131
Otu000342,0.000885391
Otu000343,0.022081806
Otu000344,0
Otu000345,0
Otu000346,0.055539226
Otu000347,0.038267797
Otu000348,0
Otu000349,0.004294096
Otu000350,0.008228612
Otu000351,0
Otu000352,0
Otu000353,0
Otu000354,0
Otu000355,0.071055147
Otu000356,0.005475186
Otu000357,0.000637775
Otu000358,0
Otu000359,0.002436509
Otu000360,0
Otu000361,0.001083327
Otu000362,0
Otu000363,0
Otu000364,0.023467552
Otu000365,0.00304925
Otu000366,0
Otu000367,0.002886266
Otu000368,0.000462513
Otu000369,0.004609392
Otu000370,0
Otu000371,0.007471309
Otu000372,0.001979761
Otu000373,0.039358102
Otu000374,0.000791502
Otu000375,0
Otu000376,0.00236293
Otu000377,0.014324491
Otu000378,0.0038233
Otu000379,0
Otu000380,0.001293368
Otu000381,0
Otu000382,0.00138754
Otu000383,0.003083193
Otu000384,0
Otu000385,0
Otu000386,0.00187802
Otu000387,0.000646684
Otu000388,0.003230036
Otu000389,0
Otu000390,0.002083242
Otu000391,0
Otu000392,0.02770653
Otu000393,0.002869926
Otu000394,0
Otu000395,0
Otu000396,0.000646684
Otu000397,0.001109699
Otu000398,0
Otu000399,0
Otu000400,0.00583573
Otu000401,0
Otu000402,0
Otu000403,0.006316799
Otu000404,0.003239312
Otu000405,0
Otu000406,0
Otu000407,0
Otu000408,0
Otu000409,0.000646684
Otu000410,0.00457005
Otu000411,0.001546059
Otu000412,0
Otu000413,0
Otu000414,0
Otu000415,0
Otu000416,0
Otu000417,0.001732108
Otu000418,0.000899374
Otu000419,0
Otu000420,0.003256608
Otu000421,0.031604597
Otu000422,0
Otu000423,0.009501189
Otu000424,0
Otu000425,0.0001583
Otu000426,0
Otu000427,0.000646684
Otu000428,0.002366945
Otu000429,0
Otu000430,0
Otu000431,0.014617068
Otu000432,0
Otu000433,0.000402285
Otu000434,0
Otu000435,0
Otu000436,0.001853539
Otu000437,0
Otu000438,0
Otu000439,0.000422878
Otu000440,0
Otu000441,0.001599678
Otu000442,0
Otu000443,0
Otu000444,0.001173628
Otu000445,0
Otu000446,0.006390976
Otu000447,0.05730339
Otu000448,0.001754386
Otu000449,0.001339706
Otu000450,0.003164056
Otu000451,0
Otu000452,0.000316601
Otu000453,0.001097311
Otu000454,0.0001583
Otu000455,0.003339442
Otu000456,0
Otu000457,0.002803766
Otu000458,0.000791502
Otu000459,0.064657298
Otu000460,0.004539236
Otu000461,0
Otu000462,0
Otu000463,0.000825406
Otu000464,0.004813516
Otu000465,0
Otu000466,0.000646684
Otu000467,0.004149158
Otu000468,0
Otu000469,0.029148535
Otu000470,0.001293368
Otu000471,0
Otu000472,0
Otu000473,0
Otu000474,0
Otu000475,0
Otu000476,0
Otu000477,0.000462513
Otu000478,0.016968563
Otu000479,0.025799773
Otu000480,0.001268633
Otu000481,0.000949803
Otu000482,0.003251319
Otu000483,0
Otu000484,0.045120072
Otu000485,0
Otu000486,0.00080457
Otu000487,0.000422878
Otu000488,0
Otu000489,0.000316601
Otu000490,0.000925027
Otu000491,0
Otu000492,0.00187802
Otu000493,0.000646684
Otu000494,0.001972682
Otu000495,0
Otu000496,0
Otu000497,0.001434926
Otu000498,0.007567831
Otu000499,0.000422878
Otu000500,0.001424704
Otu000501,0
Otu000502,0.000646684
Otu000503,0
Otu000504,0
Otu000505,0.003456166
Otu000506,0
Otu000507,0
Otu000508,0
Otu000509,0.0013397
Otu000510,0.000474901
Otu000511,0.00285579
Otu000512,0
Otu000513,0
Otu000514,0
Otu000515,0
Otu000516,0
Otu000517,0.001852368
Otu000518,0.000316601
Otu000519,0
Otu000520,0
Otu000521,0
Otu000522,0
Otu000523,0.025122304
Otu000524,0.003166702
Otu000525,0
Otu000526,0.006203439
Otu000527,0.037689449
Otu000528,0
Otu000529,0
Otu000530,0
Otu000531,0
Otu000532,0.000877193
Otu000533,0.037348226
Otu000534,0
Otu000535,0
Otu000536,0
Otu000537,0
Otu000538,0.000646684
Otu000539,0.002876373
Otu000540,0.000925027
Otu000541,0
Otu000542,0.000687838
Otu000543,0
Otu000544,0
Otu000545,0
Otu000546,0.002214077
Otu000547,0
Otu000548,0
Otu000549,0
Otu000550,0
Otu000551,0
Otu000552,0.002562284
Otu000553,0
Otu000554,0.003012495
Otu000555,0.028357397
Otu000556,0.0001583
Otu000557,0
Otu000558,0
Otu000559,0.000793098
Otu000560,0
Otu000561,0.002880184
Otu000562,0
Otu000563,0
Otu000564,0.00223724
Otu000565,0.005601953
Otu000566,0.014815875
Otu000567,0
Otu000568,0
Otu000569,0
Otu000570,0.001313032
Otu000571,0.001293368
Otu000572,0.000476497
Otu000573,0
Otu000574,0
Otu000575,0
Otu000576,0
Otu000577,0.000462513
Otu000578,0
Otu000579,0.001293368
Otu000580,0
Otu000581,0
Otu000582,0.000462513
Otu000583,0
Otu000584,0
Otu000585,0
Otu000586,0.002770735
Otu000587,0
Otu000588,0
Otu000589,0
Otu000590,0.000877193
Otu000591,0
Otu000592,0.000646684
Otu000593,0.000539853
Otu000594,0
Otu000595,0.002177665
Otu000596,0
Otu000597,0
Otu000598,0.043365658
Otu000599,0
Otu000600,0
Otu000601,0
Otu000602,0
Otu000603,0
Otu000604,0.000637775
Otu000605,0.001048969
Otu000606,0.001439782
Otu000607,0
Otu000608,0
Otu000609,0
Otu000610,0
Otu000611,0
Otu000612,0.023212151
Otu000613,0.015819627
Otu000614,0
Otu000615,0.000474901
Otu000616,0.000422878
Otu000617,0
Otu000618,0
Otu000619,0
Otu000620,0
Otu000621,0.001266404
Otu000622,0
Otu000623,0.000646684
Otu000624,0
Otu000625,0.000462513
Otu000626,0.004179614
Otu000627,0.002316052
Otu000628,0.013593357
Otu000629,0
Otu000630,0.029942001
Otu000631,0.009462938
Otu000632,0
Otu000633,0
Otu000634,0
Otu000635,0.010670857
Otu000636,0
Otu000637,0.014363613
Otu000638,0.002045518
Otu000639,0
Otu000640,0
Otu000641,0.000675311
Otu000642,0.002342337
Otu000643,0
Otu000644,0
Otu000645,0.003007709
Otu000646,0
Otu000647,0.022091762
Otu000648,0.037153726
Otu000649,0
Otu000650,0.000476497
Otu000651,0
Otu000652,0
Otu000653,0
Otu000654,0.002586737
Otu000655,0
Otu000656,0
Otu000657,0
Otu000658,0.000422878
Otu000659,0.000476497
Otu000660,0
Otu000661,0
Otu000662,0.000646684
Otu000663,0.010803192
Otu000664,0.000697131
Otu000665,0
Otu000666,0.019533948
Otu000667,0
Otu000668,0
Otu000669,0.00142949
Otu000670,0.003972781
Otu000671,0
Otu000672,0.002423802
Otu000673,0
Otu000674,0.001606746
Otu000675,0
Otu000676,0
Otu000677,0
Otu000678,0
Otu000679,0
Otu000680,0
Otu000681,0.003889885
Otu000682,0.002203819
Otu000683,0.000646684
Otu000684,0
Otu000685,0
Otu000686,0.004364893
Otu000687,0.002734997
Otu000688,0.000275135
Otu000689,0.000476497
Otu000690,0
Otu000691,0.000633202
Otu000692,0.000502993
Otu000693,0.001920123
Otu000694,0.001755882
Otu000695,0
Otu000696,0.000316601
Otu000697,0
Otu000698,0
Otu000699,0.024107527
Otu000700,0.00518946
Otu000701,0
Otu000702,0
Otu000703,0.000949803
Otu000704,0
Otu000705,0.002800708
Otu000706,0.000502993
Otu000707,0.000739479
Otu000708,0
Otu000709,0
Otu000710,0.001151807
Otu000711,0
Otu000712,0
Otu000713,0.003594351
Otu000714,0.000646684
Otu000715,0
Otu000716,0
Otu000717,0
Otu000718,0
Otu000719,0
Otu000720,0.000952994
Otu000721,0.000476497
Otu000722,0.000476497
Otu000723,0
Otu000724,0
Otu000725,0
Otu000726,0.000137568
Otu000727,0
Otu000728,0.000845755
Otu000729,0.000845755
Otu000730,0
Otu000731,0
Otu000732,0
Otu000733,0
Otu000734,0
Otu000735,0.006993158
Otu000736,0
Otu000737,0.015504266
Otu000738,0.001988342
Otu000739,0
Otu000740,0.004344036
Otu000741,0.000474901
Otu000742,0.000476497
Otu000743,0.000633202
Otu000744,0
Otu000745,0.000402285
Otu000746,0
Otu000747,0
Otu000748,0
Otu000749,0
Otu000750,0
Otu000751,0.007864243
Otu000752,0.006627372
Otu000753,0
Otu000754,0
Otu000755,0
Otu000756,0
Otu000757,0.001437638
Otu000758,0.01766096
Otu000759,0
Otu000760,0
Otu000761,0
Otu000762,0.005532977
Otu000763,0
Otu000764,0
Otu000765,0
Otu000766,0
Otu000767,0
Otu000768,0
Otu000769,0
Otu000770,0.024776753
Otu000771,0.01450062
Otu000772,0
Otu000773,0
Otu000774,0.000474901
Otu000775,0.000474901
Otu000776,0
Otu000777,0.000675311
Otu000778,0
Otu000779,0
Otu000780,0
Otu000781,0
Otu000782,0.001857804
Otu000783,0
Otu000784,0
Otu000785,0.000646684
Otu000786,0
Otu000787,0
Otu000788,0
Otu000789,0
Otu000790,0
Otu000791,0.000646684
Otu000792,0
Otu000793,0
Otu000794,0
Otu000795,0
Otu000796,0
Otu000797,0.000422878
Otu000798,0
Otu000799,0
Otu000800,0
Otu000801,0
Otu000802,0
Otu000803,0
Otu000804,0
Otu000805,0
Otu000806,0.000951398
Otu000807,0
Otu000808,0
Otu000809,0.020225479
Otu000810,0
Otu000811,0
Otu000812,0
Otu000813,0
Otu000814,0.000476497
Otu000815,0
Otu000816,0.004404133
Otu000817,0.00128446
Otu000818,0
Otu000819,0
Otu000820,0
Otu000821,0
Otu000822,0.000422878
Otu000823,0.001741305
Otu000824,0
Otu000825,0
Otu000826,0.000646684
Otu000827,0
Otu000828,0
Otu000829,0
Otu000830,0.00142949
Otu000831,0
Otu000832,0.001596487
Otu000833,0
Otu000834,0
Otu000835,0.001200124
Otu000836,0
Otu000837,0
Otu000838,0
Otu000839,0
Otu000840,0.01608354
Otu000841,0
Otu000842,0
Otu000843,0.00142949
Otu000844,0.001754386
Otu000845,0
Otu000846,0.000791502
Otu000847,0
Otu000848,0
Otu000849,0
Otu000850,0
Otu000851,0
Otu000852,0
Otu000853,0.013877028
Otu000854,0
Otu000855,0.001850053
Otu000856,0.0001583
Otu000857,0
Otu000858,0
Otu000859,0
Otu000860,0
Otu000861,0
Otu000862,0.004274113
Otu000863,0
Otu000864,0
Otu000865,0.000402285
Otu000866,0
Otu000867,0.005086968
Otu000868,0.000646684
Otu000869,0
Otu000870,0.002314396
Otu000871,0
Otu000872,0.007967146
Otu000873,0.001850053
Otu000874,0
Otu000875,0.000878782
Otu000876,0
Otu000877,0.000476497
Otu000878,0
Otu000879,0
Otu000880,0.000845755
Otu000881,0
Otu000882,0
Otu000883,0
Otu000884,0
Otu000885,0
Otu000886,0.006025964
Otu000887,0
Otu000888,0
Otu000889,0
Otu000890,0.001399928
Otu000891,0
Otu000892,0
Otu000893,0.000275135
Otu000894,0
Otu000895,0
Otu000896,0
Otu000897,0.000949803
Otu000898,0.003266196
Otu000899,0
Otu000900,0.000316601
Otu000901,0
Otu000902,0.001583005
Otu000903,0
Otu000904,0
Otu000905,0
Otu000906,0
Otu000907,0
Otu000908,0
Otu000909,0.000835581
Otu000910,0
Otu000911,0
Otu000912,0
Otu000913,0.02262876
Otu000914,0.020139283
Otu000915,0
Otu000916,0
Otu000917,0.002955685
Otu000918,0
Otu000919,0
Otu000920,0.000412703
Otu000921,0.000316601
Otu000922,0
Otu000923,0
Otu000924,0
Otu000925,0.000402285
Otu000926,0
Otu000927,0.002198833
Otu000928,0
Otu000929,0.002946452
Otu000930,0
Otu000931,0.001140768
Otu000932,0
Otu000933,0
Otu000934,0
Otu000935,0
Otu000936,0.0001583
Otu000937,0
Otu000938,0
Otu000939,0
Otu000940,0
Otu000941,0
Otu000942,0
Otu000943,0.005862797
Otu000944,0
Otu000945,0
Otu000946,0.00277508
Otu000947,0.000462513
Otu000948,0.000897779
Otu000949,0
Otu000950,0
Otu000951,0
Otu000952,0
Otu000953,0
Otu000954,0
Otu000955,0
Otu000956,0
Otu000957,0.005213123
Otu000958,0.002443045
Otu000959,0
Otu000960,0
Otu000961,0.001036942
Otu000962,0
Otu000963,0
Otu000964,0
Otu000965,0
Otu000966,0
Otu000967,0.002693337
Otu000968,0
Otu000969,0
Otu000970,0
Otu000971,0
Otu000972,0
Otu000973,0
Otu000974,0
Otu000975,0
Otu000976,0
Otu000977,0
Otu000978,0.001109197
Otu000979,0
Otu000980,0.001327312
Otu000981,0
Otu000982,0
Otu000983,0
Otu000984,0.000925027
Otu000985,0
Otu000986,0.001925947
Otu000987,0.001293368
Otu000988,0
Otu000989,0
Otu000990,0
Otu000991,0
Otu000992,0
Otu000993,0
Otu000994,0
Otu000995,0
Otu000996,0
Otu000997,0.000462513
Otu000998,0.000474901
Otu000999,0
Otu001000,0
Otu001001,0
Otu001002,0.001583005
Otu001003,0.0015846
Otu001004,0
Otu001005,0
Otu001006,0
Otu001007,0
Otu001008,0
Otu001009,0
Otu001010,0
Otu001011,0
Otu001012,0.000646684
Otu001013,0
Otu001014,0
Otu001015,0
Otu001016,0
Otu001017,0
Otu001018,0
Otu001019,0
Otu001020,0
Otu001021,0
Otu001022,0
Otu001023,0.000462513
Otu001024,0.000402285
Otu001025,0.001293368
Otu001026,0
Otu001027,0
Otu001028,0
Otu001029,0
Otu001030,0.003058
Otu001031,0.000474901
Otu001032,0
Otu001033,0
Otu001034,0.00142949
Otu001035,0
Otu001036,0
Otu001037,0
Otu001038,0
Otu001039,0.002063515
Otu001040,0
Otu001041,0
Otu001042,0
Otu001043,0
Otu001044,0
Otu001045,0
Otu001046,0.001394263
Otu001047,0
Otu001048,0.000402285
Otu001049,0
Otu001050,0
Otu001051,0
Otu001052,0
Otu001053,0.000502993
Otu001054,0
Otu001055,0.000137568
Otu001056,0
Otu001057,0
Otu001058,0
Otu001059,0
Otu001060,0.004765272
Otu001061,0
Otu001062,0
Otu001063,0
Otu001064,0
Otu001065,0
Otu001066,0.000462513
Otu001067,0.001583005
Otu001068,0
Otu001069,0.004421857
Otu001070,0
Otu001071,0.011717647
Otu001072,0
Otu001073,0.025770554
Otu001074,0
Otu001075,0.006355228
Otu001076,0.000550271
Otu001077,0
Otu001078,0
Otu001079,0
Otu001080,0.000462513
Otu001081,0
Otu001082,0
Otu001083,0
Otu001084,0
Otu001085,0
Otu001086,0
Otu001087,0
Otu001088,0.000960061
Otu001089,0
Otu001090,0.01283779
Otu001091,0.000697131
Otu001092,0
Otu001093,0
Otu001094,0
Otu001095,0
Otu001096,0
Otu001097,0
Otu001098,0.001293368
Otu001099,0.001597837
Otu001100,0
Otu001101,0
Otu001102,0
Otu001103,0
Otu001104,0.001100289
Otu001105,0
Otu001106,0
Otu001107,0
Otu001108,0
Otu001109,0.000952994
Otu001110,0.000646684
Otu001111,0
Otu001112,0.001347904
Otu001113,0.00138754
Otu001114,0
Otu001115,0
Otu001116,0
Otu001117,0.000646684
Otu001118,0.000476497
Otu001119,0.001347904
Otu001120,0
Otu001121,0.001609969
Otu001122,0
Otu001123,0
Otu001124,0
Otu001125,0
Otu001126,0
Otu001127,0
Otu001128,0
Otu001129,0
Otu001130,0
Otu001131,0
Otu001132,0
Otu001133,0
Otu001134,0
Otu001135,0
Otu001136,0
Otu001137,0
Otu001138,0
Otu001139,0.000316601
Otu001140,0
Otu001141,0
Otu001142,0.000675311
Otu001143,0.000646684
Otu001144,0
Otu001145,0
Otu001146,0
Otu001147,0
Otu001148,0
Otu001149,0.002649306
Otu001150,0
Otu001151,0
Otu001152,0.016979163
Otu001153,0.017453528
Otu001154,0.000925027
Otu001155,0.002950556
Otu001156,0
Otu001157,0
Otu001158,0
Otu001159,0.001266404
Otu001160,0
Otu001161,0
Otu001162,0
Otu001163,0
Otu001164,0
Otu001165,0
Otu001166,0
Otu001167,0
Otu001168,0
Otu001169,0
Otu001170,0.013914967
Otu001171,0
Otu001172,0
Otu001173,0
Otu001174,0.000646684
Otu001175,0
Otu001176,0.000137568
Otu001177,0
Otu001178,0
Otu001179,0.001422575
Otu001180,0.000476497
Otu001181,0.000697131
Otu001182,0.002246362
Otu001183,0
Otu001184,0
Otu001185,0
Otu001186,0
Otu001187,0
Otu001188,0
Otu001189,0
Otu001190,0.000275135
Otu001191,0
Otu001192,0.00223288
Otu001193,0
Otu001194,0
Otu001195,0
Otu001196,0.002351256
Otu001197,0.00092587
Otu001198,0.005519702
Otu001199,0
Otu001200,0.004155735
Otu001201,0
Otu001202,0
Otu001203,0
Otu001204,0
Otu001205,0
Otu001206,0
Otu001207,0
Otu001208,0
Otu001209,0
Otu001210,0
Otu001211,0.00262396
Otu001212,0
Otu001213,0
Otu001214,0
Otu001215,0
Otu001216,0
Otu001217,0
Otu001218,0
Otu001219,0
Otu001220,0
Otu001221,0.000675311
Otu001222,0
Otu001223,0
Otu001224,0.000646684
Otu001225,0
Otu001226,0.012259352
Otu001227,0
Otu001228,0.006889988
Otu001229,0
Otu001230,0
Otu001231,0
Otu001232,0
Otu001233,0
Otu001234,0
Otu001235,0.001069562
Otu001236,0
Otu001237,0.000633202
Otu001238,0
Otu001239,0
Otu001240,0
Otu001241,0
Otu001242,0
Otu001243,0
Otu001244,0.000646684
Otu001245,0
Otu001246,0
Otu001247,0.000560585
Otu001248,0.003710834
Otu001249,0
Otu001250,0
Otu001251,0
Otu001252,0.000476497
Otu001253,0.003158322
Otu001254,0
Otu001255,0
Otu001256,0.000925027
Otu001257,0
Otu001258,0
Otu001259,0
Otu001260,0.000791502
Otu001261,0.000476497
Otu001262,0
Otu001263,0.000476497
Otu001264,0
Otu001265,0
Otu001266,0
Otu001267,0.004129938
Otu001268,0
Otu001269,0.002083581
Otu001270,0.010090876
Otu001271,0
Otu001272,0
Otu001273,0.001350621
Otu001274,0
Otu001275,0
Otu001276,0
Otu001277,0
Otu001278,0
Otu001279,0.012183822
Otu001280,0
Otu001281,0
Otu001282,0.000825406
Otu001283,0
Otu001284,0
Otu001285,0.004449537
Otu001286,0
Otu001287,0
Otu001288,0
Otu001289,0
Otu001290,0
Otu001291,0
Otu001292,0
Otu001293,0
Otu001294,0
Otu001295,0
Otu001296,0
Otu001297,0
Otu001298,0.001159645
Otu001299,0.007365682
Otu001300,0.007578684
Otu001301,0.0001583
Otu001302,0.001797673
Otu001303,0.014380213
Otu001304,0
Otu001305,0
Otu001306,0
Otu001307,0
Otu001308,0
Otu001309,0.000925027
Otu001310,0.000422878
Otu001311,0
Otu001312,0
Otu001313,0.001513244
Otu001314,0
Otu001315,0
Otu001316,0
Otu001317,0
Otu001318,0
Otu001319,0.001387244
Otu001320,0.00142949
Otu001321,0
Otu001322,0
Otu001323,0
Otu001324,0
Otu001325,0.000476497
Otu001326,0
Otu001327,0
Otu001328,0
Otu001329,0
Otu001330,0
Otu001331,0
Otu001332,0
Otu001333,0.000925027
Otu001334,0
Otu001335,0
Otu001336,0
Otu001337,0
Otu001338,0
Otu001339,0
Otu001340,0
Otu001341,0
Otu001342,0.000675311
Otu001343,0
Otu001344,0
Otu001345,0
Otu001346,0
Otu001347,0
Otu001348,0
Otu001349,0
Otu001350,0.004859778
Otu001351,0.000675311
Otu001352,0
Otu001353,0.000758381
Otu001354,0.000402285
Otu001355,0.000422878
Otu001356,0.002402566
Otu001357,0
Otu001358,0
Otu001359,0
Otu001360,0
Otu001361,0
Otu001362,0
Otu001363,0
Otu001364,0
Otu001365,0
Otu001366,0.000137568
Otu001367,0
Otu001368,0
Otu001369,0
Otu001370,0
Otu001371,0
Otu001372,0
Otu001373,0
Otu001374,0
Otu001375,0
Otu001376,0
Otu001377,0
Otu001378,0
Otu001379,0
Otu001380,0
Otu001381,0
Otu001382,0
Otu001383,0
Otu001384,0
Otu001385,0
Otu001386,0.001920123
Otu001387,0
Otu001388,0
Otu001389,0.010922483
Otu001390,0.00999459
Otu001391,0
Otu001392,0
Otu001393,0
Otu001394,0
Otu001395,0
Otu001396,0
Otu001397,0
Otu001398,0
Otu001399,0.000646684
Otu001400,0
Otu001401,0.001905987
Otu001402,0
Otu001403,0
Otu001404,0.002382484
Otu001405,0
Otu001406,0
Otu001407,0
Otu001408,0
Otu001409,0.000877193
Otu001410,0
Otu001411,0
Otu001412,0
Otu001413,0
Otu001414,0
Otu001415,0
Otu001416,0
Otu001417,0
Otu001418,0
Otu001419,0
Otu001420,0
Otu001421,0
Otu001422,0.000633202
Otu001423,0
Otu001424,0
Otu001425,0.000637775
Otu001426,0
Otu001427,0
Otu001428,0
Otu001429,0.000476497
Otu001430,0
Otu001431,0
Otu001432,0.000825406
Otu001433,0
Otu001434,0.001109197
Otu001435,0
Otu001436,0
Otu001437,0
Otu001438,0.000791502
Otu001439,0
Otu001440,0
Otu001441,0
Otu001442,0
Otu001443,0
Otu001444,0
Otu001445,0
Otu001446,0
Otu001447,0
Otu001448,0
Otu001449,0
Otu001450,0
Otu001451,0.006226318
Otu001452,0.001109197
Otu001453,0
Otu001454,0
Otu001455,0.004749015
Otu001456,0
Otu001457,0
Otu001458,0
Otu001459,0.00138754
Otu001460,0
Otu001461,0
Otu001462,0
Otu001463,0.000612469
Otu001464,0
Otu001465,0
Otu001466,0
Otu001467,0.002105292
Otu001468,0
Otu001469,0
Otu001470,0
Otu001471,0
Otu001472,0
Otu001473,0
Otu001474,0
Otu001475,0
Otu001476,0
Otu001477,0
Otu001478,0
Otu001479,0
Otu001480,0.002184232
Otu001481,0
Otu001482,0
Otu001483,0.000697131
Otu001484,0.001350621
Otu001485,0
Otu001486,0.003957512
Otu001487,0
Otu001488,0
Otu001489,0
Otu001490,0
Otu001491,0
Otu001492,0
Otu001493,0
Otu001494,0
Otu001495,0.000422878
Otu001496,0
Otu001497,0
Otu001498,0
Otu001499,0.000422878
Otu001500,0
Otu001501,0
Otu001502,0
Otu001503,0
Otu001504,0.001266404
Otu001505,0
Otu001506,0
Otu001507,0
Otu001508,0
Otu001509,0
Otu001510,0
Otu001511,0
Otu001512,0
Otu001513,0
Otu001514,0
Otu001515,0
Otu001516,0.001574324
Otu001517,0.000646684
Otu001518,0.001394263
Otu001519,0
Otu001520,0
Otu001521,0
Otu001522,0.000675311
Otu001523,0
Otu001524,0
Otu001525,0
Otu001526,0
Otu001527,0
Otu001528,0.000422878
Otu001529,0.001583005
Otu001530,0
Otu001531,0
Otu001532,0.001754386
Otu001533,0
Otu001534,0
Otu001535,0
Otu001536,0
Otu001537,0
Otu001538,0
Otu001539,0
Otu001540,0
Otu001541,0
Otu001542,0
Otu001543,0
Otu001544,0.000633202
Otu001545,0
Otu001546,0
Otu001547,0
Otu001548,0
Otu001549,0.00138754
Otu001550,0
Otu001551,0.000476497
Otu001552,0
Otu001553,0.005526603
Otu001554,0
Otu001555,0.000422878
Otu001556,0
Otu001557,0
Otu001558,0
Otu001559,0
Otu001560,0
Otu001561,0
Otu001562,0.009001408
Otu001563,0
Otu001564,0
Otu001565,0
Otu001566,0
Otu001567,0.003116982
Otu001568,0.000502993
Otu001569,0
Otu001570,0
Otu001571,0
Otu001572,0
Otu001573,0
Otu001574,0
Otu001575,0
Otu001576,0.000476497
Otu001577,0
Otu001578,0
Otu001579,0
Otu001580,0
Otu001581,0.000793098
Otu001582,0
Otu001583,0
Otu001584,0
Otu001585,0
Otu001586,0
Otu001587,0
Otu001588,0
Otu001589,0
Otu001590,0
Otu001591,0
Otu001592,0
Otu001593,0
Otu001594,0.000462513
Otu001595,0
Otu001596,0
Otu001597,0
Otu001598,0
Otu001599,0
Otu001600,0
Otu001601,0
Otu001602,0
Otu001603,0
Otu001604,0
Otu001605,0
Otu001606,0.000462513
Otu001607,0.007684224
Otu001608,0.000137568
Otu001609,0.007425521
Otu001610,0
Otu001611,0
Otu001612,0
Otu001613,0
Otu001614,0.000462513
Otu001615,0
Otu001616,0
Otu001617,0
Otu001618,0
Otu001619,0
Otu001620,0
Otu001621,0.000877193
Otu001622,0
Otu001623,0
Otu001624,0
Otu001625,0
Otu001626,0
Otu001627,0
Otu001628,0
Otu001629,0
Otu001630,0
Otu001631,0
Otu001632,0
Otu001633,0
Otu001634,0
Otu001635,0
Otu001636,0
Otu001637,0
Otu001638,0
Otu001639,0
Otu001640,0
Otu001641,0
Otu001642,0.006369365
Otu001643,0
Otu001644,0.008385554
Otu001645,0
Otu001646,0
Otu001647,0
Otu001648,0.000462513
Otu001649,0.001313086
Otu001650,0.004068448
Otu001651,0
Otu001652,0.016381221
Otu001653,0.000697131
Otu001654,0
Otu001655,0
Otu001656,0
Otu001657,0.004741732
Otu001658,0
Otu001659,0
Otu001660,0
Otu001661,0
Otu001662,0
Otu001663,0
Otu001664,0
Otu001665,0
Otu001666,0
Otu001667,0
Otu001668,0
Otu001669,0
Otu001670,0
Otu001671,0
Otu001672,0
Otu001673,0.001424704
Otu001674,0
Otu001675,0
Otu001676,0
Otu001677,0
Otu001678,0
Otu001679,0
Otu001680,0
Otu001681,0.000137568
Otu001682,0.0001583
Otu001683,0
Otu001684,0
Otu001685,0.000476497
Otu001686,0
Otu001687,0
Otu001688,0
Otu001689,0.001099416
Otu001690,0
Otu001691,0
Otu001692,0
Otu001693,0.000864798
Otu001694,0
Otu001695,0
Otu001696,0.003233421
Otu001697,0
Otu001698,0.000646684
Otu001699,0
Otu001700,0.009889335
Otu001701,0.006664075
Otu001702,0
Otu001703,0
Otu001704,0
Otu001705,0.002332503
Otu001706,0.002177012
Otu001707,0
Otu001708,0
Otu001709,0
Otu001710,0
Otu001711,0
Otu001712,0
Otu001713,0
Otu001714,0
Otu001715,0
Otu001716,0
Otu001717,0.000412703
Otu001718,0
Otu001719,0
Otu001720,0
Otu001721,0
Otu001722,0
Otu001723,0
Otu001724,0.001268633
Otu001725,0.000462513
Otu001726,0.00142949
Otu001727,0
Otu001728,0
Otu001729,0
Otu001730,0
Otu001731,0
Otu001732,0
Otu001733,0
Otu001734,0
Otu001735,0
Otu001736,0
Otu001737,0
Otu001738,0.000646684
Otu001739,0.002588637
Otu001740,0.0001583
Otu001741,0
Otu001742,0
Otu001743,0
Otu001744,0
Otu001745,0.0001583
Otu001746,0
Otu001747,0
Otu001748,0.001806329
Otu001749,0
Otu001750,0
Otu001751,0
Otu001752,0
Otu001753,0
Otu001754,0.000462513
Otu001755,0
Otu001756,0
Otu001757,0
Otu001758,0
Otu001759,0.015601373
Otu001760,0.003082328
Otu001761,0
Otu001762,0
Otu001763,0
Otu001764,0
Otu001765,0
Otu001766,0
Otu001767,0
Otu001768,0
Otu001769,0
Otu001770,0
Otu001771,0
Otu001772,0
Otu001773,0
Otu001774,0
Otu001775,0
Otu001776,0
Otu001777,0
Otu001778,0
Otu001779,0
Otu001780,0
Otu001781,0
Otu001782,0
Otu001783,0
Otu001784,0.000633202
Otu001785,0.000952994
Otu001786,0.000952994
Otu001787,0
Otu001788,0
Otu001789,0
Otu001790,0.000462513
Otu001791,0
Otu001792,0
Otu001793,0
Otu001794,0
Otu001795,0
Otu001796,0
Otu001797,0
Otu001798,0
Otu001799,0.000422878
Otu001800,0
Otu001801,0
Otu001802,0
Otu001803,0
Otu001804,0
Otu001805,0
Otu001806,0
Otu001807,0
Otu001808,0
Otu001809,0
Otu001810,0
Otu001811,0
Otu001812,0.001005986
Otu001813,0.000502993
Otu001814,0.005671581
Otu001815,0
Otu001816,0.002764361
Otu001817,0.002416319
Otu001818,0.000697131
Otu001819,0.000637775
Otu001820,0
Otu001821,0
Otu001822,0.000960061
Otu001823,0
Otu001824,0
Otu001825,0
Otu001826,0.000960061
Otu001827,0
Otu001828,0
Otu001829,0
Otu001830,0
Otu001831,0
Otu001832,0
Otu001833,0.001100541
Otu001834,0
Otu001835,0
Otu001836,0
Otu001837,0
Otu001838,0
Otu001839,0
Otu001840,0
Otu001841,0
Otu001842,0.001741305
Otu001843,0
Otu001844,0
Otu001845,0.001196955
Otu001846,0
Otu001847,0
Otu001848,0.000550271
Otu001849,0
Otu001850,0
Otu001851,0.000646684
Otu001852,0
Otu001853,0
Otu001854,0
Otu001855,0
Otu001856,0
Otu001857,0
Otu001858,0
Otu001859,0
Otu001860,0
Otu001861,0.00138754
Otu001862,0.000476497
Otu001863,0
Otu001864,0
Otu001865,0
Otu001866,0
Otu001867,0
Otu001868,0
Otu001869,0
Otu001870,0
Otu001871,0
Otu001872,0
Otu001873,0
Otu001874,0
Otu001875,0
Otu001876,0
Otu001877,0.001911423
Otu001878,0.001099416
Otu001879,0.000402285
Otu001880,0.001778544
Otu001881,0
Otu001882,0.000864798
Otu001883,0.001275551
Otu001884,0
Otu001885,0
Otu001886,0
Otu001887,0
Otu001888,0.000502993
Otu001889,0.013795842
Otu001890,0
Otu001891,0.00374859
Otu001892,0
Otu001893,0
Otu001894,0.008681641
Otu001895,0
Otu001896,0
Otu001897,0.000550271
Otu001898,0
Otu001899,0
Otu001900,0
Otu001901,0
Otu001902,0.000462513
Otu001903,0.000646684
Otu001904,0.017758397
Otu001905,0
Otu001906,0
Otu001907,0
Otu001908,0
Otu001909,0
Otu001910,0
Otu001911,0
Otu001912,0.0015846
Otu001913,0
Otu001914,0.000476497
Otu001915,0
Otu001916,0
Otu001917,0
Otu001918,0
Otu001919,0
Otu001920,0
Otu001921,0
Otu001922,0
Otu001923,0
Otu001924,0
Otu001925,0
Otu001926,0
Otu001927,0
Otu001928,0.000422878
Otu001929,0
Otu001930,0
Otu001931,0
Otu001932,0
Otu001933,0
Otu001934,0.000476497
Otu001935,0.000952994
Otu001936,0.00138754
Otu001937,0
Otu001938,0
Otu001939,0
Otu001940,0
Otu001941,0
Otu001942,0
Otu001943,0.001514968
Otu001944,0
Otu001945,0
Otu001946,0
Otu001947,0
Otu001948,0
Otu001949,0
Otu001950,0.003554448
Otu001951,0
Otu001952,0.006971313
Otu001953,0
Otu001954,0
Otu001955,0
Otu001956,0.00497521
Otu001957,0
Otu001958,0
Otu001959,0.007287771
Otu001960,0
Otu001961,0
Otu001962,0
Otu001963,0
Otu001964,0
Otu001965,0
Otu001966,0
Otu001967,0
Otu001968,0
Otu001969,0
Otu001970,0
Otu001971,0
Otu001972,0
Otu001973,0
Otu001974,0
Otu001975,0
Otu001976,0
Otu001977,0
Otu001978,0
Otu001979,0
Otu001980,0
Otu001981,0
Otu001982,0
Otu001983,0
Otu001984,0
Otu001985,0
Otu001986,0.000476497
Otu001987,0.000634797
Otu001988,0
Otu001989,0
Otu001990,0
Otu001991,0
Otu001992,0
Otu001993,0
Otu001994,0
Otu001995,0
Otu001996,0
Otu001997,0
Otu001998,0
Otu001999,0
Otu002000,0
Otu002001,0
Otu002002,0
Otu002003,0
Otu002004,0.002810959
Otu002005,0.001796548
Otu002006,0
Otu002007,0
Otu002008,0
Otu002009,0
Otu002010,0.002040947
Otu002011,0
Otu002012,0
Otu002013,0.001920123
Otu002014,0
Otu002015,0
Otu002016,0.01484179
Otu002017,0
Otu002018,0
Otu002019,0
Otu002020,0
Otu002021,0
Otu002022,0.007425041
Otu002023,0
Otu002024,0
Otu002025,0
Otu002026,0
Otu002027,0
Otu002028,0
Otu002029,0
Otu002030,0
Otu002031,0
Otu002032,0
Otu002033,0
Otu002034,0
Otu002035,0
Otu002036,0
Otu002037,0
Otu002038,0.000845755
Otu002039,0
Otu002040,0
Otu002041,0
Otu002042,0
Otu002043,0.000675311
Otu002044,0.000422878
Otu002045,0
Otu002046,0
Otu002047,0.000462513
Otu002048,0
Otu002049,0
Otu002050,0
Otu002051,0.000952994
Otu002052,0
Otu002053,0
Otu002054,0
Otu002055,0
Otu002056,0
Otu002057,0
Otu002058,0
Otu002059,0
Otu002060,0
Otu002061,0
Otu002062,0
Otu002063,0
Otu002064,0
Otu002065,0.002166916
Otu002066,0
Otu002067,0
Otu002068,0.000462513
Otu002069,0
Otu002070,0
Otu002071,0
Otu002072,0
Otu002073,0.004029497
Otu002074,0
Otu002075,0.000910747
Otu002076,0
Otu002077,0
Otu002078,0
Otu002079,0
Otu002080,0
Otu002081,0
Otu002082,0
Otu002083,0.002769018
Otu002084,0.000476497
Otu002085,0
Otu002086,0
Otu002087,0.006857101
Otu002088,0.002312566
Otu002089,0
Otu002090,0
Otu002091,0
Otu002092,0
Otu002093,0.000960061
Otu002094,0
Otu002095,0
Otu002096,0
Otu002097,0
Otu002098,0
Otu002099,0
Otu002100,0
Otu002101,0
Otu002102,0
Otu002103,0
Otu002104,0
Otu002105,0
Otu002106,0
Otu002107,0
Otu002108,0
Otu002109,0
Otu002110,0
Otu002111,0.000476497
Otu002112,0
Otu002113,0.000952994
Otu002114,0
Otu002115,0.002216207
Otu002116,0
Otu002117,0
Otu002118,0
Otu002119,0
Otu002120,0
Otu002121,0
Otu002122,0
Otu002123,0
Otu002124,0
Otu002125,0
Otu002126,0
Otu002127,0.000675311
Otu002128,0
Otu002129,0.000422878
Otu002130,0
Otu002131,0
Otu002132,0.003840246
Otu002133,0.000791502
Otu002134,0.001920123
Otu002135,0
Otu002136,0
Otu002137,0
Otu002138,0
Otu002139,0
Otu002140,0
Otu002141,0
Otu002142,0
Otu002143,0
Otu002144,0
Otu002145,0
Otu002146,0
Otu002147,0
Otu002148,0
Otu002149,0
Otu002150,0.000402285
Otu002151,0
Otu002152,0
Otu002153,0.001543053
Otu002154,0
Otu002155,0.006099554
Otu002156,0
Otu002157,0.001757564
Otu002158,0
Otu002159,0
Otu002160,0.000402285
Otu002161,0
Otu002162,0
Otu002163,0
Otu002164,0.010387387
Otu002165,0.000646684
Otu002166,0
Otu002167,0.005905728
Otu002168,0
Otu002169,0
Otu002170,0.009759838
Otu002171,0
Otu002172,0.004335765
Otu002173,0.0022121
Otu002174,0
Otu002175,0
Otu002176,0
Otu002177,0
Otu002178,0
Otu002179,0
Otu002180,0.015073617
Otu002181,0.01356409
Otu002182,0
Otu002183,0
Otu002184,0
Otu002185,0
Otu002186,0.000476497
Otu002187,0
Otu002188,0
Otu002189,0
Otu002190,0
Otu002191,0
Otu002192,0
Otu002193,0
Otu002194,0.000502993
Otu002195,0
Otu002196,0
Otu002197,0
Otu002198,0.001899606
Otu002199,0
Otu002200,0
Otu002201,0
Otu002202,0
Otu002203,0
Otu002204,0
Otu002205,0.000952994
Otu002206,0
Otu002207,0
Otu002208,0.000633202
Otu002209,0
Otu002210,0
Otu002211,0
Otu002212,0
Otu002213,0
Otu002214,0
Otu002215,0
Otu002216,0
Otu002217,0
Otu002218,0
Otu002219,0
Otu002220,0
Otu002221,0.001267999
Otu002222,0
Otu002223,0
Otu002224,0.000925027
Otu002225,0
Otu002226,0
Otu002227,0.000877193
Otu002228,0
Otu002229,0
Otu002230,0
Otu002231,0
Otu002232,0
Otu002233,0.001508978
Otu002234,0.004353598
Otu002235,0
Otu002236,0
Otu002237,0
Otu002238,0.000402285
Otu002239,0.00378121
Otu002240,0
Otu002241,0
Otu002242,0
Otu002243,0
Otu002244,0.003731356
Otu002245,0.001005986
Otu002246,0
Otu002247,0.001060653
Otu002248,0
Otu002249,0
Otu002250,0
Otu002251,0
Otu002252,0.000137568
Otu002253,0
Otu002254,0
Otu002255,0.000502993
Otu002256,0.00352764
Otu002257,0
Otu002258,0
Otu002259,0
Otu002260,0
Otu002261,0
Otu002262,0
Otu002263,0
Otu002264,0
Otu002265,0
Otu002266,0
Otu002267,0
Otu002268,0
Otu002269,0
Otu002270,0
Otu002271,0
Otu002272,0
Otu002273,0
Otu002274,0
Otu002275,0.000949803
Otu002276,0
Otu002277,0.001267083
Otu002278,0
Otu002279,0
Otu002280,0
Otu002281,0
Otu002282,0
Otu002283,0
Otu002284,0
Otu002285,0
Otu002286,0
Otu002287,0
Otu002288,0
Otu002289,0
Otu002290,0.000633202
Otu002291,0
Otu002292,0
Otu002293,0
Otu002294,0
Otu002295,0
Otu002296,0
Otu002297,0.000960061
Otu002298,0
Otu002299,0
Otu002300,0
Otu002301,0
Otu002302,0.000960061
Otu002303,0
Otu002304,0
Otu002305,0
Otu002306,0
Otu002307,0
Otu002308,0
Otu002309,0
Otu002310,0
Otu002311,0.001109197
Otu002312,0
Otu002313,0.001606746
Otu002314,0.000402285
Otu002315,0
Otu002316,0.001048969
Otu002317,0
Otu002318,0
Otu002319,0
Otu002320,0
Otu002321,0.000910747
Otu002322,0
Otu002323,0
Otu002324,0
Otu002325,0.002218395
Otu002326,0
Otu002327,0
Otu002328,0
Otu002329,0.010903678
Otu002330,0
Otu002331,0
Otu002332,0
Otu002333,0.005318869
Otu002334,0
Otu002335,0
Otu002336,0
Otu002337,0
Otu002338,0
Otu002339,0
Otu002340,0.004417848
Otu002341,0
Otu002342,0
Otu002343,0
Otu002344,0
Otu002345,0
Otu002346,0
Otu002347,0
Otu002348,0
Otu002349,0
Otu002350,0
Otu002351,0.007400213
Otu002352,0
Otu002353,0
Otu002354,0
Otu002355,0
Otu002356,0
Otu002357,0
Otu002358,0
Otu002359,0
Otu002360,0
Otu002361,0
Otu002362,0
Otu002363,0.001741305
Otu002364,0
Otu002365,0.002532808
Otu002366,0
Otu002367,0.000952994
Otu002368,0
Otu002369,0
Otu002370,0
Otu002371,0
Otu002372,0
Otu002373,0
Otu002374,0.000137568
Otu002375,0.000560445
Otu002376,0
Otu002377,0
Otu002378,0.000137568
Otu002379,0
Otu002380,0.000476497
Otu002381,0
Otu002382,0
Otu002383,0
Otu002384,0
Otu002385,0
Otu002386,0
Otu002387,0
Otu002388,0
Otu002389,0
Otu002390,0
Otu002391,0
Otu002392,0
Otu002393,0
Otu002394,0.000476497
Otu002395,0
Otu002396,0
Otu002397,0
Otu002398,0
Otu002399,0
Otu002400,0
Otu002401,0.000952994
Otu002402,0
Otu002403,0
Otu002404,0
Otu002405,0
Otu002406,0
Otu002407,0
Otu002408,0
Otu002409,0
Otu002410,0
Otu002411,0
Otu002412,0
Otu002413,0
Otu002414,0
Otu002415,0
Otu002416,0
Otu002417,0
Otu002418,0
Otu002419,0
Otu002420,0
Otu002421,0
Otu002422,0.000812878
Otu002423,0.001322252
Otu002424,0.001140768
Otu002425,0
Otu002426,0
Otu002427,0
Otu002428,0.000646684
Otu002429,0
Otu002430,0
Otu002431,0.001755882
Otu002432,0
Otu002433,0
Otu002434,0.001778544
Otu002435,0
Otu002436,0.000502993
Otu002437,0
Otu002438,0
Otu002439,0
Otu002440,0
Otu002441,0
Otu002442,0
Otu002443,0.005283649
Otu002444,0
Otu002445,0
Otu002446,0
Otu002447,0.000960061
Otu002448,0.00093901
Otu002449,0.000675311
Otu002450,0.006087592
Otu002451,0.001394263
Otu002452,0
Otu002453,0
Otu002454,0
Otu002455,0
Otu002456,0.002216207
Otu002457,0
Otu002458,0
Otu002459,0
Otu002460,0
Otu002461,0
Otu002462,0.000422878
Otu002463,0
Otu002464,0
Otu002465,0
Otu002466,0
Otu002467,0
Otu002468,0
Otu002469,0
Otu002470,0
Otu002471,0
Otu002472,0
Otu002473,0
Otu002474,0
Otu002475,0
Otu002476,0
Otu002477,0
Otu002478,0
Otu002479,0
Otu002480,0
Otu002481,0
Otu002482,0
Otu002483,0
Otu002484,0
Otu002485,0
Otu002486,0
Otu002487,0
Otu002488,0
Otu002489,0.002374507
Otu002490,0
Otu002491,0
Otu002492,0
Otu002493,0
Otu002494,0
Otu002495,0
Otu002496,0
Otu002497,0
Otu002498,0
Otu002499,0
Otu002500,0.000633202
Otu002501,0
Otu002502,0
Otu002503,0
Otu002504,0
Otu002505,0
Otu002506,0
Otu002507,0
Otu002508,0.000845755
Otu002509,0
Otu002510,0
Otu002511,0
Otu002512,0
Otu002513,0
Otu002514,0
Otu002515,0
Otu002516,0
Otu002517,0
Otu002518,0
Otu002519,0
Otu002520,0
Otu002521,0
Otu002522,0.000402285
Otu002523,0
Otu002524,0
Otu002525,0
Otu002526,0
Otu002527,0
Otu002528,0.000422878
Otu002529,0
Otu002530,0
Otu002531,0
Otu002532,0
Otu002533,0
Otu002534,0
Otu002535,0.001944996
Otu002536,0.000960061
Otu002537,0
Otu002538,0.003884277
Otu002539,0
Otu002540,0
Otu002541,0
Otu002542,0
Otu002543,0
Otu002544,0
Otu002545,0.004179553
Otu002546,0
Otu002547,0
Otu002548,0.003110192
Otu002549,0.00080457
Otu002550,0
Otu002551,0.000539853
Otu002552,0
Otu002553,0
Otu002554,0
Otu002555,0
Otu002556,0
Otu002557,0
Otu002558,0.000646684
Otu002559,0
Otu002560,0
Otu002561,0.000402285
Otu002562,0.001775545
Otu002563,0
Otu002564,0
Otu002565,0
Otu002566,0
Otu002567,0
Otu002568,0.000637775
Otu002569,0.003437178
Otu002570,0
Otu002571,0
Otu002572,0
Otu002573,0
Otu002574,0.006194055
Otu002575,0
Otu002576,0
Otu002577,0.000646684
Otu002578,0
Otu002579,0
Otu002580,0
Otu002581,0
Otu002582,0
Otu002583,0
Otu002584,0
Otu002585,0
Otu002586,0
Otu002587,0
Otu002588,0
Otu002589,0
Otu002590,0
Otu002591,0
Otu002592,0
Otu002593,0
Otu002594,0
Otu002595,0
Otu002596,0
Otu002597,0
Otu002598,0
Otu002599,0
Otu002600,0
Otu002601,0
Otu002602,0
Otu002603,0
Otu002604,0
Otu002605,0
Otu002606,0
Otu002607,0
Otu002608,0
Otu002609,0
Otu002610,0
Otu002611,0
Otu002612,0
Otu002613,0
Otu002614,0
Otu002615,0.000476497
Otu002616,0
Otu002617,0
Otu002618,0
Otu002619,0
Otu002620,0
Otu002621,0
Otu002622,0
Otu002623,0
Otu002624,0
Otu002625,0
Otu002626,0
Otu002627,0
Otu002628,0
Otu002629,0.000137568
Otu002630,0
Otu002631,0
Otu002632,0
Otu002633,0
Otu002634,0
Otu002635,0
Otu002636,0
Otu002637,0
Otu002638,0
Otu002639,0
Otu002640,0
Otu002641,0
Otu002642,0
Otu002643,0
Otu002644,0
Otu002645,0
Otu002646,0
Otu002647,0
Otu002648,0
Otu002649,0.000637775
Otu002650,0
Otu002651,0
Otu002652,0
Otu002653,0.002788525
Otu002654,0.007039792
Otu002655,0
Otu002656,0
Otu002657,0
Otu002658,0
Otu002659,0.006655485
Otu002660,0
Otu002661,0.003002141
Otu002662,0
Otu002663,0.000675311
Otu002664,0
Otu002665,0
Otu002666,0
Otu002667,0.002319072
Otu002668,0
Otu002669,0
Otu002670,0.000402285
Otu002671,0.005368719
Otu002672,0.004438748
Otu002673,0.000675311
Otu002674,0
Otu002675,0
Otu002676,0
Otu002677,0
Otu002678,0
Otu002679,0
Otu002680,0
Otu002681,0
Otu002682,0
Otu002683,0
Otu002684,0.001293368
Otu002685,0.00178838
Otu002686,0
Otu002687,0
Otu002688,0
Otu002689,0
Otu002690,0
Otu002691,0
Otu002692,0
Otu002693,0
Otu002694,0
Otu002695,0
Otu002696,0
Otu002697,0
Otu002698,0.000474901
Otu002699,0
Otu002700,0
Otu002701,0
Otu002702,0
Otu002703,0
Otu002704,0
Otu002705,0
Otu002706,0
Otu002707,0.002057906
Otu002708,0
Otu002709,0
Otu002710,0.001149677
Otu002711,0
Otu002712,0
Otu002713,0
Otu002714,0
Otu002715,0
Otu002716,0
Otu002717,0
Otu002718,0
Otu002719,0
Otu002720,0
Otu002721,0
Otu002722,0
Otu002723,0.000960061
Otu002724,0.000474901
Otu002725,0
Otu002726,0
Otu002727,0
Otu002728,0
Otu002729,0
Otu002730,0
Otu002731,0
Otu002732,0
Otu002733,0
Otu002734,0.000646684
Otu002735,0
Otu002736,0
Otu002737,0.000462513
Otu002738,0
Otu002739,0
Otu002740,0
Otu002741,0
Otu002742,0
Otu002743,0
Otu002744,0
Otu002745,0
Otu002746,0
Otu002747,0
Otu002748,0
Otu002749,0
Otu002750,0
Otu002751,0
Otu002752,0
Otu002753,0
Otu002754,0
Otu002755,0
Otu002756,0
Otu002757,0
Otu002758,0
Otu002759,0
Otu002760,0
Otu002761,0
Otu002762,0
Otu002763,0
Otu002764,0
Otu002765,0
Otu002766,0
Otu002767,0
Otu002768,0
Otu002769,0
Otu002770,0.000502993
Otu002771,0
Otu002772,0
Otu002773,0
Otu002774,0
Otu002775,0
Otu002776,0
Otu002777,0.000502993
Otu002778,0
Otu002779,0
Otu002780,0
Otu002781,0
Otu002782,0
Otu002783,0
Otu002784,0.002017961
Otu002785,0
Otu002786,0
Otu002787,0.002333322
Otu002788,0
Otu002789,0
Otu002790,0
Otu002791,0
Otu002792,0.004186897
Otu002793,0
Otu002794,0.000137568
Otu002795,0.000637775
Otu002796,0
Otu002797,0
Otu002798,0
Otu002799,0
Otu002800,0
Otu002801,0
Otu002802,0
Otu002803,0
Otu002804,0
Otu002805,0
Otu002806,0
Otu002807,0.004562145
Otu002808,0.002771835
Otu002809,0.002319072
Otu002810,0.000476497
Otu002811,0
Otu002812,0
Otu002813,0
Otu002814,0.005548984
Otu002815,0.000646684
Otu002816,0
Otu002817,0
Otu002818,0
Otu002819,0
Otu002820,0
Otu002821,0
Otu002822,0
Otu002823,0
Otu002824,0
Otu002825,0.002072808
Otu002826,0.001650812
Otu002827,0
Otu002828,0
Otu002829,0
Otu002830,0
Otu002831,0
Otu002832,0
Otu002833,0
Otu002834,0
Otu002835,0
Otu002836,0
Otu002837,0
Otu002838,0
Otu002839,0
Otu002840,0
Otu002841,0
Otu002842,0
Otu002843,0
Otu002844,0
Otu002845,0
Otu002846,0.000612469
Otu002847,0
Otu002848,0.000412703
Otu002849,0.001681336
Otu002850,0
Otu002851,0
Otu002852,0.000646684
Otu002853,0
Otu002854,0
Otu002855,0
Otu002856,0.000675311
Otu002857,0
Otu002858,0
Otu002859,0
Otu002860,0
Otu002861,0
Otu002862,0
Otu002863,0
Otu002864,0.000952994
Otu002865,0
Otu002866,0
Otu002867,0
Otu002868,0
Otu002869,0
Otu002870,0
Otu002871,0
Otu002872,0
Otu002873,0
Otu002874,0
Otu002875,0
Otu002876,0
Otu002877,0
Otu002878,0.000952994
Otu002879,0.001424704
Otu002880,0
Otu002881,0
Otu002882,0
Otu002883,0
Otu002884,0
Otu002885,0
Otu002886,0
Otu002887,0
Otu002888,0.000675311
Otu002889,0.000422878
Otu002890,0.000845755
Otu002891,0
Otu002892,0
Otu002893,0.001137824
Otu002894,0
Otu002895,0
Otu002896,0
Otu002897,0
Otu002898,0
Otu002899,0.000462513
Otu002900,0
Otu002901,0
Otu002902,0.001511482
Otu002903,0.004289407
Otu002904,0.000476497
Otu002905,0
Otu002906,0
Otu002907,0
Otu002908,0
Otu002909,0
Otu002910,0
Otu002911,0
Otu002912,0
Otu002913,0
Otu002914,0.002688454
Otu002915,0
Otu002916,0
Otu002917,0
Otu002918,0
Otu002919,0.00265015
Otu002920,0
Otu002921,0.001268633
Otu002922,0.007159139
Otu002923,0
Otu002924,0
Otu002925,0
Otu002926,0
Otu002927,0
Otu002928,0.001553075
Otu002929,0
Otu002930,0
Otu002931,0
Otu002932,0
Otu002933,0
Otu002934,0.000462513
Otu002935,0.000646684
Otu002936,0
Otu002937,0
Otu002938,0.003559558
Otu002939,0
Otu002940,0.000462513
Otu002941,0.004168774
Otu002942,0
Otu002943,0
Otu002944,0.000952994
Otu002945,0.000476497
Otu002946,0.000422878
Otu002947,0
Otu002948,0
Otu002949,0
Otu002950,0
Otu002951,0
Otu002952,0
Otu002953,0
Otu002954,0
Otu002955,0
Otu002956,0
Otu002957,0
Otu002958,0
Otu002959,0
Otu002960,0
Otu002961,0
Otu002962,0
Otu002963,0.000637775
Otu002964,0
Otu002965,0
Otu002966,0
Otu002967,0.000675311
Otu002968,0
Otu002969,0
Otu002970,0
Otu002971,0
Otu002972,0.001741305
Otu002973,0.001741305
Otu002974,0
Otu002975,0
Otu002976,0
Otu002977,0.000476497
Otu002978,0
Otu002979,0
Otu002980,0
Otu002981,0
Otu002982,0
Otu002983,0
Otu002984,0
Otu002985,0
Otu002986,0
Otu002987,0
Otu002988,0
Otu002989,0.000637775
Otu002990,0
Otu002991,0
Otu002992,0
Otu002993,0
Otu002994,0
Otu002995,0
Otu002996,0
Otu002997,0
Otu002998,0
Otu002999,0
Otu003000,0
Otu003001,0
Otu003002,0.000422878
Otu003003,0
Otu003004,0
Otu003005,0
Otu003006,0
Otu003007,0
Otu003008,0
Otu003009,0
Otu003010,0
Otu003011,0
Otu003012,0
Otu003013,0
Otu003014,0
Otu003015,0.000476497
Otu003016,0
Otu003017,0
Otu003018,0
Otu003019,0
Otu003020,0.000825163
Otu003021,0.000646684
Otu003022,0
Otu003023,0
Otu003024,0
Otu003025,0
Otu003026,0
Otu003027,0
Otu003028,0
Otu003029,0
Otu003030,0
Otu003031,0
Otu003032,0
Otu003033,0.001293368
Otu003034,0
Otu003035,0
Otu003036,0.003234397
Otu003037,0
Otu003038,0
Otu003039,0.000960061
Otu003040,0
Otu003041,0.003709651
Otu003042,0
Otu003043,0
Otu003044,0
Otu003045,0
Otu003046,0
Otu003047,0
Otu003048,0
Otu003049,0
Otu003050,0
Otu003051,0
Otu003052,0
Otu003053,0.000952994
Otu003054,0.001100541
Otu003055,0
Otu003056,0
Otu003057,0
Otu003058,0
Otu003059,0
Otu003060,0
Otu003061,0
Otu003062,0.00138754
Otu003063,0.007343698
Otu003064,0.000825406
Otu003065,0
Otu003066,0
Otu003067,0
Otu003068,0
Otu003069,0
Otu003070,0
Otu003071,0
Otu003072,0
Otu003073,0
Otu003074,0
Otu003075,0
Otu003076,0
Otu003077,0
Otu003078,0
Otu003079,0
Otu003080,0
Otu003081,0
Otu003082,0
Otu003083,0
Otu003084,0
Otu003085,0
Otu003086,0
Otu003087,0
Otu003088,0
Otu003089,0
Otu003090,0
Otu003091,0
Otu003092,0
Otu003093,0
Otu003094,0
Otu003095,0
Otu003096,0
Otu003097,0
Otu003098,0
Otu003099,0
Otu003100,0
Otu003101,0
Otu003102,0
Otu003103,0
Otu003104,0
Otu003105,0
Otu003106,0
Otu003107,0
Otu003108,0
Otu003109,0
Otu003110,0
Otu003111,0
Otu003112,0
Otu003113,0
Otu003114,0
Otu003115,0
Otu003116,0
Otu003117,0
Otu003118,0
Otu003119,0
Otu003120,0
Otu003121,0
Otu003122,0
Otu003123,0
Otu003124,0
Otu003125,0
Otu003126,0
Otu003127,0
Otu003128,0
Otu003129,0
Otu003130,0
Otu003131,0.000462513
Otu003132,0
Otu003133,0
Otu003134,0
Otu003135,0
Otu003136,0
Otu003137,0
Otu003138,0
Otu003139,0
Otu003140,0
Otu003141,0
Otu003142,0
Otu003143,0
Otu003144,0
Otu003145,0
Otu003146,0
Otu003147,0
Otu003148,0
Otu003149,0
Otu003150,0
Otu003151,0
Otu003152,0
Otu003153,0
Otu003154,0
Otu003155,0.00292874
Otu003156,0
Otu003157,0
Otu003158,0
Otu003159,0
Otu003160,0
Otu003161,0
Otu003162,0.00558611
Otu003163,0
Otu003164,0
Otu003165,0
Otu003166,0
Otu003167,0
Otu003168,0.004619079
Otu003169,0
Otu003170,0
Otu003171,0
Otu003172,0
Otu003173,0
Otu003174,0
Otu003175,0
Otu003176,0
Otu003177,0.000476497
Otu003178,0
Otu003179,0
Otu003180,0
Otu003181,0.000476497
Otu003182,0.000637775
Otu003183,0
Otu003184,0.001796361
Otu003185,0.002443232
Otu003186,0
Otu003187,0.000697131
Otu003188,0
Otu003189,0.001903986
Otu003190,0
Otu003191,0.001709848
Otu003192,0
Otu003193,0.001492439
Otu003194,0
Otu003195,0
Otu003196,0
Otu003197,0.003395818
Otu003198,0.000675311
Otu003199,0
Otu003200,0
Otu003201,0
Otu003202,0.003505813
Otu003203,0
Otu003204,0
Otu003205,0
Otu003206,0.000422878
Otu003207,0
Otu003208,0.000633202
Otu003209,0
Otu003210,0
Otu003211,0
Otu003212,0
Otu003213,0.000646684
Otu003214,0
Otu003215,0
Otu003216,0
Otu003217,0.000462513
Otu003218,0.000462513
Otu003219,0.001728917
Otu003220,0.001123181
Otu003221,0.005926176
Otu003222,0.004637464
Otu003223,0.005195504
Otu003224,0.001238109
Otu003225,0
Otu003226,0.000476497
Otu003227,0
Otu003228,0
Otu003229,0
Otu003230,0
Otu003231,0
Otu003232,0
Otu003233,0
Otu003234,0
Otu003235,0
Otu003236,0
Otu003237,0
Otu003238,0
Otu003239,0
Otu003240,0
Otu003241,0
Otu003242,0
Otu003243,0
Otu003244,0
Otu003245,0
Otu003246,0
Otu003247,0
Otu003248,0
Otu003249,0
Otu003250,0
Otu003251,0
Otu003252,0
Otu003253,0
Otu003254,0
Otu003255,0
Otu003256,0
Otu003257,0
Otu003258,0
Otu003259,0.001424704
Otu003260,0
Otu003261,0
Otu003262,0
Otu003263,0
Otu003264,0
Otu003265,0
Otu003266,0
Otu003267,0
Otu003268,0
Otu003269,0
Otu003270,0
Otu003271,0
Otu003272,0
Otu003273,0
Otu003274,0
Otu003275,0
Otu003276,0
Otu003277,0
Otu003278,0
Otu003279,0
Otu003280,0
Otu003281,0
Otu003282,0
Otu003283,0
Otu003284,0
Otu003285,0
Otu003286,0
Otu003287,0
Otu003288,0
Otu003289,0
Otu003290,0
Otu003291,0
Otu003292,0
Otu003293,0
Otu003294,0
Otu003295,0
Otu003296,0
Otu003297,0
Otu003298,0
Otu003299,0
Otu003300,0.000899374
Otu003301,0
Otu003302,0
Otu003303,0
Otu003304,0
Otu003305,0
Otu003306,0
Otu003307,0
Otu003308,0
Otu003309,0
Otu003310,0
Otu003311,0
Otu003312,0
Otu003313,0
Otu003314,0
Otu003315,0
Otu003316,0.000646684
Otu003317,0
Otu003318,0
Otu003319,0
Otu003320,0
Otu003321,0
Otu003322,0
Otu003323,0
Otu003324,0
Otu003325,0
Otu003326,0
Otu003327,0.002804735
Otu003328,0
Otu003329,0
Otu003330,0
Otu003331,0
Otu003332,0
Otu003333,0.000646684
Otu003334,0
Otu003335,0
Otu003336,0.000960061
Otu003337,0.001293368
Otu003338,0.000637775
Otu003339,0
Otu003340,0
Otu003341,0.000960061
Otu003342,0
Otu003343,0
Otu003344,0
Otu003345,0
Otu003346,0
Otu003347,0
Otu003348,0
Otu003349,0
Otu003350,0
Otu003351,0.000675311
Otu003352,0
Otu003353,0.003498749
Otu003354,0.000910747
Otu003355,0
Otu003356,0
Otu003357,0
Otu003358,0
Otu003359,0.000925027
Otu003360,0
Otu003361,0
Otu003362,0.0016548
Otu003363,0
Otu003364,0.000697131
Otu003365,0
Otu003366,0
Otu003367,0.001401523
Otu003368,0
Otu003369,0
Otu003370,0
Otu003371,0.001750433
Otu003372,0.000462513
Otu003373,0.000462513
Otu003374,0
Otu003375,0.003634447
Otu003376,0.001100541
Otu003377,0.001100541
Otu003378,0
Otu003379,0
Otu003380,0
Otu003381,0
Otu003382,0
Otu003383,0
Otu003384,0
Otu003385,0
Otu003386,0
Otu003387,0
Otu003388,0
Otu003389,0
Otu003390,0
Otu003391,0
Otu003392,0
Otu003393,0
Otu003394,0
Otu003395,0
Otu003396,0
Otu003397,0.001108103
Otu003398,0
Otu003399,0
Otu003400,0
Otu003401,0
Otu003402,0
Otu003403,0
Otu003404,0
Otu003405,0
Otu003406,0
Otu003407,0
Otu003408,0
Otu003409,0.001266404
Otu003410,0
Otu003411,0
Otu003412,0
Otu003413,0
Otu003414,0
Otu003415,0
Otu003416,0
Otu003417,0
Otu003418,0
Otu003419,0
Otu003420,0
Otu003421,0
Otu003422,0
Otu003423,0
Otu003424,0
Otu003425,0
Otu003426,0
Otu003427,0
Otu003428,0
Otu003429,0
Otu003430,0
Otu003431,0
Otu003432,0.000620814
Otu003433,0
Otu003434,0
Otu003435,0
Otu003436,0
Otu003437,0
Otu003438,0
Otu003439,0
Otu003440,0
Otu003441,0
Otu003442,0
Otu003443,0
Otu003444,0
Otu003445,0
Otu003446,0.000687838
Otu003447,0
Otu003448,0
Otu003449,0
Otu003450,0
Otu003451,0
Otu003452,0.000422878
Otu003453,0
Otu003454,0
Otu003455,0
Otu003456,0
Otu003457,0
Otu003458,0
Otu003459,0
Otu003460,0
Otu003461,0
Otu003462,0
Otu003463,0
Otu003464,0
Otu003465,0
Otu003466,0.000646684
Otu003467,0
Otu003468,0
Otu003469,0
Otu003470,0.000646684
Otu003471,0
Otu003472,0.000637775
Otu003473,0
Otu003474,0
Otu003475,0
Otu003476,0
Otu003477,0
Otu003478,0
Otu003479,0
Otu003480,0
Otu003481,0.001275551
Otu003482,0
Otu003483,0
Otu003484,0.0001583
Otu003485,0
Otu003486,0.000646684
Otu003487,0
Otu003488,0.001543053
Otu003489,0
Otu003490,0.001885088
Otu003491,0
Otu003492,0
Otu003493,0.001267083
Otu003494,0
Otu003495,0
Otu003496,0.002950342
Otu003497,0
Otu003498,0.000925027
Otu003499,0
Otu003500,0
Otu003501,0
Otu003502,0
Otu003503,0
Otu003504,0.000476497
Otu003505,0.001821494
Otu003506,0
Otu003507,0
Otu003508,0
Otu003509,0
Otu003510,0.000845755
Otu003511,0
Otu003512,0
Otu003513,0.002184289
Otu003514,0
Otu003515,0
Otu003516,0.002287758
Otu003517,0.001551962
Otu003518,0
Otu003519,0.001313032
Otu003520,0
Otu003521,0
Otu003522,0
Otu003523,0.000952994
Otu003524,0
Otu003525,0
Otu003526,0
Otu003527,0
Otu003528,0
Otu003529,0
Otu003530,0
Otu003531,0
Otu003532,0
Otu003533,0
Otu003534,0
Otu003535,0
Otu003536,0
Otu003537,0.000949803
Otu003538,0
Otu003539,0
Otu003540,0
Otu003541,0
Otu003542,0
Otu003543,0
Otu003544,0
Otu003545,0
Otu003546,0
Otu003547,0
Otu003548,0
Otu003549,0
Otu003550,0
Otu003551,0
Otu003552,0
Otu003553,0
Otu003554,0
Otu003555,0
Otu003556,0
Otu003557,0.001108103
Otu003558,0.001108103
Otu003559,0.001108103
Otu003560,0
Otu003561,0
Otu003562,0
Otu003563,0
Otu003564,0
Otu003565,0
Otu003566,0
Otu003567,0
Otu003568,0
Otu003569,0
Otu003570,0
Otu003571,0
Otu003572,0
Otu003573,0
Otu003574,0
Otu003575,0
Otu003576,0
Otu003577,0
Otu003578,0
Otu003579,0
Otu003580,0
Otu003581,0
Otu003582,0
Otu003583,0
Otu003584,0
Otu003585,0
Otu003586,0
Otu003587,0
Otu003588,0
Otu003589,0
Otu003590,0
Otu003591,0
Otu003592,0
Otu003593,0
Otu003594,0
Otu003595,0
Otu003596,0
Otu003597,0
Otu003598,0
Otu003599,0
Otu003600,0
Otu003601,0
Otu003602,0
Otu003603,0
Otu003604,0
Otu003605,0
Otu003606,0
Otu003607,0
Otu003608,0
Otu003609,0
Otu003610,0
Otu003611,0
Otu003612,0
Otu003613,0
Otu003614,0
Otu003615,0
Otu003616,0
Otu003617,0
Otu003618,0
Otu003619,0
Otu003620,0
Otu003621,0
Otu003622,0
Otu003623,0
Otu003624,0
Otu003625,0
Otu003626,0
Otu003627,0
Otu003628,0
Otu003629,0
Otu003630,0
Otu003631,0.000910747
Otu003632,0
Otu003633,0
Otu003634,0
Otu003635,0.002400248
Otu003636,0
Otu003637,0
Otu003638,0
Otu003639,0
Otu003640,0
Otu003641,0
Otu003642,0
Otu003643,0
Otu003644,0.00229799
Otu003645,0
Otu003646,0
Otu003647,0
Otu003648,0
Otu003649,0.000502993
Otu003650,0
Otu003651,0.000422878
Otu003652,0
Otu003653,0
Otu003654,0.001643761
Otu003655,0
Otu003656,0
Otu003657,0.000952994
Otu003658,0
Otu003659,0.005739704
Otu003660,0
Otu003661,0
Otu003662,0
Otu003663,0
Otu003664,0
Otu003665,0
Otu003666,0
Otu003667,0
Otu003668,0
Otu003669,0
Otu003670,0.000925027
Otu003671,0.000646684
Otu003672,0
Otu003673,0.004396403
Otu003674,0.003209059
Otu003675,0
Otu003676,0
Otu003677,0
Otu003678,0
Otu003679,0
Otu003680,0
Otu003681,0
Otu003682,0
Otu003683,0
Otu003684,0
Otu003685,0
Otu003686,0
Otu003687,0
Otu003688,0
Otu003689,0
Otu003690,0
Otu003691,0
Otu003692,0
Otu003693,0
Otu003694,0
Otu003695,0
Otu003696,0
Otu003697,0
Otu003698,0
Otu003699,0
Otu003700,0
Otu003701,0
Otu003702,0
Otu003703,0.000949803
Otu003704,0.000949803
Otu003705,0.000949803
Otu003706,0
Otu003707,0
Otu003708,0
Otu003709,0
Otu003710,0
Otu003711,0
Otu003712,0
Otu003713,0
Otu003714,0
Otu003715,0
Otu003716,0
Otu003717,0
Otu003718,0
Otu003719,0
Otu003720,0
Otu003721,0
Otu003722,0
Otu003723,0
Otu003724,0
Otu003725,0
Otu003726,0
Otu003727,0
Otu003728,0
Otu003729,0
Otu003730,0
Otu003731,0
Otu003732,0
Otu003733,0
Otu003734,0.001083327
Otu003735,0
Otu003736,0
Otu003737,0
Otu003738,0
Otu003739,0
Otu003740,0
Otu003741,0
Otu003742,0
Otu003743,0
Otu003744,0
Otu003745,0
Otu003746,0
Otu003747,0
Otu003748,0
Otu003749,0.000646684
Otu003750,0
Otu003751,0
Otu003752,0
Otu003753,0
Otu003754,0
Otu003755,0.000675311
Otu003756,0.000910747
Otu003757,0
Otu003758,0
Otu003759,0
Otu003760,0.001920123
Otu003761,0
Otu003762,0
Otu003763,0
Otu003764,0
Otu003765,0
Otu003766,0
Otu003767,0
Otu003768,0
Otu003769,0.001754386
Otu003770,0
Otu003771,0
Otu003772,0
Otu003773,0
Otu003774,0
Otu003775,0.000476497
Otu003776,0
Otu003777,0
Otu003778,0
Otu003779,0
Otu003780,0
Otu003781,0
Otu003782,0
Otu003783,0
Otu003784,0
Otu003785,0.000462513
Otu003786,0
Otu003787,0
Otu003788,0
Otu003789,0
Otu003790,0
Otu003791,0
Otu003792,0
Otu003793,0
Otu003794,0
Otu003795,0.001005986
Otu003796,0.001293368
Otu003797,0.000697131
Otu003798,0
Otu003799,0.000697131
Otu003800,0
Otu003801,0.001060653
Otu003802,0
Otu003803,0
Otu003804,0
Otu003805,0
Otu003806,0.000646684
Otu003807,0.000697131
Otu003808,0
Otu003809,0.000675311
Otu003810,0
Otu003811,0
Otu003812,0
Otu003813,0
Otu003814,0
Otu003815,0
Otu003816,0.001281067
Otu003817,0.001551962
Otu003818,0
Otu003819,0
Otu003820,0.000422878
Otu003821,0
Otu003822,0
Otu003823,0.000412703
Otu003824,0.000646684
Otu003825,0
Otu003826,0
Otu003827,0
Otu003828,0.002132057
Otu003829,0
Otu003830,0.000925027
Otu003831,0
Otu003832,0
Otu003833,0.001355279
Otu003834,0.002271456
Otu003835,0
Otu003836,0
Otu003837,0.000637775
Otu003838,0.002788525
Otu003839,0
Otu003840,0.002240018
Otu003841,0
Otu003842,0.000687838
Otu003843,0
Otu003844,0
Otu003845,0.00142949
Otu003846,0
Otu003847,0
Otu003848,0
Otu003849,0
Otu003850,0
Otu003851,0
Otu003852,0
Otu003853,0
Otu003854,0
Otu003855,0
Otu003856,0
Otu003857,0
Otu003858,0
Otu003859,0
Otu003860,0
Otu003861,0
Otu003862,0
Otu003863,0
Otu003864,0
Otu003865,0.0001583
Otu003866,0
Otu003867,0
Otu003868,0
Otu003869,0
Otu003870,0
Otu003871,0
Otu003872,0
Otu003873,0
Otu003874,0
Otu003875,0
Otu003876,0
Otu003877,0
Otu003878,0
Otu003879,0
Otu003880,0
Otu003881,0
Otu003882,0.000791502
Otu003883,0.000791502
Otu003884,0.000791502
Otu003885,0.000791502
Otu003886,0
Otu003887,0
Otu003888,0
Otu003889,0
Otu003890,0
Otu003891,0
Otu003892,0.0001583
Otu003893,0
Otu003894,0
Otu003895,0
Otu003896,0
Otu003897,0
Otu003898,0
Otu003899,0
Otu003900,0
Otu003901,0
Otu003902,0
Otu003903,0
Otu003904,0
Otu003905,0
Otu003906,0
Otu003907,0
Otu003908,0
Otu003909,0.000925027
Otu003910,0
Otu003911,0
Otu003912,0
Otu003913,0
Otu003914,0
Otu003915,0.000952994
Otu003916,0
Otu003917,0
Otu003918,0
Otu003919,0
Otu003920,0
Otu003921,0
Otu003922,0
Otu003923,0
Otu003924,0
Otu003925,0
Otu003926,0
Otu003927,0
Otu003928,0
Otu003929,0
Otu003930,0
Otu003931,0
Otu003932,0
Otu003933,0
Otu003934,0
Otu003935,0
Otu003936,0
Otu003937,0
Otu003938,0
Otu003939,0
Otu003940,0
Otu003941,0
Otu003942,0.000402285
Otu003943,0
Otu003944,0
Otu003945,0
Otu003946,0
Otu003947,0
Otu003948,0
Otu003949,0
Otu003950,0
Otu003951,0
Otu003952,0.000422878
Otu003953,0
Otu003954,0
Otu003955,0
Otu003956,0
Otu003957,0
Otu003958,0
Otu003959,0
Otu003960,0
Otu003961,0
Otu003962,0
Otu003963,0
Otu003964,0
Otu003965,0
Otu003966,0
Otu003967,0.000877193
Otu003968,0
Otu003969,0
Otu003970,0
Otu003971,0
Otu003972,0.001857804
Otu003973,0
Otu003974,0
Otu003975,0
Otu003976,0.000646684
Otu003977,0
Otu003978,0.000646684
Otu003979,0
Otu003980,0.001098188
Otu003981,0
Otu003982,0
Otu003983,0.002091394
Otu003984,0
Otu003985,0
Otu003986,0
Otu003987,0
Otu003988,0
Otu003989,0
Otu003990,0
Otu003991,0
Otu003992,0
Otu003993,0
Otu003994,0
Otu003995,0
Otu003996,0
Otu003997,0
Otu003998,0
Otu003999,0
Otu004000,0
Otu004001,0.000462513
Otu004002,0
Otu004003,0
Otu004004,0
Otu004005,0
Otu004006,0
Otu004007,0
Otu004008,0
Otu004009,0
Otu004010,0.001850053
Otu004011,0.001622158
Otu004012,0.002402659
Otu004013,0.002788525
Otu004014,0.001650325
Otu004015,0.001677836
Otu004016,0.000550271
Otu004017,0.000550271
Otu004018,0
Otu004019,0.002440912
Otu004020,0.003262044
Otu004021,0
Otu004022,0
Otu004023,0
Otu004024,0
Otu004025,0
Otu004026,0
Otu004027,0
Otu004028,0
Otu004029,0
Otu004030,0
Otu004031,0
Otu004032,0
Otu004033,0
Otu004034,0
Otu004035,0
Otu004036,0
Otu004037,0
Otu004038,0
Otu004039,0
Otu004040,0
Otu004041,0
Otu004042,0
Otu004043,0
Otu004044,0
Otu004045,0
Otu004046,0
Otu004047,0
Otu004048,0
Otu004049,0
Otu004050,0.002588637
Otu004051,0
Otu004052,0
Otu004053,0.000633202
Otu004054,0
Otu004055,0
Otu004056,0
Otu004057,0
Otu004058,0
Otu004059,0
Otu004060,0
Otu004061,0
Otu004062,0
Otu004063,0
Otu004064,0
Otu004065,0
Otu004066,0
Otu004067,0
Otu004068,0
Otu004069,0
Otu004070,0
Otu004071,0
Otu004072,0
Otu004073,0
Otu004074,0
Otu004075,0
Otu004076,0
Otu004077,0
Otu004078,0
Otu004079,0
Otu004080,0
Otu004081,0
Otu004082,0
Otu004083,0
Otu004084,0
Otu004085,0
Otu004086,0
Otu004087,0
Otu004088,0
Otu004089,0
Otu004090,0
Otu004091,0
Otu004092,0
Otu004093,0
Otu004094,0
Otu004095,0
Otu004096,0
Otu004097,0
Otu004098,0
Otu004099,0
Otu004100,0
Otu004101,0
Otu004102,0
Otu004103,0
Otu004104,0
Otu004105,0
Otu004106,0
Otu004107,0
Otu004108,0
Otu004109,0
Otu004110,0
Otu004111,0
Otu004112,0
Otu004113,0
Otu004114,0
Otu004115,0
Otu004116,0
Otu004117,0
Otu004118,0
Otu004119,0
Otu004120,0
Otu004121,0
Otu004122,0
Otu004123,0
Otu004124,0
Otu004125,0
Otu004126,0
Otu004127,0
Otu004128,0
Otu004129,0
Otu004130,0
Otu004131,0
Otu004132,0
Otu004133,0
Otu004134,0
Otu004135,0
Otu004136,0
Otu004137,0
Otu004138,0
Otu004139,0
Otu004140,0
Otu004141,0
Otu004142,0
Otu004143,0
Otu004144,0.000646684
Otu004145,0.001394263
Otu004146,0
Otu004147,0
Otu004148,0
Otu004149,0
Otu004150,0.000646684
Otu004151,0
Otu004152,0
Otu004153,0
Otu004154,0
Otu004155,0
Otu004156,0
Otu004157,0
Otu004158,0
Otu004159,0
Otu004160,0
Otu004161,0.00080457
Otu004162,0
Otu004163,0
Otu004164,0
Otu004165,0
Otu004166,0
Otu004167,0.000646684
Otu004168,0
Otu004169,0
Otu004170,0
Otu004171,0
Otu004172,0
Otu004173,0
Otu004174,0.001434926
Otu004175,0.002072702
Otu004176,0.001821494
Otu004177,0
Otu004178,0
Otu004179,0
Otu004180,0
Otu004181,0.000646684
Otu004182,0
Otu004183,0
Otu004184,0
Otu004185,0
Otu004186,0
Otu004187,0
Otu004188,0
Otu004189,0
Otu004190,0.000885391
Otu004191,0
Otu004192,0
Otu004193,0
Otu004194,0
Otu004195,0
Otu004196,0
Otu004197,0.001350621
Otu004198,0
Otu004199,0
Otu004200,0.001394263
Otu004201,0
Otu004202,0
Otu004203,0
Otu004204,0
Otu004205,0
Otu004206,0
Otu004207,0
Otu004208,0
Otu004209,0
Otu004210,0
Otu004211,0
Otu004212,0
Otu004213,0
Otu004214,0
Otu004215,0
Otu004216,0
Otu004217,0
Otu004218,0
Otu004219,0
Otu004220,0
Otu004221,0
Otu004222,0
Otu004223,0
Otu004224,0
Otu004225,0.000877193
Otu004226,0
Otu004227,0
Otu004228,0
Otu004229,0.001940052
Otu004230,0.001940052
Otu004231,0.001606746
Otu004232,0
Otu004233,0.001206855
Otu004234,0.000412703
Otu004235,0
Otu004236,0
Otu004237,0.002340247
Otu004238,0.00273224
Otu004239,0.00273224
Otu004240,0.00273224
Otu004241,0.00273224
Otu004242,0.00273224
Otu004243,0.002261368
Otu004244,0.004304778
Otu004245,0.004304778
Otu004246,0.004304778
Otu004247,0.00329273
Otu004248,0.001434926
Otu004249,0.00142949
Otu004250,0.00142949
Otu004251,0.001268633
Otu004252,0
Otu004253,0
Otu004254,0
Otu004255,0
Otu004256,0
Otu004257,0
Otu004258,0
Otu004259,0
Otu004260,0
Otu004261,0
Otu004262,0
Otu004263,0
Otu004264,0
Otu004265,0
Otu004266,0
Otu004267,0
Otu004268,0
Otu004269,0
Otu004270,0
Otu004271,0
Otu004272,0
Otu004273,0
Otu004274,0
Otu004275,0
Otu004276,0.000675311
Otu004277,0
Otu004278,0
Otu004279,0
Otu004280,0
Otu004281,0
Otu004282,0.001508978
Otu004283,0.001508978
Otu004284,0
Otu004285,0
Otu004286,0
Otu004287,0.000474901
Otu004288,0
Otu004289,0
Otu004290,0
Otu004291,0
Otu004292,0
Otu004293,0
Otu004294,0
Otu004295,0
Otu004296,0
Otu004297,0
Otu004298,0
Otu004299,0
Otu004300,0
Otu004301,0
Otu004302,0
Otu004303,0
Otu004304,0
Otu004305,0
Otu004306,0
Otu004307,0
Otu004308,0
Otu004309,0
Otu004310,0
Otu004311,0
Otu004312,0
Otu004313,0
Otu004314,0
Otu004315,0
Otu004316,0
Otu004317,0
Otu004318,0
Otu004319,0
Otu004320,0
Otu004321,0
Otu004322,0
Otu004323,0
Otu004324,0
Otu004325,0
Otu004326,0
Otu004327,0
Otu004328,0
Otu004329,0
Otu004330,0
Otu004331,0
Otu004332,0
Otu004333,0
Otu004334,0
Otu004335,0
Otu004336,0
Otu004337,0
Otu004338,0
Otu004339,0
Otu004340,0
Otu004341,0
Otu004342,0
Otu004343,0
Otu004344,0
Otu004345,0
Otu004346,0
Otu004347,0
Otu004348,0
Otu004349,0
Otu004350,0
Otu004351,0
Otu004352,0
Otu004353,0
Otu004354,0
Otu004355,0
Otu004356,0
Otu004357,0
Otu004358,0
Otu004359,0
Otu004360,0
Otu004361,0
Otu004362,0
Otu004363,0
Otu004364,0
Otu004365,0
Otu004366,0
Otu004367,0
Otu004368,0
Otu004369,0
Otu004370,0
Otu004371,0
Otu004372,0
Otu004373,0
Otu004374,0
Otu004375,0
Otu004376,0
Otu004377,0.000910747
Otu004378,0
Otu004379,0
Otu004380,0
Otu004381,0
Otu004382,0
Otu004383,0
Otu004384,0
Otu004385,0
Otu004386,0
Otu004387,0
Otu004388,0
Otu004389,0
Otu004390,0
Otu004391,0
Otu004392,0
Otu004393,0
Otu004394,0
Otu004395,0
Otu004396,0
Otu004397,0
Otu004398,0
Otu004399,0
Otu004400,0
Otu004401,0
Otu004402,0
Otu004403,0
Otu004404,0
Otu004405,0
Otu004406,0.000646684
Otu004407,0
Otu004408,0
Otu004409,0
Otu004410,0
Otu004411,0
Otu004412,0
Otu004413,0
Otu004414,0
Otu004415,0
Otu004416,0
Otu004417,0
Otu004418,0
Otu004419,0
Otu004420,0
Otu004421,0
Otu004422,0
Otu004423,0
Otu004424,0
Otu004425,0
Otu004426,0
Otu004427,0
Otu004428,0
Otu004429,0
Otu004430,0
Otu004431,0
Otu004432,0
Otu004433,0
Otu004434,0
Otu004435,0
Otu004436,0
Otu004437,0
Otu004438,0
Otu004439,0
Otu004440,0
Otu004441,0
Otu004442,0
Otu004443,0
Otu004444,0
Otu004445,0
Otu004446,0
Otu004447,0
Otu004448,0
Otu004449,0
Otu004450,0
Otu004451,0
Otu004452,0
Otu004453,0
Otu004454,0
Otu004455,0
Otu004456,0
Otu004457,0
Otu004458,0
Otu004459,0
Otu004460,0
Otu004461,0
Otu004462,0
Otu004463,0
Otu004464,0
Otu004465,0
Otu004466,0
Otu004467,0
Otu004468,0
Otu004469,0
Otu004470,0
Otu004471,0
Otu004472,0
Otu004473,0
Otu004474,0
Otu004475,0
Otu004476,0
Otu004477,0
Otu004478,0
Otu004479,0
Otu004480,0
Otu004481,0
Otu004482,0
Otu004483,0
Otu004484,0
Otu004485,0
Otu004486,0
Otu004487,0
Otu004488,0
Otu004489,0
Otu004490,0
Otu004491,0
Otu004492,0
Otu004493,0
Otu004494,0
Otu004495,0
Otu004496,0
Otu004497,0
Otu004498,0
Otu004499,0
Otu004500,0
Otu004501,0
Otu004502,0
Otu004503,0
Otu004504,0
Otu004505,0
Otu004506,0
Otu004507,0
Otu004508,0
Otu004509,0
Otu004510,0
Otu004511,0
Otu004512,0
Otu004513,0
Otu004514,0
Otu004515,0
Otu004516,0
Otu004517,0
Otu004518,0
Otu004519,0
Otu004520,0
Otu004521,0
Otu004522,0
Otu004523,0
Otu004524,0
Otu004525,0
Otu004526,0
Otu004527,0
Otu004528,0
Otu004529,0
Otu004530,0
Otu004531,0
Otu004532,0
Otu004533,0
Otu004534,0
Otu004535,0
Otu004536,0
Otu004537,0
Otu004538,0
Otu004539,0
Otu004540,0
Otu004541,0
Otu004542,0
Otu004543,0
Otu004544,0
Otu004545,0
Otu004546,0
Otu004547,0
Otu004548,0
Otu004549,0
Otu004550,0
Otu004551,0
Otu004552,0
Otu004553,0
Otu004554,0
Otu004555,0
Otu004556,0
Otu004557,0
Otu004558,0
Otu004559,0
Otu004560,0
Otu004561,0
Otu004562,0
Otu004563,0
Otu004564,0
Otu004565,0
Otu004566,0.001434926
Otu004567,0
Otu004568,0
Otu004569,0
Otu004570,0
Otu004571,0
Otu004572,0
Otu004573,0
Otu004574,0
Otu004575,0
Otu004576,0
Otu004577,0
Otu004578,0
Otu004579,0
Otu004580,0
Otu004581,0
Otu004582,0
Otu004583,0
Otu004584,0
Otu004585,0
Otu004586,0
Otu004587,0
Otu004588,0
Otu004589,0
Otu004590,0
Otu004591,0
Otu004592,0
Otu004593,0
Otu004594,0
Otu004595,0
Otu004596,0
Otu004597,0
Otu004598,0
Otu004599,0
Otu004600,0
Otu004601,0
Otu004602,0
Otu004603,0
Otu004604,0
Otu004605,0
Otu004606,0
Otu004607,0
Otu004608,0
Otu004609,0
Otu004610,0
Otu004611,0
Otu004612,0
Otu004613,0
Otu004614,0
Otu004615,0
Otu004616,0
Otu004617,0
Otu004618,0
Otu004619,0
Otu004620,0
Otu004621,0
Otu004622,0
Otu004623,0
Otu004624,0
Otu004625,0
Otu004626,0
Otu004627,0
Otu004628,0
Otu004629,0
Otu004630,0
Otu004631,0
Otu004632,0
Otu004633,0
Otu004634,0
Otu004635,0
Otu004636,0
Otu004637,0
Otu004638,0
Otu004639,0
Otu004640,0
Otu004641,0
Otu004642,0
Otu004643,0
Otu004644,0
Otu004645,0
Otu004646,0
Otu004647,0
Otu004648,0
Otu004649,0
Otu004650,0
Otu004651,0
Otu004652,0
Otu004653,0
Otu004654,0
Otu004655,0
Otu004656,0
Otu004657,0
Otu004658,0
Otu004659,0
Otu004660,0
Otu004661,0
Otu004662,0
Otu004663,0
Otu004664,0
Otu004665,0
Otu004666,0
Otu004667,0
Otu004668,0
Otu004669,0
Otu004670,0
Otu004671,0
Otu004672,0
Otu004673,0
Otu004674,0
Otu004675,0
Otu004676,0
Otu004677,0
Otu004678,0
Otu004679,0
Otu004680,0
Otu004681,0
Otu004682,0
Otu004683,0
Otu004684,0
Otu004685,0
Otu004686,0
Otu004687,0
Otu004688,0
Otu004689,0
Otu004690,0
Otu004691,0
Otu004692,0
Otu004693,0
Otu004694,0
Otu004695,0
Otu004696,0
Otu004697,0
Otu004698,0
Otu004699,0
Otu004700,0
Otu004701,0
Otu004702,0
Otu004703,0
Otu004704,0
Otu004705,0
Otu004706,0
Otu004707,0
Otu004708,0
Otu004709,0
Otu004710,0
Otu004711,0
Otu004712,0
Otu004713,0
Otu004714,0.000910747
Otu004715,0
Otu004716,0
Otu004717,0
Otu004718,0
Otu004719,0
Otu004720,0
Otu004721,0
Otu004722,0
Otu004723,0
Otu004724,0
Otu004725,0
Otu004726,0
Otu004727,0
Otu004728,0
Otu004729,0
Otu004730,0
Otu004731,0.000462513
Otu004732,0
Otu004733,0
Otu004734,0
Otu004735,0
Otu004736,0
Otu004737,0.000675311
Otu004738,0
Otu004739,0
Otu004740,0
Otu004741,0
Otu004742,0
Otu004743,0
Otu004744,0
Otu004745,0
Otu004746,0
Otu004747,0
Otu004748,0
Otu004749,0
Otu004750,0
Otu004751,0
Otu004752,0
Otu004753,0
Otu004754,0
Otu004755,0
Otu004756,0
Otu004757,0
Otu004758,0
Otu004759,0
Otu004760,0
Otu004761,0
Otu004762,0
Otu004763,0
Otu004764,0
Otu004765,0
Otu004766,0
Otu004767,0
Otu004768,0
Otu004769,0
Otu004770,0
Otu004771,0
Otu004772,0
Otu004773,0
Otu004774,0
Otu004775,0
Otu004776,0
Otu004777,0
Otu004778,0
Otu004779,0
Otu004780,0
Otu004781,0
Otu004782,0
Otu004783,0
Otu004784,0
Otu004785,0
Otu004786,0
Otu004787,0
Otu004788,0
Otu004789,0
Otu004790,0
Otu004791,0
Otu004792,0
Otu004793,0
Otu004794,0
Otu004795,0
Otu004796,0
Otu004797,0
Otu004798,0
Otu004799,0
Otu004800,0
Otu004801,0
Otu004802,0
Otu004803,0
Otu004804,0
Otu004805,0
Otu004806,0
Otu004807,0
Otu004808,0
Otu004809,0
Otu004810,0
Otu004811,0.000646684
Otu004812,0
Otu004813,0.000925027
Otu004814,0.000925027
Otu004815,0.000925027
Otu004816,0.000925027
Otu004817,0.001293368
Otu004818,0.001293368
Otu004819,0.001293368
Otu004820,0.001293368
Otu004821,0.001293368
Otu004822,0.001293368
Otu004823,0.001293368
Otu004824,0
Otu004825,0
Otu004826,0
Otu004827,0.001394263
Otu004828,0.001394263
Otu004829,0.001394263
Otu004830,0.001394263
Otu004831,0.001394263
Otu004832,0.001394263
Otu004833,0.001394263
Otu004834,0.001394263
Otu004835,0.001394263
Otu004836,0.001394263
Otu004837,0.002132057
Otu004838,0.00080457
Otu004839,0.00080457
Otu004840,0.00080457
Otu004841,0.00080457
Otu004842,0.00080457
Otu004843,0.00080457
Otu004844,0.00080457
Otu004845,0.00080457
Otu004846,0.00080457
Otu004847,0.000275135
Otu004848,0
Otu004849,0
Otu004850,0
Otu004851,0.001821494
Otu004852,0.001821494
Otu004853,0.001821494
Otu004854,0.001821494
Otu004855,0.001821494
Otu004856,0.001821494
Otu004857,0.001821494
Otu004858,0.001821494
Otu004859,0.001821494
Otu004860,0.001821494
Otu004861,0.001821494
Otu004862,0.001821494
Otu004863,0.001821494
Otu004864,0.001821494
Otu004865,0.001821494
Otu004866,0.002869852
Otu004867,0.002869852
Otu004868,0.002869852
Otu004869,0.002869852
Otu004870,0.002869852
Otu004871,0.002869852
Otu004872,0.002869852
Otu004873,0.002869852
Otu004874,0.002869852
Otu004875,0.002869852
Otu004876,0
Otu004877,0
Otu004878,0.001754386
Otu004879,0.001754386
Otu004880,0.001754386
Otu004881,0.001754386
Otu004882,0.001754386
Otu004883,0.000952994
Otu004884,0.000952994
Otu004885,0.000476497
Otu004886,0.000845755
Otu004887,0.000845755
Otu004888,0.000845755
Otu004889,0.000845755
Otu004890,0.000845755
Otu004891,0.000845755
Otu004892,0.000845755
Otu004893,0.000845755
Otu004894,0.000422878
Otu004895,0.000422878
Otu004896,0
Otu004897,0
Otu004898,0
Otu004899,0
Otu004900,0
Otu004901,0
Otu004902,0
Otu004903,0
Otu004904,0
Otu004905,0
Otu004906,0
Otu004907,0
Otu004908,0
Otu004909,0
Otu004910,0
Otu004911,0
Otu004912,0
Otu004913,0
Otu004914,0
Otu004915,0
Otu004916,0
Otu004917,0
Otu004918,0
Otu004919,0
Otu004920,0
Otu004921,0
Otu004922,0
Otu004923,0
Otu004924,0
Otu004925,0
Otu004926,0
Otu004927,0.000502993
Otu004928,0.000502993
Otu004929,0
Otu004930,0
Otu004931,0
Otu004932,0
Otu004933,0
Otu004934,0
Otu004935,0
Otu004936,0
Otu004937,0.001275551
Otu004938,0.001275551
Otu004939,0.001275551
Otu004940,0.001275551
Otu004941,0.001275551
Otu004942,0.001275551
Otu004943,0.001350621
Otu004944,0.001350621
Otu004945,0.001350621
Otu004946,0.001350621
Otu004947,0.001350621
Otu004948,0.001350621
Otu004949,0.001350621
Otu004950,0.001350621
Otu004951,0.001005986
Otu004952,0.001005986
Otu004953,0.001005986
Otu004954,0.001005986
Otu004955,0.001005986
Otu004956,0.001005986
Otu004957,0.001005986
Otu004958,0.000316601
Otu004959,0.000316601
Otu004960,0
Otu004961,0
Otu004962,0
Otu004963,0
Otu004964,0
Otu004965,0
Otu004966,0
Otu004967,0
Otu004968,0
Otu004969,0
Otu004970,0
Otu004971,0
Otu004972,0
Otu004973,0
Otu004974,0
Otu004975,0
Otu004976,0
Otu004977,0
Otu004978,0
Otu004979,0
Otu004980,0
Otu004981,0
Otu004982,0
Otu004983,0
Otu004984,0
Otu004985,0
Otu004986,0
Otu004987,0
Otu004988,0
Otu004989,0
Otu004990,0
Otu004991,0
Otu004992,0
Otu004993,0
Otu004994,0
Otu004995,0
Otu004996,0
Otu004997,0
Otu004998,0
Otu004999,0
Otu005000,0
Otu005001,0
Otu005002,0
Otu005003,0
Otu005004,0
Otu005005,0
Otu005006,0
Otu005007,0
Otu005008,0
Otu005009,0
Otu005010,0
Otu005011,0
Otu005012,0
Otu005013,0
Otu005014,0
Otu005015,0
Otu005016,0
Otu005017,0
Otu005018,0
Otu005019,0
Otu005020,0
Otu005021,0
Otu005022,0
Otu005023,0
Otu005024,0
Otu005025,0
Otu005026,0
Otu005027,0
Otu005028,0
Otu005029,0
Otu005030,0
Otu005031,0
Otu005032,0
Otu005033,0
Otu005034,0
Otu005035,0
Otu005036,0
Otu005037,0
Otu005038,0
Otu005039,0
Otu005040,0
Otu005041,0
Otu005042,0
Otu005043,0
Otu005044,0
Otu005045,0
Otu005046,0
Otu005047,0
Otu005048,0
Otu005049,0
Otu005050,0
Otu005051,0
Otu005052,0
Otu005053,0
Otu005054,0
Otu005055,0
Otu005056,0
Otu005057,0
Otu005058,0
Otu005059,0
Otu005060,0
Otu005061,0
Otu005062,0
Otu005063,0
Otu005064,0
Otu005065,0
Otu005066,0
Otu005067,0
Otu005068,0
Otu005069,0
Otu005070,0
Otu005071,0
Otu005072,0
Otu005073,0
Otu005074,0
Otu005075,0
Otu005076,0
Otu005077,0
Otu005078,0
Otu005079,0
Otu005080,0
Otu005081,0
Otu005082,0
Otu005083,0
Otu005084,0
Otu005085,0
Otu005086,0
Otu005087,0
Otu005088,0
Otu005089,0
Otu005090,0
Otu005091,0
Otu005092,0
Otu005093,0
Otu005094,0
Otu005095,0
Otu005096,0
Otu005097,0
Otu005098,0
Otu005099,0
Otu005100,0
Otu005101,0
Otu005102,0
Otu005103,0
Otu005104,0
Otu005105,0
Otu005106,0
Otu005107,0
Otu005108,0
Otu005109,0
Otu005110,0
Otu005111,0
Otu005112,0
Otu005113,0
Otu005114,0
Otu005115,0
Otu005116,0
Otu005117,0
Otu005118,0
Otu005119,0
Otu005120,0
Otu005121,0
Otu005122,0
Otu005123,0
Otu005124,0
Otu005125,0
Otu005126,0
Otu005127,0
Otu005128,0
Otu005129,0
Otu005130,0
Otu005131,0
Otu005132,0
Otu005133,0
Otu005134,0
Otu005135,0
Otu005136,0
Otu005137,0
Otu005138,0
Otu005139,0
Otu005140,0
Otu005141,0
Otu005142,0
Otu005143,0
Otu005144,0
Otu005145,0
Otu005146,0
Otu005147,0
Otu005148,0
Otu005149,0
Otu005150,0
Otu005151,0
Otu005152,0
Otu005153,0
Otu005154,0
Otu005155,0
Otu005156,0
Otu005157,0
Otu005158,0
Otu005159,0
Otu005160,0
Otu005161,0
Otu005162,0
Otu005163,0
Otu005164,0
Otu005165,0
Otu005166,0
Otu005167,0
Otu005168,0
Otu005169,0
Otu005170,0
Otu005171,0
Otu005172,0
Otu005173,0
Otu005174,0
Otu005175,0
Otu005176,0
Otu005177,0
Otu005178,0
Otu005179,0
Otu005180,0
Otu005181,0
Otu005182,0
Otu005183,0
Otu005184,0
Otu005185,0
Otu005186,0
Otu005187,0
Otu005188,0
Otu005189,0
Otu005190,0
Otu005191,0
Otu005192,0
Otu005193,0
Otu005194,0
Otu005195,0
Otu005196,0
Otu005197,0
Otu005198,0
Otu005199,0
Otu005200,0
Otu005201,0
Otu005202,0
Otu005203,0
Otu005204,0
Otu005205,0
Otu005206,0
Otu005207,0
Otu005208,0
Otu005209,0
Otu005210,0
Otu005211,0
Otu005212,0
Otu005213,0
Otu005214,0
Otu005215,0
Otu005216,0
Otu005217,0
Otu005218,0
Otu005219,0
Otu005220,0
Otu005221,0
Otu005222,0
Otu005223,0
Otu005224,0
Otu005225,0
Otu005226,0
Otu005227,0
Otu005228,0
Otu005229,0
Otu005230,0
Otu005231,0
Otu005232,0
Otu005233,0
Otu005234,0
Otu005235,0
Otu005236,0
Otu005237,0
Otu005238,0
Otu005239,0
Otu005240,0
Otu005241,0
Otu005242,0
Otu005243,0
Otu005244,0
Otu005245,0
Otu005246,0
Otu005247,0
Otu005248,0
Otu005249,0
Otu005250,0
Otu005251,0
Otu005252,0
Otu005253,0
Otu005254,0
Otu005255,0
Otu005256,0
Otu005257,0
Otu005258,0
Otu005259,0
Otu005260,0
Otu005261,0
Otu005262,0
Otu005263,0
Otu005264,0
Otu005265,0
Otu005266,0
Otu005267,0
Otu005268,0
Otu005269,0
Otu005270,0
Otu005271,0
Otu005272,0
Otu005273,0
Otu005274,0
Otu005275,0
Otu005276,0
Otu005277,0
Otu005278,0
Otu005279,0
Otu005280,0
Otu005281,0
Otu005282,0
Otu005283,0
Otu005284,0
Otu005285,0
Otu005286,0
Otu005287,0
Otu005288,0
Otu005289,0
Otu005290,0
Otu005291,0
Otu005292,0
Otu005293,0
Otu005294,0
Otu005295,0
Otu005296,0
Otu005297,0
Otu005298,0
Otu005299,0
Otu005300,0
Otu005301,0
Otu005302,0
Otu005303,0
Otu005304,0
Otu005305,0
Otu005306,0
Otu005307,0
Otu005308,0
Otu005309,0
Otu005310,0
Otu005311,0
Otu005312,0
Otu005313,0
Otu005314,0
Otu005315,0
Otu005316,0
Otu005317,0
Otu005318,0
Otu005319,0
Otu005320,0
Otu005321,0
Otu005322,0
Otu005323,0
Otu005324,0
Otu005325,0
Otu005326,0
Otu005327,0
Otu005328,0
Otu005329,0
Otu005330,0
Otu005331,0
Otu005332,0
Otu005333,0
Otu005334,0
Otu005335,0
Otu005336,0
Otu005337,0
Otu005338,0
Otu005339,0
Otu005340,0
Otu005341,0
Otu005342,0
Otu005343,0
Otu005344,0
Otu005345,0
Otu005346,0
Otu005347,0
Otu005348,0
Otu005349,0
Otu005350,0
Otu005351,0
Otu005352,0
Otu005353,0
Otu005354,0
Otu005355,0
Otu005356,0
Otu005357,0
Otu005358,0
Otu005359,0
Otu005360,0
Otu005361,0
Otu005362,0
Otu005363,0
Otu005364,0
Otu005365,0
Otu005366,0
Otu005367,0
Otu005368,0
Otu005369,0
Otu005370,0
Otu005371,0
Otu005372,0
Otu005373,0
Otu005374,0
Otu005375,0
Otu005376,0
Otu005377,0
Otu005378,0
Otu005379,0
Otu005380,0
Otu005381,0
Otu005382,0
Otu005383,0
Otu005384,0
Otu005385,0
Otu005386,0
Otu005387,0
Otu005388,0
Otu005389,0
Otu005390,0
Otu005391,0
Otu005392,0
Otu005393,0
Otu005394,0
Otu005395,0
Otu005396,0
Otu005397,0
Otu005398,0
Otu005399,0
Otu005400,0
Otu005401,0
Otu005402,0
Otu005403,0
Otu005404,0
Otu005405,0
Otu005406,0
Otu005407,0
Otu005408,0
Otu005409,0
Otu005410,0
Otu005411,0
Otu005412,0
Otu005413,0
Otu005414,0
Otu005415,0
Otu005416,0
Otu005417,0
Otu005418,0
Otu005419,0
Otu005420,0
Otu005421,0
Otu005422,0
Otu005423,0
Otu005424,0
Otu005425,0
Otu005426,0
Otu005427,0
Otu005428,0
Otu005429,0
Otu005430,0
Otu005431,0
Otu005432,0
Otu005433,0
Otu005434,0
Otu005435,0
Otu005436,0
Otu005437,0
Otu005438,0
Otu005439,0
Otu005440,0
Otu005441,0
Otu005442,0
Otu005443,0
Otu005444,0
Otu005445,0
Otu005446,0
Otu005447,0
Otu005448,0
Otu005449,0
Otu005450,0
Otu005451,0
Otu005452,0
Otu005453,0
Otu005454,0
Otu005455,0
Otu005456,0
Otu005457,0
Otu005458,0
Otu005459,0
Otu005460,0
Otu005461,0
Otu005462,0
Otu005463,0
Otu005464,0
Otu005465,0
Otu005466,0
Otu005467,0
Otu005468,0
Otu005469,0
Otu005470,0
Otu005471,0
Otu005472,0
Otu005473,0
Otu005474,0
Otu005475,0
Otu005476,0
Otu005477,0
Otu005478,0
Otu005479,0
Otu005480,0
Otu005481,0
Otu005482,0
Otu005483,0
Otu005484,0
Otu005485,0
Otu005486,0
Otu005487,0
Otu005488,0
Otu005489,0
Otu005490,0
Otu005491,0
Otu005492,0
Otu005493,0
Otu005494,0
Otu005495,0
Otu005496,0
Otu005497,0
Otu005498,0
Otu005499,0
Otu005500,0
Otu005501,0
Otu005502,0
Otu005503,0
Otu005504,0
Otu005505,0
Otu005506,0
Otu005507,0
Otu005508,0
Otu005509,0
Otu005510,0
Otu005511,0
Otu005512,0
Otu005513,0
Otu005514,0
Otu005515,0
Otu005516,0
Otu005517,0
Otu005518,0
Otu005519,0
Otu005520,0
Otu005521,0
Otu005522,0
Otu005523,0
Otu005524,0
Otu005525,0
Otu005526,0
Otu005527,0
Otu005528,0
Otu005529,0
Otu005530,0
Otu005531,0
Otu005532,0
Otu005533,0
Otu005534,0
Otu005535,0
Otu005536,0
Otu005537,0
Otu005538,0
Otu005539,0
Otu005540,0
Otu005541,0
Otu005542,0
Otu005543,0
Otu005544,0
Otu005545,0
Otu005546,0
Otu005547,0
Otu005548,0
Otu005549,0
Otu005550,0
Otu005551,0
Otu005552,0
Otu005553,0
Otu005554,0
Otu005555,0
Otu005556,0
Otu005557,0
Otu005558,0
Otu005559,0
Otu005560,0
Otu005561,0
Otu005562,0
Otu005563,0
Otu005564,0
Otu005565,0
Otu005566,0
Otu005567,0
Otu005568,0
Otu005569,0
Otu005570,0
Otu005571,0
Otu005572,0
Otu005573,0
Otu005574,0
Otu005575,0
Otu005576,0
Otu005577,0
Otu005578,0
Otu005579,0
Otu005580,0
Otu005581,0
Otu005582,0
Otu005583,0
Otu005584,0
Otu005585,0
Otu005586,0
Otu005587,0
Otu005588,0
Otu005589,0
Otu005590,0
Otu005591,0
Otu005592,0
Otu005593,0
Otu005594,0
Otu005595,0
Otu005596,0
Otu005597,0
Otu005598,0
Otu005599,0
Otu005600,0
Otu005601,0
Otu005602,0
Otu005603,0
Otu005604,0
Otu005605,0
Otu005606,0
Otu005607,0
Otu005608,0
Otu005609,0
Otu005610,0
Otu005611,0
Otu005612,0
Otu005613,0
Otu005614,0
Otu005615,0
Otu005616,0
Otu005617,0
Otu005618,0
Otu005619,0
Otu005620,0
Otu005621,0
Otu005622,0
Otu005623,0
Otu005624,0
Otu005625,0
Otu005626,0
Otu005627,0
Otu005628,0
Otu005629,0
Otu005630,0
Otu005631,0
Otu005632,0
Otu005633,0
Otu005634,0
Otu005635,0
Otu005636,0
Otu005637,0
Otu005638,0
Otu005639,0
Otu005640,0
Otu005641,0
Otu005642,0
Otu005643,0
Otu005644,0
Otu005645,0
Otu005646,0
Otu005647,0
Otu005648,0
Otu005649,0
Otu005650,0
Otu005651,0
Otu005652,0
Otu005653,0
Otu005654,0
Otu005655,0
Otu005656,0
Otu005657,0
Otu005658,0
Otu005659,0
Otu005660,0
Otu005661,0
Otu005662,0
Otu005663,0
Otu005664,0
Otu005665,0
Otu005666,0
Otu005667,0
Otu005668,0
Otu005669,0
Otu005670,0
Otu005671,0
Otu005672,0
Otu005673,0
Otu005674,0
Otu005675,0
Otu005676,0
Otu005677,0
Otu005678,0
Otu005679,0
Otu005680,0
Otu005681,0
Otu005682,0
Otu005683,0
Otu005684,0
Otu005685,0
Otu005686,0
Otu005687,0
Otu005688,0
Otu005689,0
Otu005690,0
Otu005691,0
Otu005692,0
Otu005693,0
Otu005694,0
Otu005695,0
Otu005696,0
Otu005697,0
Otu005698,0
Otu005699,0
Otu005700,0
Otu005701,0
Otu005702,0
Otu005703,0
Otu005704,0
Otu005705,0
Otu005706,0
Otu005707,0
Otu005708,0
Otu005709,0
Otu005710,0
Otu005711,0
Otu005712,0
Otu005713,0
Otu005714,0
Otu005715,0
Otu005716,0
Otu005717,0
Otu005718,0
Otu005719,0
Otu005720,0
Otu005721,0
Otu005722,0
Otu005723,0
Otu005724,0
Otu005725,0
Otu005726,0
Otu005727,0
Otu005728,0
Otu005729,0
Otu005730,0
Otu005731,0
Otu005732,0
Otu005733,0
Otu005734,0
Otu005735,0
Otu005736,0
Otu005737,0
Otu005738,0
Otu005739,0
Otu005740,0
Otu005741,0
Otu005742,0
Otu005743,0
Otu005744,0
Otu005745,0
Otu005746,0
Otu005747,0
Otu005748,0
Otu005749,0
Otu005750,0
Otu005751,0
Otu005752,0
Otu005753,0
Otu005754,0
Otu005755,0
Otu005756,0
Otu005757,0
Otu005758,0
Otu005759,0
Otu005760,0
Otu005761,0
Otu005762,0
Otu005763,0
Otu005764,0
Otu005765,0
Otu005766,0
Otu005767,0
Otu005768,0
Otu005769,0
Otu005770,0
Otu005771,0
Otu005772,0
Otu005773,0
Otu005774,0
Otu005775,0
Otu005776,0
Otu005777,0
Otu005778,0
Otu005779,0
Otu005780,0
Otu005781,0
Otu005782,0
Otu005783,0
Otu005784,0
Otu005785,0
Otu005786,0
Otu005787,0
Otu005788,0
Otu005789,0
Otu005790,0
Otu005791,0
Otu005792,0
Otu005793,0
Otu005794,0
Otu005795,0
Otu005796,0
Otu005797,0
Otu005798,0
Otu005799,0
Otu005800,0
Otu005801,0
Otu005802,0
Otu005803,0
Otu005804,0
Otu005805,0
Otu005806,0
Otu005807,0
Otu005808,0
Otu005809,0
Otu005810,0
Otu005811,0
Otu005812,0
Otu005813,0
Otu005814,0
Otu005815,0
Otu005816,0
Otu005817,0
Otu005818,0
Otu005819,0
Otu005820,0
Otu005821,0
Otu005822,0
Otu005823,0
Otu005824,0
Otu005825,0
Otu005826,0
Otu005827,0
Otu005828,0
Otu005829,0
Otu005830,0
Otu005831,0
Otu005832,0
Otu005833,0
Otu005834,0
Otu005835,0
Otu005836,0
Otu005837,0
Otu005838,0
Otu005839,0
Otu005840,0
Otu005841,0
Otu005842,0
Otu005843,0
Otu005844,0
Otu005845,0
Otu005846,0
Otu005847,0
Otu005848,0
Otu005849,0
Otu005850,0
Otu005851,0
Otu005852,0
Otu005853,0
Otu005854,0
Otu005855,0
Otu005856,0
Otu005857,0
Otu005858,0
Otu005859,0
Otu005860,0
Otu005861,0
Otu005862,0
Otu005863,0
Otu005864,0
Otu005865,0
Otu005866,0
Otu005867,0
Otu005868,0
Otu005869,0
Otu005870,0
Otu005871,0
Otu005872,0
Otu005873,0
Otu005874,0
Otu005875,0
Otu005876,0
Otu005877,0
Otu005878,0
Otu005879,0
Otu005880,0
Otu005881,0
Otu005882,0
Otu005883,0
Otu005884,0
Otu005885,0
Otu005886,0
Otu005887,0
Otu005888,0
Otu005889,0
Otu005890,0
Otu005891,0
Otu005892,0
Otu005893,0
Otu005894,0
Otu005895,0
Otu005896,0
Otu005897,0
Otu005898,0
Otu005899,0
Otu005900,0
Otu005901,0
Otu005902,0
Otu005903,0
Otu005904,0
Otu005905,0
Otu005906,0
Otu005907,0
Otu005908,0
Otu005909,0
Otu005910,0
Otu005911,0
Otu005912,0
Otu005913,0
Otu005914,0
Otu005915,0
Otu005916,0
Otu005917,0
Otu005918,0
Otu005919,0
Otu005920,0
Otu005921,0
Otu005922,0
Otu005923,0
Otu005924,0
Otu005925,0
Otu005926,0
Otu005927,0
Otu005928,0
Otu005929,0
Otu005930,0
Otu005931,0
Otu005932,0
Otu005933,0
Otu005934,0
Otu005935,0
Otu005936,0
Otu005937,0
Otu005938,0
Otu005939,0
Otu005940,0
Otu005941,0
Otu005942,0
Otu005943,0
Otu005944,0
Otu005945,0
Otu005946,0
Otu005947,0
Otu005948,0
Otu005949,0
Otu005950,0
Otu005951,0
Otu005952,0
Otu005953,0
Otu005954,0
Otu005955,0
Otu005956,0
Otu005957,0
Otu005958,0
Otu005959,0
Otu005960,0
Otu005961,0
Otu005962,0
Otu005963,0
Otu005964,0
Otu005965,0
Otu005966,0
Otu005967,0
Otu005968,0
Otu005969,0
Otu005970,0
Otu005971,0
Otu005972,0
Otu005973,0
Otu005974,0
Otu005975,0
Otu005976,0
Otu005977,0
Otu005978,0
Otu005979,0
Otu005980,0
Otu005981,0
Otu005982,0
Otu005983,0
Otu005984,0
Otu005985,0
Otu005986,0
Otu005987,0
Otu005988,0
Otu005989,0
Otu005990,0
Otu005991,0
Otu005992,0
Otu005993,0
Otu005994,0
Otu005995,0
Otu005996,0
Otu005997,0
Otu005998,0
Otu005999,0
Otu006000,0
Otu006001,0
Otu006002,0
Otu006003,0
Otu006004,0
Otu006005,0
Otu006006,0
Otu006007,0
Otu006008,0
Otu006009,0
Otu006010,0
Otu006011,0
Otu006012,0
Otu006013,0
Otu006014,0
Otu006015,0
Otu006016,0
Otu006017,0
Otu006018,0
Otu006019,0
Otu006020,0
Otu006021,0
Otu006022,0
Otu006023,0
Otu006024,0
Otu006025,0
Otu006026,0
Otu006027,0
Otu006028,0
Otu006029,0
Otu006030,0
Otu006031,0
Otu006032,0
Otu006033,0
Otu006034,0
Otu006035,0
Otu006036,0
Otu006037,0
Otu006038,0
Otu006039,0
Otu006040,0
Otu006041,0
Otu006042,0
Otu006043,0
Otu006044,0
Otu006045,0
Otu006046,0
Otu006047,0
Otu006048,0
Otu006049,0
Otu006050,0
Otu006051,0
Otu006052,0
Otu006053,0
Otu006054,0
Otu006055,0
Otu006056,0
Otu006057,0
Otu006058,0
Otu006059,0
Otu006060,0
Otu006061,0
Otu006062,0
Otu006063,0
Otu006064,0
Otu006065,0
Otu006066,0
Otu006067,0
Otu006068,0
Otu006069,0
Otu006070,0
Otu006071,0
Otu006072,0
Otu006073,0
Otu006074,0
Otu006075,0
Otu006076,0
Otu006077,0
Otu006078,0
Otu006079,0
Otu006080,0
Otu006081,0
Otu006082,0
Otu006083,0
Otu006084,0
Otu006085,0
Otu006086,0
Otu006087,0
Otu006088,0
Otu006089,0
Otu006090,0
Otu006091,0
Otu006092,0
Otu006093,0
Otu006094,0
Otu006095,0
Otu006096,0
Otu006097,0
Otu006098,0
Otu006099,0
Otu006100,0
Otu006101,0
Otu006102,0
Otu006103,0
Otu006104,0
Otu006105,0
Otu006106,0
Otu006107,0
Otu006108,0
Otu006109,0
Otu006110,0
Otu006111,0
Otu006112,0
Otu006113,0
Otu006114,0
Otu006115,0
Otu006116,0
Otu006117,0
Otu006118,0
Otu006119,0
Otu006120,0
Otu006121,0
Otu006122,0
Otu006123,0
Otu006124,0
Otu006125,0
Otu006126,0
Otu006127,0
Otu006128,0
Otu006129,0
Otu006130,0
Otu006131,0
Otu006132,0
Otu006133,0
Otu006134,0
Otu006135,0
Otu006136,0
Otu006137,0
Otu006138,0
Otu006139,0
Otu006140,0
Otu006141,0
Otu006142,0
Otu006143,0
Otu006144,0
Otu006145,0
Otu006146,0
Otu006147,0
Otu006148,0
Otu006149,0
Otu006150,0
Otu006151,0
Otu006152,0
Otu006153,0
Otu006154,0
Otu006155,0
Otu006156,0
Otu006157,0
Otu006158,0
Otu006159,0
Otu006160,0
Otu006161,0
Otu006162,0
Otu006163,0
Otu006164,0
Otu006165,0
Otu006166,0
Otu006167,0
Otu006168,0
Otu006169,0
Otu006170,0
Otu006171,0
Otu006172,0
Otu006173,0
Otu006174,0
Otu006175,0
Otu006176,0
Otu006177,0
Otu006178,0
Otu006179,0
Otu006180,0
Otu006181,0
Otu006182,0
Otu006183,0
Otu006184,0
Otu006185,0
Otu006186,0
Otu006187,0
Otu006188,0
Otu006189,0
Otu006190,0
Otu006191,0
Otu006192,0
Otu006193,0
Otu006194,0
Otu006195,0
Otu006196,0
Otu006197,0
Otu006198,0
Otu006199,0
Otu006200,0
Otu006201,0
Otu006202,0
Otu006203,0
Otu006204,0
Otu006205,0
Otu006206,0
Otu006207,0
Otu006208,0
Otu006209,0
Otu006210,0
Otu006211,0
Otu006212,0
Otu006213,0
Otu006214,0
Otu006215,0
Otu006216,0
Otu006217,0
Otu006218,0
Otu006219,0
Otu006220,0
Otu006221,0
Otu006222,0
Otu006223,0
Otu006224,0
Otu006225,0
Otu006226,0
Otu006227,0
Otu006228,0
Otu006229,0
Otu006230,0
Otu006231,0
Otu006232,0
Otu006233,0
Otu006234,0
Otu006235,0
Otu006236,0
Otu006237,0
Otu006238,0
Otu006239,0
Otu006240,0
Otu006241,0
Otu006242,0
Otu006243,0
Otu006244,0
Otu006245,0
Otu006246,0
Otu006247,0
Otu006248,0
Otu006249,0
Otu006250,0
Otu006251,0
Otu006252,0
Otu006253,0
Otu006254,0
Otu006255,0
Otu006256,0
Otu006257,0
Otu006258,0
Otu006259,0
Otu006260,0
Otu006261,0
Otu006262,0
Otu006263,0
Otu006264,0
Otu006265,0
Otu006266,0
Otu006267,0
Otu006268,0
Otu006269,0
Otu006270,0
Otu006271,0
Otu006272,0
Otu006273,0.000462513
Otu006274,0.000462513
Otu006275,0.000462513
Otu006276,0.000462513
Otu006277,0.000462513
Otu006278,0.000462513
Otu006279,0.000462513
Otu006280,0.000646684
Otu006281,0.000646684
Otu006282,0.000646684
Otu006283,0.000646684
Otu006284,0.000646684
Otu006285,0.000646684
Otu006286,0.000646684
Otu006287,0.000646684
Otu006288,0.000646684
Otu006289,0.000646684
Otu006290,0.000646684
Otu006291,0.000646684
Otu006292,0.000646684
Otu006293,0.000646684
Otu006294,0.000646684
Otu006295,0.000646684
Otu006296,0.000646684
Otu006297,0.000646684
Otu006298,0
Otu006299,0
Otu006300,0
Otu006301,0
Otu006302,0
Otu006303,0
Otu006304,0
Otu006305,0
Otu006306,0.000697131
Otu006307,0.000697131
Otu006308,0.000697131
Otu006309,0.000697131
Otu006310,0.000697131
Otu006311,0.000697131
Otu006312,0.000697131
Otu006313,0.000697131
Otu006314,0.000697131
Otu006315,0.000697131
Otu006316,0.000697131
Otu006317,0.000697131
Otu006318,0.000697131
Otu006319,0.000697131
Otu006320,0.000697131
Otu006321,0.000697131
Otu006322,0.000697131
Otu006323,0.000697131
Otu006324,0.000697131
Otu006325,0.000697131
Otu006326,0.000402285
Otu006327,0.000402285
Otu006328,0.000402285
Otu006329,0.000402285
Otu006330,0.000402285
Otu006331,0.000402285
Otu006332,0.000402285
Otu006333,0.000402285
Otu006334,0.000402285
Otu006335,0.000402285
Otu006336,0.000402285
Otu006337,0.000402285
Otu006338,0.000402285
Otu006339,0.000402285
Otu006340,0.000402285
Otu006341,0.000402285
Otu006342,0.000402285
Otu006343,0.000402285
Otu006344,0.000402285
Otu006345,0.000402285
Otu006346,0.000137568
Otu006347,0
Otu006348,0
Otu006349,0
Otu006350,0
Otu006351,0
Otu006352,0
Otu006353,0
Otu006354,0
Otu006355,0
Otu006356,0
Otu006357,0
Otu006358,0.000960061
Otu006359,0.000960061
Otu006360,0.000960061
Otu006361,0.000960061
Otu006362,0.000960061
Otu006363,0.000960061
Otu006364,0.000960061
Otu006365,0.000960061
Otu006366,0.000960061
Otu006367,0.000910747
Otu006368,0.000910747
Otu006369,0.000910747
Otu006370,0.000910747
Otu006371,0.000910747
Otu006372,0.000910747
Otu006373,0.000910747
Otu006374,0.000910747
Otu006375,0.000910747
Otu006376,0.000910747
Otu006377,0.000910747
Otu006378,0.000910747
Otu006379,0.000910747
Otu006380,0.000910747
Otu006381,0.000910747
Otu006382,0.000910747
Otu006383,0.000910747
Otu006384,0.000910747
Otu006385,0.000910747
Otu006386,0.000910747
Otu006387,0.000910747
Otu006388,0.000910747
Otu006389,0.000910747
Otu006390,0.000910747
Otu006391,0.000910747
Otu006392,0.000910747
Otu006393,0.000910747
Otu006394,0.000910747
Otu006395,0.000910747
Otu006396,0.000910747
Otu006397,0.000910747
Otu006398,0.000910747
Otu006399,0.000910747
Otu006400,0.001434926
Otu006401,0.001434926
Otu006402,0.001434926
Otu006403,0.001434926
Otu006404,0.001434926
Otu006405,0.001434926
Otu006406,0.001434926
Otu006407,0.001434926
Otu006408,0.001434926
Otu006409,0.001434926
Otu006410,0.001434926
Otu006411,0.001434926
Otu006412,0.001434926
Otu006413,0.001434926
Otu006414,0.001434926
Otu006415,0.001434926
Otu006416,0.001434926
Otu006417,0.001434926
Otu006418,0.001434926
Otu006419,0.001434926
Otu006420,0.001434926
Otu006421,0.001434926
Otu006422,0.001434926
Otu006423,0.001434926
Otu006424,0.001434926
Otu006425,0.001434926
Otu006426,0.001434926
Otu006427,0.001434926
Otu006428,0.001434926
Otu006429,0.000877193
Otu006430,0.000877193
Otu006431,0.000877193
Otu006432,0.000877193
Otu006433,0.000877193
Otu006434,0.000877193
Otu006435,0.000877193
Otu006436,0.000877193
Otu006437,0.000877193
Otu006438,0.000877193
Otu006439,0.000877193
Otu006440,0.000476497
Otu006441,0.000476497
Otu006442,0.000476497
Otu006443,0.000422878
Otu006444,0.000422878
Otu006445,0.000422878
Otu006446,0.000422878
Otu006447,0.000422878
Otu006448,0.000422878
Otu006449,0.000422878
Otu006450,0.000422878
Otu006451,0
Otu006452,0
Otu006453,0
Otu006454,0
Otu006455,0
Otu006456,0
Otu006457,0
Otu006458,0
Otu006459,0
Otu006460,0
Otu006461,0
Otu006462,0
Otu006463,0
Otu006464,0
Otu006465,0
Otu006466,0
Otu006467,0
Otu006468,0
Otu006469,0
Otu006470,0
Otu006471,0
Otu006472,0
Otu006473,0
Otu006474,0
Otu006475,0
Otu006476,0
Otu006477,0
Otu006478,0
Otu006479,0
Otu006480,0
Otu006481,0
Otu006482,0
Otu006483,0
Otu006484,0
Otu006485,0
Otu006486,0
Otu006487,0
Otu006488,0
Otu006489,0
Otu006490,0
Otu006491,0
Otu006492,0
Otu006493,0
Otu006494,0
Otu006495,0
Otu006496,0
Otu006497,0
Otu006498,0
Otu006499,0
Otu006500,0
Otu006501,0
Otu006502,0
Otu006503,0
Otu006504,0
Otu006505,0
Otu006506,0
Otu006507,0
Otu006508,0
Otu006509,0
Otu006510,0
Otu006511,0
Otu006512,0
Otu006513,0
Otu006514,0
Otu006515,0
Otu006516,0
Otu006517,0
Otu006518,0
Otu006519,0
Otu006520,0
Otu006521,0
Otu006522,0
Otu006523,0
Otu006524,0
Otu006525,0
Otu006526,0
Otu006527,0
Otu006528,0
Otu006529,0
Otu006530,0
Otu006531,0
Otu006532,0
Otu006533,0
Otu006534,0
Otu006535,0
Otu006536,0
Otu006537,0
Otu006538,0
Otu006539,0
Otu006540,0
Otu006541,0
Otu006542,0
Otu006543,0
Otu006544,0.000637775
Otu006545,0.000637775
Otu006546,0.000637775
Otu006547,0.000637775
Otu006548,0.000637775
Otu006549,0.000637775
Otu006550,0.000637775
Otu006551,0.000637775
Otu006552,0.000637775
Otu006553,0.000637775
Otu006554,0.000637775
Otu006555,0.000637775
Otu006556,0.000637775
Otu006557,0.000637775
Otu006558,0.000637775
Otu006559,0.000675311
Otu006560,0.000675311
Otu006561,0.000675311
Otu006562,0.000675311
Otu006563,0.000675311
Otu006564,0.000675311
Otu006565,0.000675311
Otu006566,0.000675311
Otu006567,0.000675311
Otu006568,0.000675311
Otu006569,0.000675311
Otu006570,0.000675311
Otu006571,0.000675311
Otu006572,0.000675311
Otu006573,0.000675311
Otu006574,0.000675311
Otu006575,0.000675311
Otu006576,0.000675311
Otu006577,0.000675311
Otu006578,0.000675311
Otu006579,0.000675311
Otu006580,0.000675311
Otu006581,0.000675311
Otu006582,0.000502993
Otu006583,0.000502993
Otu006584,0.000502993
Otu006585,0.000502993
Otu006586,0.000502993
Otu006587,0.000502993
Otu006588,0.000502993
Otu006589,0.000502993
Otu006590,0.000502993
Otu006591,0.000502993
Otu006592,0.000502993
Otu006593,0.000502993
Otu006594,0.000502993
Otu006595,0.000502993
Otu006596,0.000502993
Otu006597,0.000502993
Otu006598,0.000502993
Otu006599,0.000502993
Otu006600,0.000502993
Otu006601,0
Otu006602,0
Otu006603,0
Otu006604,0
Otu006605,0.0001583