Group,S20_1_4,S20_1_5,S20_1_6,S20_2_4,S20_2_5,S20_2_6,S20_3_4,S20_3_5,S20_3_6,S20_4_4,S20_4_5,S20_4_6
ASV000001,0.017123287671232876,1.9678860316310516,0.0079346187415694682,6.414522916556618,2.6948288419519302,2.9704905217901114,12.916336494465888,12.430634308611173,15.606958738004673,14.945266259140666,11.767503363800863,12.320011863275747
ASV000002,2.7226027397260273,1.0744899191114332,2.0788701102912004,37.518708291514798,31.318281136198106,18.760992769200705,67.840801615500624,60.934452256747562,57.956015523932727,76.848642021046686,76.367559040504801,76.019870986876242
ASV000003,2.6198630136986303,0.084510443076180122,1.4837737046734905,6.9709295159614744,8.8128186453022579,1.2116474496775453,10.454742976917768,9.4140772661979284,7.3989689328261665,4.0073389963569648,3.8544518164524657,5.7996589308222735
ASV000004,0.0,0.61571894241216951,0.0,8.6894511647562211,17.407137654770573,5.9605237443814731,7.2595281306715069,14.855976411884781,18.725261145758914,1.5418949076891864,4.7870366074328405,3.8095944242603994
ASV000005,6.0787671232876717,0.37426053362308342,0.84106958660636355,0.31694046801542441,2.9861616897305172,1.2507328512800469,0.040898750031952147,0.084675285401073566,0.0,0.13760618169308528,0.040597596622279963,0.017794913620523468
ASV000006,4.6232876712328768,16.141494627550404,22.907244306911053,0.69374746887820682,7.2833211944646763,6.1364080515927304,0.55213312543135395,0.20866409616693127,0.0,0.45074845413568326,0.51384958010485782,0.95944242603989027
ASV000007,4.1438356164383565,0.0,0.095215424898833612,0.16903491627489303,0.21849963583394028,9.2827828805940982,0.0,0.010584410675134196,0.0,0.0,0.095114369229341633,0.031141098835916065
ASV000008,0.0,0.0,0.0,0.0,0.0,0.0,0.0,0.0,0.0,0.0,0.0,0.0
ASV000009,0.0,0.0,0.0,0.0,0.0,0.0,0.0,0.0,0.0,0.0,0.099754094557602188,0.0
ASV000010,0.0,0.70022938548834956,0.12695389986511149,0.16903491627489303,1.6023306627822289,1.2507328512800469,0.0,0.0,0.0,0.069685181754831654,0.0,0.0044487284051308671
ASV000011,0.0,0.024145840878908607,0.0,25.855299068547183,0.072833211944646759,0.0,0.0025561718769970092,0.0030241173357526273,0.0,0.0,0.0,0.0
ASV000012,0.0,0.0,0.0,0.0,0.0,0.0,0.0,0.0,0.0,0.00088209090828900822,0.0,0.0
ASV000013,6.0273972602739727,2.6318966558010382,6.6254066492105048,0.059866532847357948,0.8739985433357611,0.019542700801250732,0.048567265662943171,0.0,0.0,0.18259281801582472,0.11831299587064445,0.0029658189367539113
ASV000014,0.20547945205479451,3.1993239164553904,2.1661509164484647,0.0,4.1514930808448653,2.8336916161813561,0.0,0.037801466696907843,0.0,0.0017641818165780164,0.11019347654618845,0.0
ASV000015,2.9623287671232879,0.024145840878908607,1.7218122669205744,0.12501540682830631,5.2439912600145666,4.4948211842876686,0.0,0.0,0.0,0.0,0.10439381988586276,0.0
ASV000016,14.589041095890412,5.6501267656646137,3.3880822026501627,0.044019509446586724,3.3503277494537507,0.89896423685753379,0.18148820326678766,0.093747637408331447,0.0,0.0,0.0,0.16015422258471121
ASV000017,2.4143835616438358,2.6801883375588553,0.023803856224708403,0.0,0.0,0.0,0.0,0.50956377107431772,0.017377536637639742,0.0026462727248670248,0.0,0.03707273670942389
ASV000018,0.0,0.0,0.0,0.0,0.0,0.0,0.0,0.0,0.0,0.0,0.0,0.0
ASV000019,0.0,0.0,0.34912322462905654,0.13381930871762365,0.14566642388929352,0.50811022083251911,0.0,0.013608528010886821,0.0,0.00088209090828900822,0.0,0.013346185215392601
ASV000020,0.0,0.0,0.0,0.0,0.0,0.0,0.0,0.0,0.030893398466915103,0.0,0.0,0.0
ASV000021,1.404109589041096,0.036218761318362915,0.0,0.061627313225221414,0.0,7.3480555012702755,0.0,0.0,0.0,0.15701218167544348,0.071915742588038789,0.0
ASV000022,0.0,0.0,0.0,0.0,0.21849963583394028,0.0,0.0,0.0,0.0,0.0,0.0,0.04597019351968562
ASV000023,0.0,0.0,0.0,0.0,0.0,0.0,0.0,0.0,0.0,0.0,0.0,0.0
ASV000024,2.4486301369863015,0.0,18.805046417519637,0.036976387935132853,0.0,0.0,0.0,0.0,0.0,0.0,0.14615134784020786,0.0014829094683769556
ASV000025,0.95890410958904115,0.0,8.2599381099738167,0.15847023400771221,0.0,0.0,0.0,0.037801466696907843,0.0,0.0,0.0,0.0
ASV000026,0.0,0.0,0.0,7.5273361153663298,0.0,0.0,0.0,0.0,0.0,0.0,0.0,0.0
ASV000027,0.0,0.0,0.0,0.0,0.0,0.0,0.0,0.0,0.0,0.0,0.0,0.0
ASV000028,6.1815068493150687,0.78473982856452973,1.1108466238197254,0.089799799271036915,2.1121631463947561,2.8532343169826073,0.040898750031952147,0.12096469343010507,0.023170048850186326,0.16406890894175555,0.0,0.028175279899162159
ASV000029,0.0,0.048291681757817215,0.0,0.0,0.0,0.0,0.0,0.0,0.0,0.0,0.0,0.0
ASV000030,0.0,46.335868646625613,0.0,0.0,0.0,0.0,0.0,0.0,0.0,0.0,0.0023198626641302835,0.0
ASV000031,0.0,0.0,0.0,0.0,0.0,0.0,0.0,0.0,0.0,0.0,0.0,0.0
ASV000032,0.0,0.0,0.0,0.0,0.0,0.0,0.0,0.0,0.0,0.0,0.0,0.0
ASV000033,6.3356164383561646,0.0,0.0,0.20248974345429896,0.0,4.5143638850889189,0.0,0.0,0.0,0.0,0.0,0.0
ASV000034,0.0,0.0,0.0,0.0,0.0,0.0,0.0,0.0,0.0,0.0,0.0,0.0
ASV000035,0.0,0.0,0.0,1.287130456218196,0.072833211944646759,0.0,0.0,0.0,0.0,0.0,0.0,0.0
ASV000036,0.0,0.0,0.0,0.0,0.0,0.0,0.0,0.0,0.0,0.0,0.0,0.0
ASV000037,0.0,1.2676566461427019,0.0,0.0,0.0,0.0,0.0,0.0,0.0,0.17641818165780165,0.0,0.0
ASV000038,0.2226027397260274,0.98997947603525294,1.2139966674601286,0.0,0.072833211944646759,0.0,0.0,0.0,0.0,0.0,0.034797939961954252,0.075628382887224732
ASV000039,0.17123287671232876,0.37426053362308342,1.221931286201698,0.10388604229394467,0.0,0.0,0.0,0.058970288047176231,0.0,0.022052272707225207,0.0,0.016312004152146512
ASV000040,6.3869863013698627,0.0,2.3169086725382848,0.0,0.14566642388929352,0.0,0.0,0.0,0.0,0.0,0.020878763977172553,0.053384740861570405
ASV000041,0.0,0.0,0.0,0.0,0.0,0.0,0.0,0.0,0.0,0.0,0.0,0.0
ASV000042,0.0,0.0,0.0,0.0,0.0,0.0,0.0,0.0,0.0,0.0,0.0,0.0
ASV000043,0.0,0.0,0.0,0.0,0.072833211944646759,0.0,0.0,0.0,0.0,0.0,0.0,0.0
ASV000044,0.0,0.0,0.0,0.0,0.0,0.0,0.0,0.0,0.0,0.0,0.0,0.0
ASV000045,1.8321917808219179,0.95376071471689006,0.047607712449416806,0.0,0.0,0.66445182724252494,0.010224687507988037,0.10735616541921826,0.0,0.02028809089064719,0.0,0.0
ASV000046,0.0,0.0,0.0,0.0,0.0,0.0,0.0,0.0,0.0,0.0,0.0,0.0
ASV000047,0.0,0.096583363515634429,0.57129254939300167,0.0,1.3838310269482883,0.87942153605628293,0.0051123437539940184,0.0,0.0,0.0,0.026678420637498257,0.0
ASV000048,0.0,0.4225522153809006,1.3488851860668096,0.0,0.0,0.0,0.0,0.0,0.0019308374041821939,0.0,0.098594163225537046,0.0
ASV000049,1.7294520547945205,1.3159483279005191,0.42846941204475125,0.0,0.36416605972323379,0.0,0.0,0.0,0.0,0.0,0.0,0.0
ASV000050,0.0,0.048291681757817215,0.38086169959533445,0.026411705667952035,0.0,1.680672268907563,0.18404437514378466,0.042337642700536783,0.0,0.029108999973537275,0.010439381988586276,0.059316378735078217
ASV000051,0.0,0.0,0.0,0.0,0.0,0.0,0.0,0.0,0.0,0.0,0.0,0.0
ASV000052,0.0,0.0,0.0,0.0,0.072833211944646759,0.66445182724252494,0.0,0.0,0.0,0.0,0.0,0.0
ASV000053,0.0,0.48291681757817218,0.0,0.0070431215114538761,0.0,0.0,0.0,0.0,0.0,0.0,0.086994849904885638,0.022243642025654334
ASV000054,0.0,0.0,0.0,0.0,0.0,0.0,0.0,0.0,0.0,0.0,0.0,0.0
ASV000055,0.0,0.0,0.0,0.0,0.0,0.0,0.0,0.09828381341196038,0.0,0.0,0.0,0.0
ASV000056,0.0,0.0,0.0,0.0,0.0,0.0,0.0,0.0,0.0,0.0,0.0,0.0
ASV000057,0.0,0.0,0.0,0.0,0.0,0.0,0.0,0.0,0.0,0.0,0.0,0.0
ASV000058,2.5342465753424657,0.0,0.0,0.0,0.0,0.0,0.0,0.0,0.0,0.0,0.0,0.0
ASV000059,1.1643835616438356,0.0,0.19043084979766722,0.0,0.0,0.0,0.0,0.12096469343010507,0.0,0.0,0.083515055908690211,0.0
ASV000060,0.0,0.22938548834963179,0.0,0.0,0.0,0.0,0.0,0.0,0.0,0.0,0.0,0.0
ASV000061,0.0,0.3138959314258119,0.0,0.0,0.072833211944646759,0.0,0.0,0.0,0.0,0.0,0.0,0.0
ASV000062,0.0,0.0,0.0,0.0,0.0,0.0,0.0,0.0,0.0,0.0,0.0,0.0
ASV000063,0.0,0.0,0.0,0.0,0.72833211944646759,0.0,0.0,0.17993498147728132,0.067579309146376776,0.0,0.0,0.04745310298806258
ASV000064,0.0,0.18109380659181454,0.0,0.021129364534361629,0.0,0.0,0.0,0.0,0.0,0.0,0.13919175984781701,0.0
ASV000065,0.0,0.0,0.0,0.0,0.0,0.0,0.0,0.0,0.0,0.0,0.0,0.0
ASV000066,0.0,0.0,0.0,0.0,0.072833211944646759,0.0,0.0,0.0,0.0,0.0,0.0,0.0
ASV000067,0.0,0.0,0.0,0.0,0.0,0.0,0.0,0.0,0.0,0.0,0.0,0.0
ASV000068,0.0,0.0,0.0,0.0,0.0,0.0,0.0,0.0,0.0,0.0,0.0,0.0
ASV000069,0.0,0.0,0.30945013092120927,0.0,0.14566642388929352,0.0,0.0,0.0,0.0,0.0,0.0,0.016312004152146512
ASV000070,0.0,0.0,0.0,0.0,0.0,12.722298221614228,0.0,0.0,0.0,0.0,0.0,0.0
ASV000071,0.0,0.0,0.0,0.0,0.0,0.0,0.0,0.0,0.0,0.0,0.0,0.0
ASV000072,0.0,0.0,0.99976196143775287,0.0,0.0,0.0,0.0,0.0,0.0,0.0,0.11251333921031875,0.0
ASV000073,0.0,0.0,0.0,0.0,0.0,0.0,0.0,0.0,0.0,0.0,0.0,0.0
ASV000074,0.0,0.0,0.0,0.0,0.0,0.0,0.0,0.0,0.0,0.0,0.0,0.0
ASV000075,0.0,0.0,0.0,0.0,0.0,0.0,0.0,0.0,0.0,0.0,0.0,0.0
ASV000076,0.0,0.0,0.0,0.026411705667952035,0.0,0.0,0.0,0.0,0.0,0.0,0.0,0.0
ASV000077,0.0,0.012072920439454304,0.0,1.1603542690120261,0.14566642388929352,0.0,0.0,0.0,0.0,0.0,0.0,0.0
ASV000078,0.0,0.072437522636725829,0.18249623105609777,0.0,0.0,1.5047879616963065,0.0,0.0,0.0,0.0,0.0,0.0
ASV000079,0.0,0.0,0.0,0.0,0.0,0.0,0.0,0.0,0.0,0.0,0.0,0.0
ASV000080,0.0,0.0,0.0,0.0,0.0,0.0,0.0,0.028729114689649959,0.0,0.0,0.0,0.0
ASV000081,0.0,0.0,0.0,0.0,0.0,0.0,0.0,0.0,0.0,0.0,0.0,0.0
ASV000082,0.0,0.0,0.0,0.0,0.0,0.0,0.0,0.0,0.0,0.0,0.0,0.0
ASV000083,0.0,0.0,0.0,0.0,0.0,0.0,0.0,0.0,0.0,0.0,0.0,0.0
ASV000084,0.0,0.012072920439454304,1.4917083234150599,0.0,0.0,0.0,0.0,0.063506464050805178,0.0,0.0,0.0,0.019277823088900425
ASV000085,0.0,0.10865628395508872,0.3967309370784734,0.0,0.0,0.0,0.0,0.0,0.0,0.0,0.0,0.0
ASV000086,0.0,0.0,1.2774736173926844,0.058105752469494475,0.0,0.0,0.020449375015976073,0.0,0.0,0.0,0.0,0.0
ASV000087,0.0,0.0,0.0,0.0,1.0924981791697013,0.0,0.0,0.0,0.0,0.0,0.0,0.0
ASV000088,0.0,0.0,0.0,0.0,0.0,0.0,0.0,0.0,0.0,0.0,0.0,0.0
ASV000089,0.0,0.0,0.0,0.0,0.0,1.4266171584913037,0.0,0.0,0.0,0.0,0.0,0.0
ASV000090,0.0,0.0,0.0,0.0,0.0,0.0,0.0,0.0,0.0,0.061746363580230584,0.0,0.0
ASV000091,0.0,0.0,0.0,0.0,0.0,0.0,0.0,0.0,0.0,0.0,0.0,0.0
ASV000092,2.3972602739726026,0.0,0.0,0.0,0.0,0.0,0.0,0.0,0.0,0.0,0.0,0.0
ASV000093,0.0,0.0,0.0,0.0,0.0,0.0,0.0,0.0,0.0,0.0,0.0,0.0
ASV000094,0.0,0.0,0.0,0.079235117003856104,0.0,0.0,0.0,0.0,0.0,0.0,0.0,0.0
ASV000095,0.0,0.0,0.0,0.0,0.0,0.0,0.0,0.0,0.0,0.0,0.0,0.0
ASV000096,0.0,0.0,0.0,0.81171975419505915,0.0,0.0,0.0,0.0,0.0,0.0,0.0,0.0
ASV000097,0.0,0.0,0.0,0.0,0.0,0.0,0.0,0.0,0.0,0.0,0.0,0.0
ASV000098,4.0410958904109586,0.0,0.0,0.0,0.0,0.0,0.0,0.0,0.0,0.0,0.0,0.025209460962408246
ASV000099,0.0,0.0,0.0,0.0,0.0,0.0,0.0,0.0,0.0,0.0,0.0,0.0
ASV000100,0.0,0.0,0.0,0.0,0.0,0.0,0.0,0.0,0.0,0.0,0.0,0.0
ASV000101,0.0,0.0,0.0,0.0,0.0,0.0,0.0,0.0,0.0,0.0,0.0,0.0
ASV000102,0.0,0.0,0.0,0.0,0.0,0.0,0.0,0.0,0.0,0.0,0.0,0.0
ASV000103,0.0,0.0,0.0,0.0,0.0,0.0,0.0,0.0,0.0,0.0,0.0,0.0
ASV000104,0.0,0.0,0.0,0.001760780377863469,0.0,0.0,0.30674062523964107,0.036289408029031522,0.10040354501747407,0.025580636340381237,0.031318145965758826,0.068213835545339954
ASV000105,0.0,0.0,0.0,0.0,0.0,0.0,0.0,0.0,0.0,0.0,0.0,0.0
ASV000106,0.0,0.0,0.0,0.0,0.0,0.0,0.0,0.0,0.0,0.0,0.0,0.0
ASV000107,0.0,0.0,0.78552725541537727,0.0,0.0,0.0,0.0,0.0,0.0019308374041821939,0.0,0.0,0.043004374582931708
ASV000108,0.0,0.0,0.0,0.0,0.0,0.0,0.0,0.0,0.0,0.0,0.0,0.0
ASV000109,0.49657534246575347,0.0,0.0,0.0,0.0,0.0,0.0,0.0,0.0,0.0,0.0,0.0
ASV000110,0.0,0.0,0.0,0.0,0.0,0.0,0.0,0.0,0.0,0.0,0.0,0.0
ASV000111,0.0,0.0,0.0,0.0,0.0,0.0,0.0,0.0,0.0,0.0,0.0,0.0
ASV000112,0.0,0.0,0.0,0.0,0.0,0.0,0.0,0.0,0.0,0.0,0.0,0.0
ASV000113,0.0,0.0,0.0,0.0,0.0,0.0,0.0025561718769970092,0.0015120586678763137,0.0057925122125465816,0.0,0.0011599313320651418,0.0014829094683769556
ASV000114,0.0,0.048291681757817215,0.0,0.0,0.0,0.0,0.0,0.0,0.0,0.0,0.0,0.0
ASV000115,0.0,0.0,0.0,0.0,0.0,0.0,0.0,0.0,0.0,0.0,0.0,0.0
ASV000116,0.0,0.0,0.0,0.0,0.0,0.0,0.0,0.0,0.0,0.0,0.0,0.0
ASV000117,0.0,0.0,0.0,0.0,0.0,0.0,0.0,0.0,0.0,0.0,0.0,0.0
ASV000118,0.0,0.0,0.0,0.035215607557269386,0.0,0.0,0.0,0.0,0.0,0.0,0.0,0.0
ASV000119,0.0,0.0,0.0,0.0,0.0,0.0,0.0,0.0,0.0,0.0,0.0,0.0
ASV000120,0.0,0.0,0.0,0.0,0.0,0.0,0.0,0.0,0.0,0.0,0.0,0.0
ASV000121,0.0,0.0,0.0,0.0,0.0,0.0,0.0,0.0,0.0,0.0,0.0,0.0
ASV000122,0.0,0.0,0.0,0.0,0.0,0.0,0.0,0.0,0.0,0.0,0.0,0.0
ASV000123,0.0,0.0,0.0,0.0,0.0,0.0,0.0,0.0,0.0,0.0,0.0,0.0
ASV000124,0.017123287671232876,0.012072920439454304,0.24597318098865351,0.0,0.29133284777858703,0.0,0.0076685156309910275,0.0,0.0,0.0,0.0,0.0
ASV000125,0.0,0.0,0.0,0.0,0.0,0.0,0.0,0.0,0.0,0.0,0.0,0.0
ASV000126,0.0,0.0,0.0,0.0,0.0,0.0,0.0,0.0,0.0,0.0,0.0,0.0
ASV000127,0.0,0.0,0.0,0.0,0.0,0.0,0.0,0.0,0.0,0.0,0.0,0.0
ASV000128,0.0,0.060364602197271522,0.0,0.0,0.0,0.0,0.0,0.0,0.0,0.0,0.0,0.0
ASV000129,0.0,0.0,0.0,0.0,0.0,0.0,0.0,0.0,0.0,0.0,0.0,0.0
ASV000130,0.0,0.0,0.0,0.0,0.0,0.0,0.0,0.0,0.0,0.0,0.0,0.0
ASV000131,0.0,0.0,0.0,0.0,0.0,0.0,0.0,0.0,0.0,0.16054054530859951,0.0,0.0
ASV000132,0.0,0.0,0.0,0.0,0.0,0.0,0.0,0.0,0.0,0.0,0.0,0.0
ASV000133,3.6130136986301369,0.0,0.0,0.0,0.0,0.0,0.0,0.0,0.0,0.0,0.0,0.0
ASV000134,0.0,0.0,0.0,0.0,0.0,0.0,0.0,0.0,0.0,0.0,0.0,0.0
ASV000135,0.0,0.0,0.0,0.0,0.0,0.60582372483877267,0.0,0.0,0.0,0.0,0.0,0.0
ASV000136,0.0,0.0,0.0,0.0,0.0,0.0,0.0,0.0,0.0,0.0,0.0,0.0
ASV000137,0.0,0.54328141977544375,0.0,0.0,0.0,0.0,0.0,0.0,0.0,0.0,0.0,0.0
ASV000138,0.0,0.0,0.0,0.0,0.0,0.0,0.0,0.0,0.0,0.0,0.0,0.0
ASV000139,0.0,0.0,0.0,0.0,0.0,0.0,0.0,0.0,0.0,0.0,0.0,0.0
ASV000140,0.0,0.53120849933598935,0.5792271681345712,0.0,0.0,0.0,0.0,0.0,0.0,0.0,0.0,0.0
ASV000141,0.0,0.0,0.0,0.0,0.0,0.0,0.0,0.0,0.0,0.0,0.0,0.0
ASV000142,0.0,0.0,0.0,0.0,0.0,0.0,0.0,0.0,0.0,0.0,0.0,0.0
ASV000143,0.0,0.0,0.0,0.0,0.0,0.0,0.0,0.0,0.0,0.099676272636657931,0.0,0.0
ASV000144,0.0,0.0,0.0,0.0,0.0,0.0,0.0,0.0,0.0,0.0,0.0,0.0
ASV000145,0.0,0.0,0.0,0.0,0.0,0.0,0.0,0.0,0.0,0.0,0.0,0.0
ASV000146,0.0,0.0,0.0,0.0,0.0,0.0,0.0,0.0,0.0,0.0,0.0,0.0
ASV000147,0.0,0.0,0.0,0.0,0.0,0.0,0.0,0.0,0.0,0.00088209090828900822,0.0,0.0
ASV000148,0.0,0.0,0.0,0.0,0.0,0.0,0.0,0.0,0.0,0.0,0.0,0.0
ASV000149,0.0,0.0,0.0,0.0,0.50983248361252731,0.0,0.0,0.0,0.0,0.0,0.0,0.0
ASV000150,0.0,0.0,0.0,0.0,0.0,0.0,0.0,0.0,0.0,0.0,0.0,0.0
ASV000151,0.0,0.0,0.0,0.0,0.0,0.0,0.0,0.0,0.0,0.0,0.0,0.0
ASV000152,0.0,0.0,0.0,0.0,0.0,0.0,0.0,0.0,0.0,0.0,0.0,0.0
ASV000153,0.0,0.0,0.0,0.0,0.0,0.0,0.0,0.0,0.0,0.0,0.0,0.0
ASV000154,0.0,0.8813231920801643,0.0,0.0,0.0,0.0,0.0,0.0,0.0,0.0,0.0,0.0
ASV000155,0.0,0.0,0.0,0.0,0.0,0.0,0.0,0.0,0.0,0.0,0.0,0.0
ASV000156,0.0,0.0,0.0,0.0,0.0,0.0,0.0,0.0,0.0,0.0,0.0,0.0
ASV000157,0.0,0.012072920439454304,0.0,0.0,0.0,0.0,0.0,0.0,0.0,0.0,0.0,0.0
ASV000158,0.0,0.036218761318362915,0.93628501150519716,0.0,0.0,0.0,0.0,0.0,0.0,0.0,0.0,0.0
ASV000159,0.0,0.0,0.0,0.0,0.0,0.0,0.0,0.0,0.0,0.0,0.0,0.0
ASV000160,0.0,0.82095858988289261,0.0,0.0,0.072833211944646759,0.0,0.0,0.0,0.0,0.0,0.0,0.0
ASV000161,0.0,0.0,0.0,0.0,0.0,0.0,0.0,0.0,0.0,0.0,0.0,0.0
ASV000162,0.0,0.0,0.0,0.0,0.0,0.0,0.0,0.0,0.0,0.0,0.0,0.0
ASV000163,0.0,0.0,0.0,0.0,0.0,0.0,0.0,0.0,0.0,0.0,0.0,0.0
ASV000164,0.0,0.0,0.0,0.0,0.0,0.0,0.0,0.0,0.0,0.10144045445323595,0.0,0.0
ASV000165,0.0,0.0,0.0,0.0,0.0,0.0,0.0,0.0,0.0,0.0,0.0,0.0
ASV000166,0.0,0.0,0.0,0.30461500537038017,0.0,0.0,0.0,0.0,0.0,0.0,0.0,0.0
ASV000167,0.0,0.0,0.0,0.0,0.0,0.0,0.0,0.0,0.0,0.0,0.0,0.0
ASV000168,0.0,0.0,0.0,0.0,0.0,0.0,0.0,0.0,0.0,0.0,0.0,0.0
ASV000169,0.0,0.0,0.0079346187415694682,0.0,0.0,0.0,0.0,0.0,0.0,0.0,0.0,0.0
ASV000170,0.0,0.0,0.0,0.0,0.0,0.0,0.0,0.0,0.0,0.0,0.0,0.0
ASV000171,0.0,0.0,0.0,0.0,0.0,0.0,0.0,0.0,0.0,0.0,0.046397253282605674,0.0
ASV000172,0.0,0.0,1.3012774736173927,0.0,0.0,0.0,0.0,0.0,0.0,0.0,0.0,0.0
ASV000173,0.0,0.0,0.0,0.0,0.0,0.0,0.0,0.0,0.0,0.0,0.0,0.0
ASV000174,0.0,0.0,0.0,0.0,0.0,0.0,0.0,0.0,0.0,0.0,0.0,0.0
ASV000175,0.0,0.0,0.0,0.0,0.58266569555717407,0.0,0.0,0.0,0.0,0.0,0.0,0.0
ASV000176,0.0,0.0,0.0,0.0,0.0,0.0,0.0,0.0,0.0,0.0,0.0,0.0
ASV000177,1.6952054794520548,0.0,0.0,0.0,0.0,0.0,0.0,0.0,0.0,0.0,0.0,0.0
ASV000178,0.0,0.0,0.0,0.0,0.0,0.0,0.0,0.0,0.0,0.0,0.0,0.0
ASV000179,0.0,0.0,0.0,0.0,0.0,0.0,0.0,0.0,0.0,0.0,0.0,0.0
ASV000180,0.0,0.0,1.3330159485836706,0.0,0.0,0.0,0.0,0.0,0.0,0.0,0.0,0.0
ASV000181,0.0,0.0,0.0,0.0,0.0,0.0,0.0,0.0,0.0,0.0,0.0,0.0
ASV000182,0.0,0.0,0.0,0.0,0.0,0.0,0.0,0.0,0.0,0.0,0.0,0.0
ASV000183,0.0,0.0,0.0,0.0,0.0,0.0,0.0,0.0,0.0,0.0,0.0,0.0
ASV000184,0.0,0.0,0.0,0.0,0.0,2.9704905217901114,0.0,0.0,0.0,0.0,0.0,0.0
ASV000185,0.0,0.0,0.0,0.0,0.0,0.0,0.0,0.0,0.0,0.0,0.0,0.0
ASV000186,0.0,0.0,0.0,0.0,0.0,0.0,0.0,0.0,0.0,0.0,0.0,0.0
ASV000187,0.0,0.0,0.0,0.0,0.0,0.0,0.0,0.0,0.0,0.0,0.0,0.0
ASV000188,0.0,0.0,0.0,0.0,0.0,0.0,0.0,0.0,0.0,0.0,0.0,0.0
ASV000189,0.0,0.0,0.0,0.0,0.0,0.0,0.0,0.0,0.0,0.0,0.0,0.0
ASV000190,0.0,0.0,0.0,0.0,0.0,0.0,0.0,0.0,0.0,0.0,0.17398969980977128,0.0
ASV000191,2.6369863013698631,0.0,0.0,0.0,0.0,0.0,0.0,0.0,0.0,0.0,0.0,0.0
ASV000192,0.0,0.0,0.0,0.0,0.0,0.0,0.0,0.0,0.0,0.0,0.0,0.0
ASV000193,0.0,0.0,0.0,0.0,0.0,0.0,0.0,0.0,0.0,0.0,0.0,0.0
ASV000194,0.0,0.73644814680671256,0.031738474966277873,0.0,0.0,0.0,0.0,0.0,0.0,0.0,0.0,0.0
ASV000195,0.0,0.0,1.174323573752281,0.0,0.0,0.0,0.0,0.0,0.0,0.0,0.0,0.0
ASV000196,0.0,0.0,0.0,0.0,0.0,0.0,0.0,0.0,0.0,0.12966736351848421,0.0,0.0
ASV000197,0.0,0.0,0.0,0.0,0.0,0.0,0.0,0.0,0.0,0.0,0.0,0.0
ASV000198,0.0,0.0,0.0,0.0,0.0,0.0,0.0,0.0,0.0,0.0,0.0,0.0
ASV000199,0.0,0.0,0.0,0.0,0.0,0.0,0.0,0.0,0.0,0.0,0.0,0.0
ASV000200,0.0,0.0,0.0,0.0,0.0,0.0,0.0,0.0,0.0,0.0,0.0,0.0
ASV000201,0.0,0.0,0.0,0.0,0.0,0.0,0.0,0.0,0.0,0.0,0.0,0.0
ASV000202,0.0,0.0,0.0,0.0,0.0,0.0,0.0,0.0,0.0,0.0,0.0,0.0
ASV000203,0.0,0.0,0.0,0.0,0.0,0.0,0.0,0.0,0.0,0.0,0.0,0.0
ASV000204,0.0,0.0,0.0,0.0,0.0,0.0,0.0,0.0,0.0,0.0,0.0,0.0
ASV000205,0.0,0.43462513582035489,0.0,0.0,0.0,0.0,0.0,0.0,0.0,0.0,0.0,0.0
ASV000206,0.0,0.0,0.0,0.0,0.0,0.0,0.0,0.0,0.0,0.0,0.0,0.0
ASV000207,0.0,0.71230230592780386,0.0,0.142623210606941,0.0,0.0,0.0,0.0,0.0,0.0,0.0,0.0
ASV000208,0.0,0.0,0.0,0.0,0.0,0.0,0.0,0.0,0.0,0.0,0.0,0.0
ASV000209,0.0,0.0,0.0,0.0,0.0,0.0,0.0,0.0,0.0,0.0,0.0,0.0
ASV000210,0.0,0.0,0.0,0.0,0.0,0.0,0.0,0.0,0.0,0.0,0.0,0.0
ASV000211,0.0,0.0,0.0,0.0,0.0,0.0,0.0,0.0,0.0,0.0,0.0,0.0
ASV000212,0.0,0.0,0.0,0.0,0.0,0.0,0.0,0.0,0.0,0.0,0.0,0.0
ASV000213,0.0,0.0,0.0,0.0,0.0,0.0,0.0,0.0,0.0,0.0,0.0,0.0
ASV000214,0.0,0.0,0.0,0.0,0.0,0.0,0.0,0.0,0.0,0.0,0.069595879923908505,0.0
ASV000215,0.0,0.0,0.0,0.0,0.0,0.0,0.0,0.0,0.0,0.0,0.0,0.0
ASV000216,0.0,0.0,0.0,0.0,0.0,0.0,0.0,0.0,0.0,0.0,0.0,0.0
ASV000217,0.0,0.0,0.0,0.0,0.0,0.0,0.0,0.0,0.0,0.0,0.0,0.0
ASV000218,0.0,0.0,0.0,0.0,0.0,0.0,0.0,0.0,0.0,0.0,0.0,0.0
ASV000219,0.0,0.48291681757817218,0.0,0.0,0.0,0.0,0.0,0.0,0.0,0.0,0.0,0.0
ASV000220,0.0,0.0,0.0,0.0,0.0,0.0,0.0,0.0,0.0,0.0,0.0,0.0
ASV000221,2.2773972602739727,0.0,0.0,0.0,0.0,0.0,0.0,0.0,0.0,0.0,0.0,0.0
ASV000222,0.0,0.0,1.0553042926287393,0.0,0.0,0.0,0.0,0.0,0.0,0.0,0.0,0.0
ASV000223,0.0,0.0,0.0,0.0,0.0,0.0,0.0,0.0,0.0,0.0,0.0,0.0
ASV000224,0.0,0.0,0.0,0.0,0.0,0.0,0.0,0.0,0.0,0.0,0.0,0.0
ASV000225,0.0,0.0,0.0,0.0,0.0,0.0,0.0,0.0,0.0,0.092619545370345863,0.0,0.0
ASV000226,0.0,0.0,0.0,0.0,0.0,0.0,0.0,0.0,0.0,0.0,0.0,0.0
ASV000227,0.0,0.0,0.0,0.0,0.0,0.0,0.0,0.0,0.0,0.0,0.0,0.0
ASV000228,0.0,0.0,0.0,0.0,0.0,0.0,0.0,0.0,0.0,0.0,0.0,0.0
ASV000229,0.0,0.0,0.0,0.0,0.0,0.0,0.0,0.0,0.0,0.0,0.0,0.0
ASV000230,0.0,0.0,0.0,0.0,0.0,0.0,0.0,0.0,0.0,0.0,0.0,0.0
ASV000231,0.0,0.0,0.23010394350551455,0.0,0.0,0.0,0.0,0.0015120586678763137,0.0,0.0,0.0,0.0
ASV000232,0.0,0.0,0.0,0.0,0.0,0.0,0.0,0.0,0.0,0.0,0.0,0.0
ASV000233,0.0,0.0,0.58716178687614051,0.0,0.0,0.0,0.0,0.0,0.0,0.0,0.0,0.0
ASV000234,0.0,0.0,0.0,0.0,0.0,0.0,0.0,0.0,0.0,0.0,0.13687189718368672,0.0
ASV000235,0.0,0.0,0.99976196143775287,0.0,0.0,0.0,0.0,0.0,0.0,0.0,0.0,0.0
ASV000236,0.0,0.0,0.0,0.0,0.0,0.0,0.0,0.0,0.0,0.11026136353612602,0.0,0.0
ASV000237,0.0,0.0,0.0,0.0,0.0,0.0,0.0,0.0,0.0,0.0,0.13339210318749128,0.0
ASV000238,0.0,0.0,0.0,0.0,0.0,0.0,0.0,0.0,0.0,0.0,0.0,0.0
ASV000239,0.0,0.0,0.0,0.0,0.0,0.0,0.0,0.0,0.0,0.0,0.0,0.0
ASV000240,0.0,0.048291681757817215,0.0079346187415694682,0.0,0.0,0.0,0.0,0.0,0.0,0.0,0.0,0.0
ASV000241,0.0,0.0,0.0,0.0,0.0,0.0,0.0,0.0,0.0,0.0,0.0,0.0
ASV000242,0.0,0.012072920439454304,0.0,0.0,0.0,0.0,0.0,0.0,0.0,0.0,0.11715306453857932,0.0
ASV000243,0.0,0.0,0.0079346187415694682,0.0,0.0,0.0,0.0,0.0,0.0,0.0,0.0,0.0
ASV000244,0.0,0.0,0.0,0.0,0.0,0.0,0.0,0.0,0.0,0.0,0.0,0.0
ASV000245,0.0,0.0,0.0,0.0,0.0,0.0,0.0,0.0,0.0,0.0,0.0,0.0
ASV000246,0.0,0.0,0.0,0.0,0.0,0.0,0.0,0.0,0.0,0.0,0.0,0.0
ASV000247,0.0,0.0,0.0,0.0,0.0,0.0,0.0,0.0,0.0,0.0,0.0,0.0
ASV000248,0.0,0.0,0.0,0.0,0.0,0.0,0.0,0.0,0.0,0.0,0.0,0.0
ASV000249,0.0,0.0,0.0,0.0,0.0,0.0,0.0,0.0,0.0,0.10320463626981398,0.0,0.0
ASV000250,0.0,0.0,0.0,0.0,0.0,0.0,0.0,0.0,0.0,0.0,0.0,0.0
ASV000251,0.0,0.0,0.0,0.0,0.0,0.0,0.0,0.0,0.0,0.0,0.0,0.0
ASV000252,0.0,0.0,0.0,0.0,0.0,0.0,0.0,0.0,0.0,0.0,0.0,0.0
ASV000253,0.0,0.0,0.0,0.0,0.0,0.0,0.0,0.0,0.0,0.0,0.0,0.0
ASV000254,0.0,0.0,0.0,0.0,0.0,0.0,0.0,0.0,0.0,0.0,0.0,0.0
ASV000255,0.0,0.0,0.0,0.0,0.0,0.0,0.0,0.0,0.0,0.0,0.0,0.0
ASV000256,0.0,0.0,0.0,0.0,0.0,0.0,0.0,0.0,0.0,0.0,0.0,0.0
ASV000257,0.0,0.0,0.0,0.0,0.0,0.0,0.0,0.0,0.0,0.0,0.0,0.0
ASV000258,0.0,0.0,0.0,0.0,0.0,0.0,0.0,0.0,0.0,0.0,0.0,0.0
ASV000259,0.0,0.0,0.0,0.0,0.0,0.0,0.0,0.0,0.0,0.0,0.0,0.0
ASV000260,0.0,0.0,0.0,0.0,0.0,0.0,0.0,0.0,0.0,0.0,0.0,0.0
ASV000261,0.0,0.0,0.0,0.0,0.0,0.0,0.0,0.0,0.0,0.0,0.0,0.0
ASV000262,0.0,0.0,0.0,0.0,0.0,0.0,0.0,0.0,0.0,0.0,0.0,0.0014829094683769556
ASV000263,0.0,0.0,0.0,0.0,0.0,0.0,0.0,0.0,0.0,0.0,0.0,0.0
ASV000264,0.0,0.0,0.0,0.0,0.0,0.0,0.0,0.0,0.0,0.0,0.0,0.0
ASV000265,0.0,0.0,0.0,0.0,0.0,0.0,0.0,0.0,0.0,0.0,0.0,0.0
ASV000266,0.0,0.0,0.0,0.0,0.0,0.0,0.0,0.0,0.0,0.0,0.0,0.0
ASV000267,0.0,0.0,0.0,0.0,0.0,0.0,0.0,0.0,0.0,0.0,0.0,0.0
ASV000268,0.0,0.0,0.039673093707847336,0.0,0.0,0.0,0.0,0.0,0.0,0.0,0.0,0.0
ASV000269,0.0,0.0,0.68237721177497423,0.0,0.0,0.0,0.0,0.0,0.0,0.0,0.0011599313320651418,0.0
ASV000270,0.0,0.0,0.0,0.0,0.0,0.0,0.0,0.0,0.0,0.0,0.0,0.0
ASV000271,0.0,0.0,0.0,0.0,0.0,0.0,0.0,0.0,0.0,0.0,0.0,0.0
ASV000272,0.0,0.0,0.0,0.18664272005352772,0.0,0.0,0.0,0.0,0.0,0.0,0.0,0.0
ASV000273,0.0,0.0,0.0,0.0,0.0,0.0,0.0,0.0,0.019308374041821938,0.0,0.0,0.0
ASV000274,0.0,0.0,0.0,0.0,0.0,0.0,0.0,0.0,0.0,0.0,0.0,0.0
ASV000275,0.0,0.0,0.0,0.0,0.0,0.0,0.0,0.0,0.0,0.0,0.0,0.0
ASV000276,0.0,0.0,0.0,0.0,0.0,0.0,0.0,0.0,0.0,0.0,0.0,0.0
ASV000277,0.0,0.0,0.0,0.0,0.0,0.0,0.0,0.0,0.0,0.0,0.0,0.0
ASV000278,0.0,0.0,0.0,0.0,0.0,0.0,0.0,0.0,0.0,0.090855363553767846,0.0,0.0
ASV000279,0.0,0.0,0.0,0.0,0.0,0.0,0.0,0.0,0.0,0.0,0.0,0.0
ASV000280,0.0,0.0,0.0,0.0,0.0,0.0,0.0,0.0,0.0,0.0,0.0,0.0
ASV000281,0.0,0.0,0.0,0.0,0.0,0.0,0.0,0.0,0.0,0.0,0.0,0.0
ASV000282,1.6952054794520548,0.0,0.0,0.0,0.0,0.0,0.0,0.0,0.0,0.0,0.0,0.0
ASV000283,0.0,0.0,0.0,0.0,0.0,0.0,0.0,0.0,0.0,0.0,0.0,0.0
ASV000284,0.0,0.0,0.0,0.0,0.0,0.0,0.0,0.0,0.0,0.0,0.0,0.0
ASV000285,0.0,0.012072920439454304,0.0,0.0,0.0,0.0,0.0,0.0,0.0,0.0,0.0,0.0
ASV000286,0.0,0.0,0.0,0.0,0.0,0.0,0.0,0.0,0.0,0.0,0.0,0.0
ASV000287,0.0,0.0,0.0,0.0,0.0,0.0,0.0,0.0,0.0,0.0,0.0,0.0
ASV000288,0.0,0.0,0.0,0.0,0.0,0.0,0.0,0.0,0.0,0.0,0.0,0.0
ASV000289,0.0,0.0,0.0,0.0,0.0,0.0,0.0,0.0,0.0,0.0,0.0,0.0
ASV000290,0.0,0.0,0.0,0.0,0.0,0.0,0.0,0.0,0.0,0.0,0.0,0.0
ASV000291,0.0,0.0,0.0,0.0,0.0,0.0,0.0,0.0,0.0,0.0,0.0,0.0
ASV000292,0.0,0.0,0.0,0.0,0.0,0.0,0.0,0.0,0.0,0.08644490901232281,0.0,0.0
ASV000293,0.0,0.0,0.0,0.0,0.0,0.0,0.0,0.0,0.0,0.0,0.0,0.0
ASV000294,0.0,0.0,0.0,0.0,0.0,0.0,0.0,0.0,0.0,0.0,0.0,0.0
ASV000295,0.0,0.0,0.0,0.0,0.0,0.0,0.0,0.0,0.0,0.0,0.091634575233146193,0.0
ASV000296,0.0,0.0,0.0,0.0,0.0,0.0,0.0,0.0,0.0,0.0,0.0,0.0
ASV000297,0.0,0.0,0.0,0.029933266423678974,0.0,0.0,0.0,0.0,0.0,0.0,0.0,0.0
ASV000298,0.0,0.012072920439454304,0.0,0.0,0.0,0.0,0.0,0.0,0.0,0.0,0.0,0.0
ASV000299,0.0,0.096583363515634429,0.0,0.0,0.0,0.0,0.0,0.0,0.0,0.0,0.0,0.0
ASV000300,0.0,0.0,0.0,0.0,0.0,0.0,0.0,0.0,0.0,0.0,0.0,0.0
ASV000301,0.0,0.0,0.0,0.0,0.0,0.0,0.0,0.0,0.0,0.0,0.0,0.0
ASV000302,0.0,0.0,0.0,0.0,0.14566642388929352,0.0,0.0,0.0,0.0,0.0,0.0,0.0
ASV000303,0.0,0.0,0.0,0.0,0.0,0.0,0.0,0.0,0.0,0.0,0.0,0.0
ASV000304,0.0,0.0,0.0,0.0,0.0,0.0,0.0,0.0,0.0,0.0,0.10439381988586276,0.0
ASV000305,0.0,0.0,0.17456161231452827,0.0,0.0,0.0,0.0,0.0,0.0,0.0,0.0,0.0
ASV000306,0.0,0.0,0.0,0.0,0.0,0.0,0.0,0.0,0.0,0.0,0.0,0.0
ASV000307,0.0,0.0,0.0,0.0,0.0,0.0,0.0,0.0,0.0,0.0,0.0,0.0
ASV000308,0.0,0.0,0.0,0.0,0.0,0.0,0.0,0.0,0.0,0.0,0.0,0.0
ASV000309,0.0,0.0,0.0079346187415694682,0.0,0.0,0.0,0.0,0.0,0.0,0.0,0.0,0.0
ASV000310,0.0,0.0,0.0,0.033454827179405913,0.0,0.0,0.0,0.0,0.0,0.0,0.0,0.0
ASV000311,0.0,0.0,0.0,0.0,0.0,0.0,0.0,0.13910939744462086,0.0,0.0,0.0,0.0
ASV000312,0.0,0.0,0.0,0.0,0.0,0.0,0.0,0.0,0.0,0.0,0.0,0.0
ASV000313,0.0,0.0,0.0,0.0,0.0,0.0,0.0,0.0,0.0,0.0,0.0,0.0
ASV000314,0.0,0.0,0.0,0.0,0.0,0.0,0.0,0.0,0.0,0.0,0.0,0.0
ASV000315,0.0,0.0,0.0,0.0,0.0,0.0,0.0,0.0,0.0,0.0,0.0,0.0
ASV000316,0.0,0.0,0.0,0.0,0.0,0.0,0.0,0.0,0.0,0.0,0.0,0.0
ASV000317,0.0,0.0,0.0,0.0,0.0,0.0,0.0,0.0,0.0,0.0,0.0,0.0
ASV000318,0.0,0.0,0.0,0.0,0.0,0.0,0.0,0.0,0.0,0.0,0.0,0.0
ASV000319,0.0,0.0,0.0,0.0,0.0,0.0,0.0,0.0,0.0,0.0,0.0,0.0
ASV000320,0.0,0.0,0.0,0.0,0.0,0.0,0.0,0.0,0.0,0.0,0.0,0.0
ASV000321,0.0,0.0,0.70618106799968261,0.0,0.0,0.0,0.0,0.0,0.0,0.0,0.0,0.0
ASV000322,0.0,0.0,0.0,0.0,0.0,0.0,0.0,0.0,0.0,0.0,0.0,0.0
ASV000323,0.0,0.0,0.0,0.0,0.0,0.25405511041625956,0.0,0.0,0.0,0.0,0.0,0.0
ASV000324,0.0,0.0,0.0,0.0,0.0,0.0,0.0,0.0,0.0,0.0,0.0,0.0
ASV000325,0.0,0.0,0.0,0.0,0.0,0.0,0.0,0.0,0.0,0.0,0.0,0.0
ASV000326,0.0,0.0,0.0,0.0,0.0,0.0,0.0,0.0,0.0,0.0,0.0,0.0
ASV000327,0.0,0.0,0.0,0.0,0.0,0.0,0.0,0.0,0.0,0.0,0.015079107316846843,0.0
ASV000328,0.0,0.0,0.0,0.0,0.0,0.0,0.0,0.0,0.0,0.0,0.0,0.0
ASV000329,0.0,0.0,0.0,0.0,0.0,0.0,0.0,0.0,0.0,0.0,0.0,0.0
ASV000330,0.0,0.0,0.0,0.0,0.0,0.0,0.0,0.0,0.0,0.0,0.0,0.0
ASV000331,0.0,0.0,0.0,0.0,0.0,0.0,0.0,0.0,0.0,0.0,0.0,0.0
ASV000332,0.0,0.0,0.0,0.0,0.0,0.0,0.0,0.0,0.0,0.0,0.0,0.0
ASV000333,0.0,0.0,0.0,0.0,0.14566642388929352,0.0,0.0,0.069554698722310432,0.0,0.0,0.0,0.0
ASV000334,0.0,0.0,0.0,0.0,0.0,0.0,0.0,0.0,0.0,0.0,0.0,0.0
ASV000335,0.0,0.0,0.0,0.0,0.0,0.0,0.0,0.0,0.0,0.0,0.0,0.0
ASV000336,0.0,0.0,0.0,0.0,0.0,0.0,0.0,0.0,0.0,0.0,0.0,0.0
ASV000337,0.0,0.0,0.0,0.0,0.0,0.0,0.0,0.12852498676948665,0.0,0.0,0.0,0.0
ASV000338,0.0,0.0,0.0,0.0,0.0,0.0,0.0,0.0,0.0,0.07409563629627669,0.0,0.0
ASV000339,0.0,0.0,0.0,0.0,0.0,0.0,0.0,0.0,0.0,0.0,0.0,0.0
ASV000340,0.0,0.0,0.0,0.0,0.0,0.0,0.0,0.0,0.0,0.0,0.0,0.0
ASV000341,0.0,0.0,0.0,0.0,0.0,0.0,0.0,0.0,0.0,0.0,0.0,0.0
ASV000342,0.0,0.0,0.0,0.0,0.0,0.0,0.0,0.0,0.0,0.0,0.0,0.0
ASV000343,0.0,0.0,0.0,0.0,0.0,0.097713504006253671,0.0,0.0,0.0,0.0,0.0,0.0
ASV000344,0.0,0.0,0.0,0.0,0.0,0.0,0.0,0.0,0.0,0.0,0.0,0.0
ASV000345,0.0,0.0,0.0,0.0,0.0,0.0,0.0,0.0,0.0,0.0,0.0,0.0
ASV000346,0.0,0.0,0.0,0.0,0.0,0.0,0.0,0.0,0.0,0.0,0.0,0.0
ASV000347,0.0,0.0,0.0,0.0,0.0,0.0,0.0,0.0,0.0,0.0,0.0,0.0
ASV000348,0.0,0.0,0.0,0.0,0.0,0.0,0.0,0.0,0.0,0.0,0.0,0.0
ASV000349,0.0,0.0,0.0,0.0,0.0,0.0,0.0,0.0,0.0,0.0,0.0,0.0
ASV000350,0.0,0.0,0.0,0.0,0.0,0.0,0.0,0.0,0.0,0.0,0.0,0.0
ASV000351,0.0,0.0,0.0,0.0,0.0,0.0,0.0,0.0,0.0,0.0,0.0,0.0
ASV000352,0.0,0.0,0.0,0.0,0.0,0.0,0.0,0.0,0.0,0.0,0.0,0.0
ASV000353,0.0,0.0,0.0,0.0,0.0,0.0,0.0,0.0,0.0,0.0,0.0,0.0
ASV000354,1.3869863013698631,0.0,0.0,0.0,0.0,0.0,0.0,0.0,0.0,0.0,0.0,0.0
ASV000355,0.0,0.0,0.0,0.0,0.0,0.0,0.0,0.0,0.0,0.071449363571409671,0.0,0.0
ASV000356,0.0,0.0,0.0,0.0,0.0,0.0,0.0,0.0,0.0,0.0,0.0,0.0
ASV000357,0.0,0.0,0.0,0.0,0.0,0.0,0.0,0.0,0.0,0.0,0.0,0.0
ASV000358,0.0,0.0,0.0,0.0,0.0,0.0,0.0,0.0,0.0,0.0,0.0,0.0
ASV000359,0.0,0.0,0.0,0.0,0.0,0.0,0.0,0.0,0.0,0.0,0.0,0.0
ASV000360,0.0,0.0,0.0,0.0,0.0,0.0,0.0,0.0,0.0,0.0,0.0,0.0
ASV000361,0.0,0.0,0.0,0.0,0.0,0.0,0.0,0.0,0.0,0.0,0.0,0.0
ASV000362,0.0,0.0,0.0,0.0,0.0,0.0,0.0,0.0,0.0,0.0,0.0,0.0
ASV000363,0.0,0.0,0.0,0.0,0.0,0.0,0.0,0.0,0.0,0.0,0.0,0.0
ASV000364,0.0,0.0,0.0,0.0,0.0,0.0,0.0,0.0,0.0,0.0,0.0,0.0
ASV000365,0.0,0.0,0.0,0.0,0.0,0.0,0.0,0.0,0.0,0.0,0.0,0.0
ASV000366,0.0,0.0,0.0,0.0,0.0,0.0,0.0,0.0,0.0,0.0,0.0,0.0
ASV000367,0.0,0.0,0.0,0.0,0.0,0.0,0.0,0.0,0.0,0.0,0.0,0.0
ASV000368,0.0,0.0,0.0,0.0,0.0,0.0,0.0,0.0,0.0,0.0,0.0,0.0
ASV000369,0.0,0.0,0.0,0.0,0.0,0.0,0.0,0.0,0.0,0.0,0.09047464390108105,0.0
ASV000370,0.0,0.0,0.0,0.0,0.0,0.0,0.0,0.0,0.0,0.0,0.0,0.0
ASV000371,0.0,0.0,0.0,0.003521560755726938,0.0,0.0,0.0,0.0,0.0,0.0,0.0,0.0
ASV000372,0.0,0.0,0.0,0.0,0.0,0.0,0.0,0.0,0.0,0.0,0.0,0.0
ASV000373,0.0,0.0,0.0,0.0,0.0,0.0,0.0,0.0,0.0,0.0,0.0,0.0
ASV000374,0.0,0.0,0.0,0.0,0.0,0.0,0.0,0.0,0.0,0.0,0.0,0.0
ASV000375,0.0,0.0,0.0,0.0,0.0,0.0,0.0,0.0,0.0,0.0,0.0,0.0
ASV000376,0.0,0.0,0.0,0.0,0.0,0.0,0.0,0.0,0.0,0.0,0.082355124576625055,0.0
ASV000377,0.0,0.0,0.0,0.0,0.0,0.0,0.0,0.0,0.0,0.0,0.0,0.0
ASV000378,0.0,0.0,0.0,0.0,0.0,0.0,0.0,0.0,0.0,0.0,0.0,0.0
ASV000379,0.0,0.0,0.0,0.0,0.0,0.0,0.0,0.0,0.0,0.0,0.0,0.0
ASV000380,0.0,0.0,0.0,0.0,0.0,0.0,0.0,0.0,0.0,0.0,0.0,0.0
ASV000381,0.0,0.0,0.0,0.0,0.0,0.0,0.0,0.0,0.0,0.0,0.0,0.0
ASV000382,0.0,0.0,0.0,0.0,0.0,0.0,0.0,0.0,0.0,0.0,0.0,0.0
ASV000383,0.0,0.0,0.0,0.0,0.0,0.0,0.0,0.0,0.0,0.0,0.0,0.0
ASV000384,0.0,0.0,0.0,0.0,0.0,0.0,0.0,0.0,0.0,0.0,0.0,0.0
ASV000385,0.0,0.0,0.0,0.0,0.0,0.0,0.0,0.0,0.0,0.0,0.0,0.0
ASV000386,0.0,0.0,0.0,0.0,0.0,0.0,0.0,0.0,0.0,0.0,0.0,0.0
ASV000387,0.0,0.0,0.0,0.0,0.0,0.0,0.0,0.0,0.0,0.0,0.0,0.0
ASV000388,0.0,0.0,0.0,0.0,0.0,0.0,0.0,0.0,0.0,0.0,0.0,0.0
ASV000389,0.0,0.0,0.0,0.0,0.0,0.0,0.0,0.0,0.0,0.0,0.0,0.0
ASV000390,0.0,0.0,0.0,0.0,0.0,0.0,0.0,0.0,0.0,0.0,0.0,0.0
ASV000391,0.0,0.0,0.0,0.0,0.0,0.0,0.0,0.0075602933393815672,0.0,0.0,0.0,0.0
ASV000392,0.0,0.0,0.0,0.0,0.0,0.0,0.0,0.0,0.0,0.0,0.0,0.0
ASV000393,0.0,0.0,0.0,0.0,0.0,0.0,0.0,0.0,0.0,0.0,0.0,0.0
ASV000394,0.0,0.0,0.0,0.001760780377863469,0.0,0.0,0.0,0.0,0.0,0.0,0.0,0.0
ASV000395,0.017123287671232876,0.0,0.0,0.0,0.0,0.0,0.0,0.0,0.0,0.0,0.0,0.0
ASV000396,0.0,0.0,0.53955407442672376,0.0,0.0,0.0,0.0,0.0,0.0,0.0,0.0,0.0
ASV000397,0.0,0.0,0.0,0.0,0.0,0.0,0.0,0.0,0.0,0.0,0.0,0.0
ASV000398,0.0,0.0,0.0,0.0,0.0,0.0,0.0,0.0,0.0,0.0,0.0,0.0
ASV000399,0.0,0.0,0.0,0.0,0.0,0.0,0.0,0.0,0.0,0.0,0.0,0.0
ASV000400,0.0,0.0,0.0,0.0,0.0,0.0,0.0,0.0,0.0,0.0,0.0,0.0
ASV000401,0.0,0.0,0.0,0.0,0.0,0.0,0.0,0.0,0.0,0.0,0.0,0.0
ASV000402,0.0,0.0,0.0,0.0,0.0,0.0,0.0,0.0,0.0,0.0,0.0,0.0
ASV000403,0.0,0.0,0.0,0.0,0.0,0.0,0.0,0.0,0.0,0.0,0.0,0.0
ASV000404,0.0,0.0,0.0,0.0,0.0,0.0,0.0,0.0015120586678763137,0.0019308374041821939,0.0,0.076555467916299358,0.0
ASV000405,0.0,0.0,0.54748869316829329,0.0,0.0,0.0,0.0,0.0,0.0,0.0,0.0,0.0
ASV000406,0.0,0.0,0.0,0.0,0.0,0.0,0.0,0.0,0.0,0.0,0.0,0.0
ASV000407,0.0,0.0,0.0,0.0,0.0,0.0,0.0,0.0,0.0,0.0,0.0,0.0
ASV000408,0.0,0.0,0.53955407442672376,0.0,0.0,0.0,0.0,0.0,0.0,0.0,0.0,0.0
ASV000409,0.0,0.82095858988289261,0.0,0.0,0.0,0.0,0.0,0.0,0.0,0.0,0.0,0.0
ASV000410,0.0,0.0,0.0,0.0,0.0,0.0,0.0,0.0,0.0,0.0,0.0,0.0
ASV000411,0.0,0.0,0.0,0.0,0.0,0.0,0.0,0.0,0.0,0.0,0.0,0.0
ASV000412,0.0,0.0,0.0,0.0,0.0,0.0,0.0,0.0,0.0,0.0,0.0,0.0
ASV000413,0.0,0.0,0.0,0.0,0.0,0.0,0.0,0.0,0.0,0.0,0.0,0.0
ASV000414,0.0,0.0,0.0,0.0,0.0,0.0,0.0,0.0,0.0,0.0,0.0,0.0
ASV000415,0.0,0.0,0.0,0.0,0.0,0.0,0.0,0.0,0.0,0.0,0.0,0.0
ASV000416,1.1643835616438356,0.0,0.0,0.0,0.0,0.0,0.0,0.0,0.0,0.0,0.0,0.0
ASV000417,0.0,0.0,0.0,0.0,0.0,0.0,0.0,0.0,0.0,0.0,0.0,0.0
ASV000418,0.0,0.0,0.0,0.0,0.0,0.0,0.0,0.0,0.0,0.0,0.0,0.0
ASV000419,0.0,0.0,0.0,0.0,0.0,0.0,0.0,0.0,0.0,0.0,0.0,0.0
ASV000420,0.0,0.0,0.0,0.0,0.072833211944646759,0.0,0.0,0.0,0.0,0.0,0.0011599313320651418,0.0
ASV000421,0.0,0.0,0.0,0.0,0.0,0.0,0.0,0.0,0.0,0.0,0.0,0.0
ASV000422,0.0,0.0,0.0,0.0,0.0,0.0,0.0,0.0,0.0,0.0,0.0,0.0
ASV000423,0.0,0.0,0.0,0.0,0.0,0.0,0.0,0.0,0.0,0.0,0.0,0.0
ASV000424,0.0,0.0,0.0,0.11797228531685243,0.0,0.0,0.0,0.0,0.0,0.0,0.0,0.0
ASV000425,0.0,0.0,0.0,0.0,0.0,0.0,0.0,0.0,0.0,0.0,0.0,0.0
ASV000426,0.0,0.0,0.0,0.0,0.0,0.0,0.0,0.0,0.0,0.0,0.0,0.0
ASV000427,0.0,0.0,0.0,0.0,0.0,0.0,0.0,0.0,0.0,0.0,0.0,0.0
ASV000428,0.0,0.0,0.0,0.0,0.0,0.0,0.0,0.0,0.0,0.0,0.0,0.0
ASV000429,0.0,0.0,0.0,0.0,0.0,0.0,0.0,0.0,0.0,0.0,0.0,0.0
ASV000430,0.0,0.0,0.0,0.0,0.0,0.0,0.0,0.0,0.0,0.0,0.0,0.0
ASV000431,0.0,0.0,0.0,0.0,0.0,0.0,0.0,0.0,0.0,0.0,0.0,0.0
ASV000432,0.0,0.0,0.0,0.0,0.0,0.0,0.0,0.0,0.0,0.0,0.0,0.0
ASV000433,0.0,0.0,0.51575021820201539,0.0,0.0,0.0,0.0,0.0,0.0,0.0,0.0,0.0
ASV000434,0.0,0.0,0.0,0.0,0.0,0.0,0.0,0.0,0.0,0.0,0.0,0.0
ASV000435,0.0,0.0,0.0,0.0,0.0,0.0,0.0,0.0,0.0,0.0,0.0,0.0
ASV000436,0.0,0.0,0.0,0.0,0.0,0.0,0.0,0.0,0.0,0.0,0.0,0.0
ASV000437,0.0,0.0,0.0,0.0,0.0,0.0,0.0,0.0,0.0,0.0,0.0,0.071179654482093874
ASV000438,0.0,0.0,0.0,0.0,0.0,1.094391244870041,0.0,0.0,0.0,0.0,0.0,0.0
ASV000439,0.0,0.0,0.0,0.0,0.0,0.0,0.0,0.0,0.0,0.0,0.0,0.0
ASV000440,0.0,0.0,0.0,0.0,0.0,0.0,0.0,0.0,0.0,0.0,0.0,0.0
ASV000441,0.0,0.0,0.0,0.0,0.0,0.0,0.0,0.0,0.0,0.0,0.0,0.0
ASV000442,0.0,0.0,0.0,0.0,0.0,0.0,0.0,0.0,0.0,0.0,0.0,0.0
ASV000443,0.0,0.0,0.0,0.0,0.0,0.0,0.0,0.0,0.0,0.0,0.0,0.0
ASV000444,0.0,0.0,0.0,0.0,0.0,0.0,0.0,0.0,0.0,0.0,0.0,0.0
ASV000445,0.0,0.0,0.0,0.0,0.0,0.0,0.0,0.0,0.0,0.0,0.0,0.0
ASV000446,0.0,0.0,0.0,0.0,0.0,0.0,0.0,0.0,0.0,0.0,0.0,0.0
ASV000447,0.0,0.0,0.0,0.0,0.0,0.0,0.0,0.0,0.0,0.0,0.0,0.0
ASV000448,0.0,0.0,0.0,0.0,0.0,0.0,0.0,0.0,0.0,0.0,0.0,0.0
ASV000449,0.0,0.0,0.0,0.0,0.0,0.0,0.0,0.0,0.0,0.0,0.0,0.0
ASV000450,0.0,0.0,0.49194636197730701,0.0,0.0,0.0,0.0,0.0,0.0,0.0,0.0,0.0
ASV000451,0.0,0.0,0.0,0.0,0.0,0.0,0.0,0.0,0.0,0.0,0.0,0.0
ASV000452,0.0,0.0,0.0,0.0,0.0,0.0,0.0,0.0,0.0,0.0,0.0,0.0
ASV000453,0.0,0.0,0.0,0.0,0.0,0.0,0.0,0.0,0.0,0.0,0.0,0.0
ASV000454,0.0,0.0,0.0,0.0,0.0,0.0,0.0,0.0,0.0,0.0,0.0,0.0
ASV000455,0.0,0.0,0.46814250575259858,0.0,0.0,0.0,0.0,0.0,0.0,0.0,0.0,0.0
ASV000456,0.0,0.0,0.0,0.0,0.0,0.0,0.0,0.0,0.0,0.0,0.0,0.0
ASV000457,0.0,0.0,0.20630008728080618,0.0,0.0,0.0,0.0,0.0,0.0,0.0,0.0,0.0
ASV000458,0.0,0.0,0.0,0.0,0.0,0.0,0.0,0.0,0.0,0.0,0.0,0.0
ASV000459,0.0,0.0,0.0,0.0,0.0,0.0,0.0,0.0,0.0,0.0,0.0023198626641302835,0.0
ASV000460,0.0,0.0,0.015869237483138936,0.0,0.0,0.0,0.0,0.0,0.0,0.0,0.0,0.0
ASV000461,0.0,0.0,0.0,0.0,0.0,1.1530193472737933,0.0,0.0,0.0,0.0,0.0,0.0
ASV000462,0.0,0.0,0.0,0.0,0.0,0.0,0.0,0.0,0.0,0.0,0.0,0.0
ASV000463,0.0,0.0,0.476077124494168,0.0,0.0,0.0,0.0,0.0,0.0,0.0,0.0,0.0
ASV000464,0.0,0.0,0.0,0.0,0.0,0.0,0.0,0.0,0.0,0.0,0.0,0.0
ASV000465,0.0,0.0,0.0,0.0,0.0,0.0,0.0,0.0,0.0,0.0,0.0,0.0
ASV000466,0.0,0.0,0.0,0.0,0.0,0.0,0.0,0.0,0.0,0.0,0.0,0.054867650329947358
ASV000467,0.0,0.0,0.0,0.0,0.0,0.0,0.0,0.0,0.0,0.0,0.0,0.0
ASV000468,0.0,0.0,0.0,0.0,0.0,0.0,0.0,0.0,0.0,0.0,0.0,0.0
ASV000469,0.0,0.0,0.0,0.0,0.0,0.0,0.0,0.0,0.0,0.0,0.0,0.0
ASV000470,0.0,0.0,0.0,0.0,0.0,0.0,0.0,0.0,0.0,0.0,0.0,0.0
ASV000471,0.0,0.0,0.0,0.0,0.0,0.0,0.0,0.0,0.0,0.0,0.0,0.0
ASV000472,0.0,0.0,0.0,0.0,0.0,0.0,0.0,0.0,0.0,0.0,0.0,0.0
ASV000473,0.0,0.0,0.0,0.0,0.0,0.0,0.0,0.0,0.0,0.0,0.0,0.0
ASV000474,0.0,0.0,0.0,0.0,0.0,0.0,0.0,0.0,0.0,0.0,0.0,0.0
ASV000475,0.0,0.0,0.0,0.0,0.0,0.0,0.0,0.0,0.0,0.0,0.0,0.0
ASV000476,0.0,0.0,0.0,0.0,0.0,0.0,0.0,0.0,0.0,0.0,0.0,0.0
ASV000477,0.0,0.0,0.0,0.0,0.0,0.0,0.0,0.0,0.0,0.0,0.0,0.0
ASV000478,0.0,0.0,0.0,0.0,0.0,0.0,0.0,0.0,0.0,0.0,0.0,0.0
ASV000479,0.0,0.0,0.0,0.0,0.0,0.0,0.0,0.0,0.0,0.0,0.0,0.0
ASV000480,0.0,0.0,0.0,0.0,0.0,0.0,0.0,0.0,0.0,0.0,0.0,0.0
ASV000481,0.0,0.0,0.45227326826945968,0.0,0.0,0.0,0.0,0.0,0.0,0.0,0.0,0.0
ASV000482,0.0,0.0,0.0,0.0,0.0,0.0,0.0,0.0,0.0,0.0,0.0,0.0
ASV000483,0.0,0.0,0.0,0.0,0.0,0.0,0.0,0.0,0.0,0.0,0.0,0.0
ASV000484,0.0,0.67608354460944098,0.0,0.0,0.0,0.0,0.0,0.0,0.0,0.0,0.0,0.0
ASV000485,0.0,0.0,0.0,0.0,0.0,0.0,0.0,0.0,0.0,0.0,0.0,0.0
ASV000486,0.0,0.0,0.0,0.0,0.0,0.0,0.0,0.0,0.0,0.0,0.0,0.0
ASV000487,0.0,0.0,0.0,0.0,0.0,0.0,0.0,0.0,0.0,0.0,0.0,0.0
ASV000488,0.0,0.0,0.0,0.0,0.0,0.0,0.0,0.0,0.0,0.0,0.0,0.0
ASV000489,0.0,0.0,0.0,0.0,0.0,0.0,0.0,0.0,0.0,0.0,0.0,0.0
ASV000490,0.0,0.0,0.0,0.096842920782490807,0.0,0.0,0.0,0.0,0.0,0.0,0.0,0.0
ASV000491,0.0,0.0,0.0,0.0,0.0,1.0748485440687903,0.0,0.0,0.0,0.0,0.0,0.0
ASV000492,0.0,0.0,0.0,0.0,0.0,0.0,0.0,0.0,0.0,0.0,0.0,0.0
ASV000493,0.0,0.0,0.42053479330318178,0.0,0.0,0.0,0.0,0.0,0.0,0.0,0.0,0.0
ASV000494,0.0,0.0,0.0,0.0,0.0,0.0,0.0,0.0,0.0,0.0,0.0,0.0
ASV000495,0.0,0.0,0.0,0.0,0.0,0.0,0.0,0.0,0.0,0.0,0.0,0.0
ASV000496,0.0,0.0,0.0,0.0,0.0,0.0,0.0,0.0,0.0,0.0,0.0,0.0
ASV000497,0.0,0.0,0.0,0.0,0.0,0.0,0.0,0.0,0.0,0.0,0.0,0.0
ASV000498,0.0,0.0,0.0,0.0,0.0,0.0,0.0,0.0,0.0,0.0,0.0,0.0
ASV000499,0.0,0.0,0.0,0.0,0.0,0.0,0.0,0.0,0.0,0.0,0.0,0.0
ASV000500,0.0,0.0,0.0,0.0,0.0,0.0,0.0,0.0,0.0,0.0,0.0,0.0
ASV000501,0.0,0.0,0.0,0.0,0.0,0.0,0.0,0.080139109397444619,0.0,0.0,0.0,0.0
ASV000502,0.0,0.0,0.0,0.0,0.0,0.0,0.0,0.0,0.0,0.0,0.0,0.0
ASV000503,0.0,0.0,0.0,0.0,0.0,0.0,0.0,0.0,0.0,0.0,0.0,0.0
ASV000504,0.0,0.0,0.0,0.0,0.0,0.0,0.0,0.0,0.0,0.0,0.0,0.0
ASV000505,0.0,0.0,0.0,0.0,0.0,0.0,0.0,0.0,0.0,0.0,0.0,0.0
ASV000506,0.0,0.0,0.0,0.0,0.0,0.0,0.0,0.0,0.0,0.0,0.0,0.0
ASV000507,0.0,0.0,0.0,0.0,0.0,0.0,0.0,0.0,0.0,0.0,0.0,0.0
ASV000508,0.0,0.0,0.0,0.0,0.0,0.0,0.0,0.0,0.0,0.0,0.0,0.0
ASV000509,0.0,0.0,0.0,0.0,0.0,0.0,0.0,0.0,0.0,0.0,0.0,0.0
ASV000510,0.0,0.0,0.0,0.0,0.0,0.0,0.0,0.0,0.0,0.0,0.0,0.0
ASV000511,0.0,0.0,0.0,0.0,0.0,0.0,0.0,0.0,0.0,0.0,0.0,0.0
ASV000512,0.0,0.0,0.0,0.0,0.0,0.0,0.0,0.0,0.0,0.0,0.0,0.0
ASV000513,0.0,0.0,0.0,0.0,0.0,0.0,0.0,0.0,0.0,0.0,0.0,0.0
ASV000514,0.0,0.0,0.0,0.0,0.0,0.0,0.0,0.0,0.0,0.0,0.0,0.0
ASV000515,0.0,0.0,0.0,0.0,0.0,0.0,0.0,0.0,0.0,0.0,0.0,0.0
ASV000516,0.0,0.0,0.0,0.0,0.0,0.0,0.0,0.0,0.0,0.0,0.0,0.0
ASV000517,0.0,0.0,0.0,0.0,0.0,0.0,0.0,0.0,0.0,0.0,0.0,0.0
ASV000518,0.017123287671232876,0.0,0.0,0.0,0.0,0.0,0.0,0.0,0.0,0.0,0.0,0.0
ASV000519,0.0,0.0,0.0,0.0,0.0,0.0,0.0,0.0,0.0,0.0,0.0,0.0
ASV000520,0.0,0.012072920439454304,0.0,0.0,0.0,0.0,0.0,0.0,0.0,0.0,0.0,0.0
ASV000521,0.0,0.0,0.38879631833690392,0.0,0.0,0.0,0.0,0.0,0.0,0.0,0.0,0.0
ASV000522,0.0,0.0,0.38879631833690392,0.0,0.0,0.0,0.0,0.0,0.0,0.0,0.0,0.0
ASV000523,0.0,0.0,0.0,0.0,0.0,0.0,0.0,0.0,0.0,0.0,0.0,0.0
ASV000524,0.0,0.0,0.0,0.0,0.0,0.0,0.0,0.0,0.0,0.0,0.0,0.0
ASV000525,0.0,0.0,0.0,0.0,0.0,0.0,0.0,0.0,0.0,0.0,0.0,0.0
ASV000526,0.0,0.0,0.0,0.0,0.0,0.0,0.0,0.0,0.0,0.0,0.0,0.0
ASV000527,0.0,0.0,0.38086169959533445,0.0,0.0,0.0,0.0,0.0,0.0,0.0,0.0,0.0
ASV000528,0.0,0.0,0.0,0.0,0.0,0.9380496384600352,0.0,0.0,0.0,0.0,0.0,0.0
ASV000529,0.0,0.0,0.0,0.0,0.0,0.0,0.0,0.0,0.0,0.0,0.0,0.0
ASV000530,0.0,0.096583363515634429,0.0,0.0,2.4763292061179896,0.0,0.0,0.0,0.0,0.0,0.0,0.0
ASV000531,0.0,0.0,0.0,0.0,0.0,0.0,0.0,0.0,0.0,0.0,0.0,0.0
ASV000532,0.0,0.0,0.0,0.0,0.0,0.0,0.0,0.0,0.0,0.0,0.0,0.0
ASV000533,0.0,0.0,0.0,0.0,0.0,0.0,0.0,0.0,0.0,0.0,0.0,0.0
ASV000534,0.0,0.0,0.0,0.0,0.0,0.0,0.0,0.0,0.0,0.0,0.0,0.0
ASV000535,0.0,0.0,0.0,0.0,0.0,0.0,0.0,0.0,0.0,0.0,0.0,0.0
ASV000536,0.0,0.0,0.0,0.0,0.0,0.0,0.0,0.0,0.0,0.0,0.0,0.0
ASV000537,0.0,0.0,0.0,0.0,0.0,0.0,0.0,0.0,0.0,0.0,0.0,0.0
ASV000538,0.0,0.0,0.0,0.0,0.0,0.0,0.0,0.0,0.0,0.0,0.0,0.0
ASV000539,0.0,0.0,0.0,0.08275667775958305,0.0,0.0,0.0,0.0,0.0,0.0,0.0,0.0
ASV000540,0.0,0.0,0.0,0.0,0.0,0.0,0.0,0.0,0.0,0.0,0.051036978610866229,0.0
ASV000541,0.0,0.0,0.0,0.0,0.0,0.0,0.0,0.0,0.0,0.0,0.0,0.0
ASV000542,0.0,0.0,0.0,0.0,0.0,0.0,0.0,0.0,0.0,0.0,0.0,0.0
ASV000543,0.0,0.0,0.0,0.0,0.0,0.0,0.0,0.0,0.0,0.0,0.0,0.0
ASV000544,0.0,0.0,0.0,0.0,0.0,0.0,0.0,0.0,0.0,0.0,0.0,0.0
ASV000545,0.0,0.0,0.0,0.0,0.0,0.0,0.0,0.0,0.0,0.0,0.0,0.0
ASV000546,0.0,0.0,0.0,0.0,0.0,0.0,0.0,0.0,0.0,0.0,0.0,0.0
ASV000547,0.0,0.0,0.0,0.0,0.0,0.0,0.0,0.0,0.0,0.0,0.0,0.0
ASV000548,0.0,0.0,0.0,0.0,0.0,0.0,0.0,0.0,0.0,0.0,0.0,0.0
ASV000549,0.0,0.0,0.0,0.0,0.0,0.0,0.0,0.0,0.0,0.0,0.0,0.0
ASV000550,0.0,0.0,0.0,0.0,0.0,0.0,0.0,0.0,0.0,0.0,0.0,0.053384740861570405
ASV000551,0.0,0.0,0.0,0.0,0.0,0.0,0.0,0.0,0.0,0.0,0.0,0.0
ASV000552,0.0,0.0,0.0,0.0,0.0,0.0,0.0,0.0,0.0,0.0,0.0,0.0
ASV000553,0.0,0.0,0.0,0.0,0.0,0.0,0.0,0.0,0.0,0.0,0.0,0.0
ASV000554,0.0,0.0,0.0,0.0,0.0,0.0,0.0,0.0,0.0,0.0,0.0,0.0
ASV000555,0.0,0.0,0.0,0.0,0.0,0.0,0.0,0.068042640054434111,0.0,0.0,0.0,0.0
ASV000556,0.0,0.0,0.0,0.0,0.0,0.0,0.0,0.0,0.0,0.0,0.0,0.0
ASV000557,0.0,0.0,0.0,0.0,0.0,0.0,0.0,0.0,0.0,0.0,0.0,0.0
ASV000558,0.0,0.0,0.0,0.0,0.0,0.0,0.0,0.0,0.0,0.0,0.0,0.0
ASV000559,0.0,0.0,0.0,0.0,0.0,0.0,0.0,0.0,0.0,0.0,0.0,0.0
ASV000560,0.0,0.0,0.0,0.0,0.0,0.0,0.0,0.0,0.0,0.0,0.0,0.0
ASV000561,0.0,0.0,0.0,0.0,0.0,0.0,0.0,0.0,0.0,0.0,0.0,0.0
ASV000562,0.0,0.0,0.0,0.0,0.0,0.0,0.0,0.0,0.0,0.0,0.0,0.0
ASV000563,0.0,0.51913557889653505,0.0,0.0,0.0,0.0,0.0,0.0,0.0,0.0,0.0,0.0
ASV000564,0.0,0.0,0.0,0.0,0.0,0.0,0.0,0.0,0.0,0.0,0.0,0.0
ASV000565,0.0,0.0,0.0,0.0,0.0,0.0,0.0,0.0,0.0,0.0,0.0,0.0
ASV000566,0.0,0.0,0.0,0.0,0.0,0.0,0.0,0.0,0.0,0.0,0.0,0.0
ASV000567,0.0,0.012072920439454304,0.0,0.0,0.0,0.0,0.0,0.0,0.0,0.0,0.0,0.0
ASV000568,0.0,0.0,0.0,0.0070431215114538761,0.0,0.0,0.0,0.0,0.0,0.0,0.0,0.0
ASV000569,0.0,0.0,0.0,0.0,0.0,0.0,0.0,0.0,0.0,0.0,0.0,0.0
ASV000570,0.0,0.0,0.0,0.0,0.0,0.0,0.0,0.0,0.0,0.0,0.0,0.0
ASV000571,0.0,0.0,0.0,0.0,0.0,0.0,0.0,0.0,0.0,0.0,0.0,0.0
ASV000572,0.0,0.0,0.32531936840434816,0.0,0.0,0.0,0.0,0.0,0.0,0.0,0.0,0.0
ASV000573,0.0,0.0,0.0,0.0,0.0,0.0,0.0,0.0,0.0,0.0,0.0,0.0
ASV000574,0.0,0.0,0.0,0.0,0.0,0.82079343365253077,0.0,0.0,0.0,0.0,0.0,0.0
ASV000575,0.0,0.0,0.0,0.0,0.0,0.0,0.0,0.0,0.0,0.0,0.0,0.0
ASV000576,0.0,0.0,0.0,0.0,0.0,0.0,0.0,0.0,0.0,0.0,0.0,0.0
ASV000577,0.0,0.0,0.0,0.0,0.0,0.0,0.0,0.0,0.0,0.0,0.0,0.0
ASV000578,0.0,0.0,0.0,0.0,0.0,0.0,0.0,0.0,0.0,0.0,0.0,0.0
ASV000579,0.0,0.0,0.0,0.0,0.0,0.0,0.0,0.0,0.0,0.0,0.0,0.0
ASV000580,0.0,0.0,0.0,0.0,0.0,0.0,0.0,0.0,0.0,0.00088209090828900822,0.0,0.0
ASV000581,0.0,0.0,0.0,0.0,0.0,0.0,0.0,0.0,0.0,0.0,0.0,0.0
ASV000582,0.0,0.0,0.0,0.0,0.0,0.0,0.0,0.0,0.0,0.0,0.0,0.0
ASV000583,0.0,0.0,0.0,0.0,0.0,0.0,0.0,0.0,0.0,0.0,0.0,0.0
ASV000584,0.0,0.0,0.0,0.0,0.0,0.0,0.0,0.0,0.0,0.0,0.0,0.0
ASV000585,0.0,0.0,0.0,0.0,0.0,0.0,0.0,0.0,0.0,0.0,0.0,0.0
ASV000586,0.0,0.0,0.0,0.0,0.0,0.0,0.0,0.0,0.0,0.0,0.0,0.0
ASV000587,0.0,0.0,0.0,0.0,0.0,0.0,0.0,0.0,0.0,0.0,0.0,0.0
ASV000588,0.0,0.0,0.0,0.0,0.0,0.0,0.0,0.0,0.0,0.0,0.0,0.0
ASV000589,0.0,0.0,0.0,0.0,0.0,0.0,0.0,0.0,0.0,0.0,0.0,0.0
ASV000590,0.0,0.0,0.0,0.0,0.0,0.0,0.0,0.0,0.0,0.0,0.0,0.0
ASV000591,0.0,0.0,0.0,0.0,0.0,0.0,0.0,0.0,0.0,0.0,0.0,0.0
ASV000592,0.0,0.0,0.0,0.0,0.0,0.0,0.0,0.0,0.0,0.0,0.0,0.0
ASV000593,0.0,0.0,0.0,0.070431215114538773,0.0,0.0,0.0,0.0,0.0,0.0,0.0,0.0
ASV000594,0.0,0.0,0.0,0.0,0.0,0.0,0.0,0.0,0.0,0.0,0.0,0.0
ASV000595,0.0,0.0,0.0,0.0,0.0,0.0,0.0,0.0,0.0,0.0,0.0,0.0
ASV000596,0.0,0.0,0.0,0.0,0.0,0.0,0.0,0.0,0.0,0.0,0.0,0.0
ASV000597,0.0,0.0,0.0,0.0,0.0,0.0,0.0,0.0,0.0,0.0,0.0,0.0
ASV000598,0.0,0.0,0.0,0.0,0.0,0.0,0.0,0.0,0.0,0.0,0.0,0.0
ASV000599,0.0,0.0,0.0,0.0,0.0,0.0,0.0,0.0,0.0,0.0,0.0,0.0
ASV000600,0.0,0.0,0.0,0.0,0.0,0.0,0.0,0.0,0.0,0.0,0.0,0.0
ASV000601,0.0,0.0,0.0,0.0,0.0,0.0,0.0,0.0,0.0,0.0,0.0,0.0
ASV000602,0.0,0.0,0.0,0.0,0.0,0.0,0.0,0.0,0.0,0.0,0.0,0.0
ASV000603,0.0,0.0,0.0,0.0,0.0,0.0,0.0,0.0,0.0,0.0,0.0,0.0
ASV000604,0.0,0.0,0.0,0.0,0.0,0.0,0.0,0.0,0.0,0.0,0.0,0.0
ASV000605,0.0,0.45877097669926359,0.0,0.0,0.0,0.0,0.0,0.0,0.0,0.0,0.0,0.0
ASV000606,0.0,0.0,0.0,0.0,0.0,0.0,0.0,0.0,0.0,0.0,0.0,0.0
ASV000607,0.0,0.0,0.0,0.0,0.0,0.0,0.0,0.0,0.0,0.0,0.039437665290214821,0.0
ASV000608,0.0,0.0,0.0,0.0,0.0,0.0,0.0,0.0,0.0,0.0,0.0,0.0
ASV000609,0.0,0.0,0.0,0.0,0.0,0.0,0.0,0.0,0.0,0.0,0.0,0.0
ASV000610,0.0,0.0,0.0,0.0,0.0,0.0,0.0,0.0,0.0,0.0,0.0,0.0
ASV000611,0.0,0.0,0.0,0.0,0.0,0.0,0.0,0.0,0.0,0.0,0.0,0.0
ASV000612,0.0,0.0,0.0,0.0,0.0,0.0,0.0,0.0,0.0,0.0,0.0,0.0
ASV000613,0.0,0.0,0.0,0.0,0.0,0.0,0.0,0.0,0.0,0.0,0.0,0.0
ASV000614,0.0,0.0,0.0,0.0,0.0,0.0,0.0,0.0,0.0,0.0,0.0,0.0
ASV000615,0.0,0.0,0.0,0.0,0.0,0.0,0.09202218757189233,0.0,0.0,0.0,0.0,0.0
ASV000616,0.0,0.0,0.0,0.0,0.0,0.0,0.0,0.0,0.0,0.0,0.0,0.0
ASV000617,0.0,0.0,0.0,0.0,0.0,0.0,0.0,0.0,0.0,0.0,0.0,0.0
ASV000618,0.0,0.0,0.0,0.0,0.0,0.0,0.0,0.0,0.0,0.0,0.0,0.0
ASV000619,0.0,0.0,0.0,0.0,0.0,0.0,0.0,0.0,0.0,0.0,0.0,0.0
ASV000620,0.0,0.0,0.0,0.0,0.0,0.0,0.0,0.0,0.0,0.0,0.0,0.0
ASV000621,0.61643835616438358,0.0,0.0,0.0,0.0,0.0,0.0,0.0,0.0,0.0,0.0,0.0
ASV000622,0.0,0.0,0.0,0.0,0.0,0.0,0.0,0.0,0.0,0.0,0.0,0.0
ASV000623,0.0,0.0,0.0,0.0,0.0,0.0,0.0,0.0,0.0,0.0,0.0,0.0
ASV000624,0.0,0.0,0.0,0.0,0.0,0.0,0.0,0.0,0.0,0.0,0.0,0.0
ASV000625,0.0,0.0,0.0,0.001760780377863469,0.0,0.0,0.0025561718769970092,0.0030241173357526273,0.0019308374041821939,0.0044104545414450419,0.0069595879923908506,0.0044487284051308671
ASV000626,0.0,0.0,0.0,0.0,0.0,0.0,0.0,0.0,0.0,0.0,0.0,0.0
ASV000627,0.0,0.0,0.0,0.0,0.0,0.0,0.0,0.0,0.0,0.0,0.0,0.0
ASV000628,0.0,0.0,0.0,0.0,0.0,0.0,0.0,0.0,0.0,0.0,0.0,0.0
ASV000629,0.0,0.0,0.0,0.0,0.0,0.0,0.0,0.0,0.0,0.0,0.0,0.0
ASV000630,0.0,0.0,0.0,0.0,0.0,0.0,0.0,0.0,0.0,0.0,0.0,0.0
ASV000631,0.0,0.0,0.0,0.0,0.0,0.0,0.0,0.0,0.0,0.0,0.0,0.0
ASV000632,0.0,0.0,0.0,0.0,0.0,0.0,0.0,0.0,0.0,0.0,0.0,0.0
ASV000633,0.0,0.0,0.0,0.0,0.0,0.0,0.0,0.0,0.0,0.0,0.0,0.0
ASV000634,0.0,0.0,0.0,0.0,0.0,0.0,0.0,0.0,0.0,0.0,0.0,0.0
ASV000635,0.0,0.0,0.0,0.0,0.0,0.0,0.0,0.0,0.0,0.0,0.0,0.02372655149403129
ASV000636,0.0,0.0,0.0,0.0,0.0,0.0,0.0,0.0,0.0,0.0,0.0,0.0
ASV000637,0.0,0.0,0.0,0.0,0.0,0.0,0.0,0.0,0.0,0.0,0.0,0.0
ASV000638,0.0,0.0,0.0,0.0,0.0,0.0,0.0,0.0,0.0,0.0,0.0,0.0
ASV000639,0.0,0.0,0.0,0.0,0.0,0.0,0.0,0.0,0.0,0.0,0.0,0.0
ASV000640,0.0,0.0,0.0,0.0,0.0,0.0,0.0,0.0,0.0,0.0,0.0,0.0
ASV000641,0.0,0.0,0.0,0.0,0.0,0.0,0.0,0.0,0.0,0.0,0.0,0.0
ASV000642,0.0,0.0,0.0,0.0,0.0,0.0,0.0,0.0,0.0,0.0,0.0,0.0
ASV000643,0.0,0.0,0.0,0.0,0.0,0.0,0.0,0.0,0.0,0.0,0.0,0.0
ASV000644,0.0,0.0,0.0,0.0,0.0,0.0,0.0,0.0,0.0,0.0,0.0,0.013346185215392601
ASV000645,0.0,0.0,0.0,0.0,0.0,0.0,0.0,0.0,0.0,0.0,0.0,0.0
ASV000646,0.0,0.0,0.0,0.0,0.0,0.0,0.0,0.0,0.0,0.0,0.0,0.0
ASV000647,0.0,0.0,0.0,0.0,0.0,0.0,0.0,0.0,0.0,0.0,0.0,0.0
ASV000648,0.0,0.0,0.0,0.0,0.0,0.0,0.0,0.0,0.0,0.0,0.0,0.0
ASV000649,0.0,0.0,0.0,0.0,0.0,0.0,0.0,0.0,0.0,0.0,0.0,0.0
ASV000650,0.0,0.0,0.0,0.0,0.0,0.0,0.0,0.0,0.0,0.0,0.0,0.0
ASV000651,0.0,0.0,0.0,0.0,0.0,0.0,0.0,0.0,0.0,0.0,0.0,0.0
ASV000652,0.0,0.0,0.0,0.0,0.0,0.0,0.0,0.0,0.0,0.0,0.0,0.0
ASV000653,0.0,0.0,0.0,0.0,0.0,0.0,0.0,0.0,0.0,0.0,0.0,0.0
ASV000654,0.0,0.0,0.0,0.0,0.0,0.0,0.0,0.0,0.0,0.0,0.0,0.0
ASV000655,0.0,0.0,0.0,0.0,0.0,0.0,0.0,0.0,0.0,0.0,0.0,0.0
ASV000656,0.0,0.0,0.0,0.0,0.0,0.0,0.0,0.0,0.0,0.0,0.0,0.0
ASV000657,0.0,0.0,0.0,0.0,0.0,0.60582372483877267,0.0,0.0,0.0,0.0,0.0,0.0
ASV000658,0.0,0.0,0.0,0.0,0.0,0.0,0.0,0.0,0.0,0.0,0.0,0.0
ASV000659,0.0,0.0,0.0,0.0,0.0,0.0,0.0,0.0,0.0,0.0,0.0,0.0
ASV000660,0.0,0.0,0.0,0.0,0.0,0.0,0.0,0.0,0.0,0.0,0.0,0.0
ASV000661,0.0,0.0,0.0,0.0,0.0,0.0,0.0,0.0,0.0,0.0,0.0,0.0
ASV000662,0.0,0.0,0.0,0.0,0.0,0.0,0.0,0.0,0.0,0.0,0.0,0.0
ASV000663,0.0,0.0,0.0,0.0,0.0,0.0,0.0,0.0,0.0,0.0,0.0,0.0
ASV000664,0.0,0.0,0.0,0.0,0.0,0.0,0.0,0.0,0.0,0.0,0.0,0.0
ASV000665,0.0,0.0,0.0,0.0,0.0,0.0,0.0,0.0,0.0,0.0,0.0,0.0
ASV000666,0.0,0.36218761318362908,0.0,0.0,0.0,0.0,0.0,0.0,0.0,0.0,0.0,0.0
ASV000667,0.0,0.0,0.238038562247084,0.0,0.0,0.0,0.0,0.0,0.0,0.0,0.0,0.0
ASV000668,0.0,0.0,0.0,0.0,0.0,0.0,0.0,0.0,0.0,0.0,0.0,0.0
ASV000669,0.0,0.0,0.0,0.0,0.0,0.0,0.0,0.0,0.0,0.00088209090828900822,0.0,0.0
ASV000670,0.0,0.0,0.0,0.0,0.0,0.0,0.0,0.0,0.0,0.0,0.0,0.0
ASV000671,0.0,0.0,0.0,0.0,0.0,0.0,0.0,0.0,0.0,0.0,0.0,0.0
ASV000672,0.0,0.0,0.0,0.0,0.0,0.0,0.0,0.0,0.0,0.0,0.0,0.0
ASV000673,0.0,0.0,0.0,0.0,0.0,0.0,0.0,0.0,0.0,0.0,0.0,0.0
ASV000674,0.0,0.0,0.0,0.0,0.0,0.0,0.0,0.0,0.0,0.0,0.0,0.0
ASV000675,0.0,0.0,0.0,0.0,2.1121631463947561,0.0,0.0,0.0,0.0,0.0,0.0,0.0
ASV000676,0.0,0.0,0.0,0.0,0.0,0.0,0.0,0.0,0.0,0.0,0.0,0.0
ASV000677,0.0,0.0,0.0,0.0,0.0,0.0,0.0,0.0,0.0,0.0,0.0,0.0
ASV000678,0.0,0.0,0.0,0.0,0.0,0.0,0.0,0.0,0.0,0.0,0.0,0.0
ASV000679,0.0,0.0,0.0,0.0,0.0,0.0,0.0,0.0,0.0,0.0,0.0,0.0
ASV000680,0.0,0.0,0.0,0.0,0.0,0.0,0.0,0.0,0.0,0.0,0.0,0.0
ASV000681,0.0,0.0,0.0,0.0,0.0,0.0,0.0,0.0,0.0,0.0,0.0,0.0
ASV000682,0.0,0.0,0.0,0.0,0.0,0.0,0.0,0.0,0.0,0.0,0.0,0.0
ASV000683,0.0,0.0,0.0,0.0,0.0,0.0,0.0,0.0,0.0,0.0,0.0,0.0
ASV000684,0.0,0.0,0.0,0.017607803778634693,0.0,0.0,0.0,0.0,0.0,0.0,0.0,0.0
ASV000685,0.0,0.33804177230472049,0.0,0.0,0.0,0.0,0.0,0.0,0.0,0.0,0.0,0.0
ASV000686,0.0,0.0,0.0,0.0,0.0,0.54719562243502051,0.0,0.0,0.0,0.0,0.0,0.0
ASV000687,0.0,0.0,0.0,0.0,0.0,0.0,0.0,0.0,0.0,0.0,0.0,0.02372655149403129
ASV000688,0.0,0.0,0.0,0.0,0.0,0.0,0.0,0.0,0.0,0.0,0.0,0.0
ASV000689,0.0,0.0,0.0,0.0,0.0,0.0,0.0,0.0,0.0,0.0,0.0,0.0
ASV000690,0.0,0.0,0.0,0.0,0.0,0.0,0.0,0.0,0.0,0.0,0.0,0.0
ASV000691,0.0,0.0,0.0,0.0,0.0,0.0,0.0,0.0,0.0,0.0,0.0,0.0
ASV000692,0.0,0.0,0.0,0.0,0.0,0.0,0.0,0.0,0.0,0.0,0.0,0.0
ASV000693,0.0,0.0,0.0,0.0,0.0,0.0,0.0,0.0,0.0,0.0,0.0,0.0
ASV000694,0.0,0.012072920439454304,0.0,0.0,0.0,0.0,0.0,0.0,0.0,0.0,0.0,0.0
ASV000695,0.0,0.0,0.0,0.0,0.0,0.0,0.0,0.0,0.0,0.0,0.0,0.0
ASV000696,0.0,0.0,0.0,0.0,0.0,0.0,0.0,0.0,0.0,0.0,0.0,0.0
ASV000697,0.0,0.0,0.0,0.0,0.0,0.0,0.0,0.0,0.0,0.022934363615514215,0.0,0.0
ASV000698,0.11986301369863014,0.0,0.0,0.0,0.0,0.0,0.0,0.0,0.0,0.0,0.0,0.0
ASV000699,0.0,0.0,0.0,0.0,0.0,0.0,0.0,0.0,0.0,0.0,0.0,0.0
ASV000700,0.0,0.0,0.0,0.0,0.0,0.0,0.017893203138979064,0.0015120586678763137,0.009654187020910969,0.0,0.0,0.0
ASV000701,0.0,0.0,0.0,0.0,0.0,0.0,0.0,0.0,0.0,0.0,0.0,0.0
ASV000702,0.0,0.30182301098635761,0.0,0.0,0.0,0.0,0.0,0.0,0.0,0.0,0.0,0.0
ASV000703,0.0,0.0,0.0,0.0,0.0,0.0,0.0,0.0,0.0,0.0,0.028998283301628545,0.0
ASV000704,0.0,0.0,0.0,0.0,0.0,0.0,0.0,0.0,0.0,0.0,0.0,0.0
ASV000705,0.0,0.0,0.0,0.0,0.0,0.0,0.0,0.0,0.0,0.0,0.0,0.0
ASV000706,0.0,0.0,0.0,0.0,0.0,0.0,0.0,0.0,0.0,0.0,0.0,0.0
ASV000707,0.0,0.036218761318362915,0.0,0.0,0.0,0.0,0.0,0.0,0.0,0.0,0.0,0.0
ASV000708,0.0,0.0,0.0,0.0,0.0,0.0,0.0,0.0,0.0,0.0,0.0,0.0
ASV000709,0.0,0.0,0.0,0.0,0.0,0.0,0.0,0.0,0.0,0.0,0.0,0.0
ASV000710,0.0,0.0,0.0,0.0,0.0,0.0,0.0,0.0,0.0,0.0,0.0,0.0
ASV000711,0.0,0.28975009054690332,0.0,0.0,0.0,0.0,0.0,0.0,0.0,0.0,0.0,0.0
ASV000712,0.0,0.0,0.0,0.0,0.0,0.0,0.0,0.0,0.0,0.0,0.0,0.0
ASV000713,0.0,0.0,0.0,0.0,0.0,0.0,0.0,0.0,0.0,0.0,0.0,0.0
ASV000714,0.0,0.0,0.0,0.0,0.0,0.0,0.0,0.0,0.0,0.0,0.0,0.0
ASV000715,0.0,0.0,0.0,0.0,0.0,0.0,0.0,0.0,0.0,0.0,0.0,0.0
ASV000716,0.0,0.0,0.0,0.0,0.0,0.0,0.0,0.0,0.0,0.0,0.0,0.0
ASV000717,0.0,0.0,0.0,0.0,0.0,0.0,0.0,0.0,0.0,0.0,0.0,0.0
ASV000718,0.0,0.0,0.18249623105609777,0.0,0.0,0.0,0.0,0.0,0.0,0.0,0.0,0.0
ASV000719,0.0,0.0,0.0,0.0,0.0,0.0,0.0,0.0,0.0,0.0,0.0,0.0
ASV000720,0.0,0.0,0.0079346187415694682,0.0,0.0,0.0,0.0,0.0,0.0,0.0,0.0,0.0
ASV000721,0.0,0.0,0.0,0.001760780377863469,0.0,0.0,0.0,0.0,0.0,0.0,0.0,0.0
ASV000722,0.0,0.0,0.0,0.0,0.0,0.0,0.0,0.0,0.0,0.0,0.0,0.0
ASV000723,0.0,0.0,0.0,0.0,0.0,0.0,0.0,0.0,0.0,0.0,0.0,0.0
ASV000724,0.0,0.0,0.0,0.0,0.0,0.0,0.0,0.0,0.0,0.0,0.0,0.0
ASV000725,0.0,0.0,0.0,0.0,0.0,0.0,0.0,0.0,0.0,0.0,0.0,0.0
ASV000726,0.0,0.0,0.0,0.0,0.0,0.0,0.0,0.0,0.0,0.0,0.0,0.0
ASV000727,0.0,0.0,0.0,0.0,0.0,0.0,0.0,0.0,0.0,0.0,0.0,0.0
ASV000728,0.017123287671232876,0.0,0.0,0.0,0.0,0.0,0.0,0.0,0.0,0.00088209090828900822,0.0,0.0
ASV000729,0.0,0.0,0.0,0.012325462645044284,0.0,0.0,0.0,0.0,0.0,0.0,0.0,0.0
ASV000730,0.0,0.0,0.0,0.0,0.0,0.0,0.0,0.0,0.0,0.0,0.0,0.0
ASV000731,0.0,0.0,0.0,0.0,0.0,0.0,0.0,0.0,0.0,0.0,0.0,0.0
ASV000732,0.0,0.0,0.0,0.0,0.0,0.0,0.0,0.0,0.0,0.0,0.0,0.0
ASV000733,0.0,0.25353132922854038,0.0,0.0,0.0,0.0,0.0,0.0,0.0,0.0,0.0,0.0
ASV000734,0.0,0.0,0.0,0.0,0.0,0.0,0.0,0.0,0.0,0.0,0.0,0.0
ASV000735,0.0,0.0,0.0,0.0,0.0,0.0,0.0,0.0,0.0,0.0,0.0,0.0
ASV000736,0.0,0.0,0.0,0.0,0.0,0.0,0.0,0.0,0.0,0.0,0.0,0.0
ASV000737,0.0,0.0,0.0,0.0,0.0,0.0,0.0,0.0,0.0,0.0,0.0,0.0
ASV000738,0.0,0.0,0.0,0.0,0.0,0.0,0.0,0.0,0.0,0.0,0.0,0.0
ASV000739,0.0,0.0,0.0,0.0,0.0,0.0,0.0,0.0,0.0,0.0,0.0,0.0
ASV000740,0.0,0.24145840878908609,0.0,0.0,0.0,0.0,0.0,0.0,0.0,0.0,0.0,0.0
ASV000741,0.0,0.24145840878908609,0.0,0.0,0.0,0.0,0.0,0.0,0.0,0.0,0.0,0.0
ASV000742,0.0,0.0,0.0,0.0,0.0,0.0,0.0,0.0,0.0,0.0,0.0,0.0
ASV000743,0.0,0.0,0.0,0.0,0.0,0.0,0.0,0.0,0.0,0.0,0.0,0.0
ASV000744,0.0,0.0,0.0,0.0,0.0,0.0,0.0,0.0,0.0,0.0,0.0,0.0
ASV000745,0.0,0.0,0.0,0.0,0.0,0.0,0.010224687507988037,0.0030241173357526273,0.0,0.00088209090828900822,0.0,0.0088974568102617342
ASV000746,0.0,0.0,0.0,0.0,0.0,0.0,0.0,0.0,0.0,0.0,0.0,0.0
ASV000747,0.0,0.0,0.0,0.0,0.0,0.0,0.0,0.0,0.0,0.0,0.0,0.0
ASV000748,0.0,0.0,0.0,0.0,0.0,0.0,0.0,0.0,0.0,0.0,0.0,0.0
ASV000749,0.0,0.0,0.0,0.0,0.0,0.0,0.0,0.0,0.0,0.0,0.0,0.0
ASV000750,0.0,0.0,0.0,0.0,0.0,0.0,0.0,0.0,0.0,0.0,0.0,0.0
ASV000751,0.0,0.0,0.0,0.0,0.0,0.0,0.0,0.0,0.0,0.0,0.0,0.0
ASV000752,0.0,0.0,0.0,0.0,0.0,0.0,0.0,0.0,0.0,0.0,0.0,0.0
ASV000753,0.0,0.0,0.0,0.0,0.0,0.0,0.0,0.0,0.0,0.0,0.0,0.0
ASV000754,0.0,0.0,0.0,0.0,0.0,0.0,0.0,0.0,0.0,0.0,0.0,0.0
ASV000755,0.0,0.0,0.0,0.0,0.0,0.0,0.0,0.0,0.0,0.0,0.0,0.0074145473418847771
ASV000756,0.0,0.0,0.0,0.0,0.0,0.0,0.0,0.0,0.0,0.0,0.0,0.0
ASV000757,0.0,0.0,0.0,0.0,0.0,0.0,0.0,0.0,0.0,0.0,0.0,0.0
ASV000758,0.0,0.0,0.0,0.0,0.0,0.0,0.0,0.0,0.0,0.0,0.0,0.0
ASV000759,0.0,0.0,0.0,0.0,0.0,0.0,0.0,0.0,0.0,0.0,0.0,0.0
ASV000760,0.0,0.0,0.0,0.0,0.0,0.0,0.0,0.0,0.0,0.0,0.0,0.0
ASV000761,0.0,0.20523964747072315,0.0,0.0,0.0,0.0,0.0,0.0,0.0,0.0,0.0,0.0
ASV000762,0.0,0.0,0.0,0.0,0.0,0.0,0.0,0.0,0.0,0.0,0.0,0.0
ASV000763,0.0,0.0,0.0,0.0,0.0,0.0,0.0,0.0,0.0,0.0,0.0,0.0
ASV000764,0.0,0.0,0.0,0.0,0.0,0.0,0.0,0.0,0.0,0.0,0.0,0.0
ASV000765,0.0,0.0,0.0,0.0,0.0,0.0,0.0,0.0,0.0,0.0,0.0,0.0
ASV000766,0.0,0.0,0.0,0.0,0.0,0.0,0.0,0.0,0.0,0.0,0.0,0.0
ASV000767,0.0,0.0,0.0,0.0,0.0,0.0,0.0,0.0,0.0,0.0,0.0,0.0
ASV000768,0.0,0.0,0.0,0.0,0.0,0.0,0.0,0.0,0.0,0.0,0.0,0.0
ASV000769,0.0,0.0,0.0,0.0,0.0,0.0,0.0,0.0,0.0,0.0,0.0,0.0
ASV000770,0.0,0.0,0.0,0.0,0.0,0.0,0.0,0.0,0.0,0.0,0.0,0.0
ASV000771,0.0,0.0,0.0,0.0,0.0,0.0,0.0,0.0,0.0,0.0,0.0,0.0
ASV000772,0.0,0.0,0.0,0.0,0.0,0.0,0.0,0.0,0.0,0.0,0.0,0.0
ASV000773,0.0,0.0,0.0,0.0,0.0,0.0,0.0,0.0,0.0,0.0,0.0,0.0
ASV000774,0.0,0.0,0.0,0.0,0.0,0.0,0.0,0.0,0.0,0.0,0.0,0.0
ASV000775,0.0,0.0,0.0,0.0,0.0,0.0,0.0,0.0,0.0,0.0,0.0,0.0
ASV000776,0.0,0.0,0.0,0.0,0.0,0.0,0.0,0.0,0.0,0.0,0.0,0.0
ASV000777,0.0,0.0,0.0,0.0,0.0,0.0,0.0,0.0,0.0,0.0,0.0,0.0
ASV000778,0.0,0.0,0.0,0.0,0.0,0.0,0.0,0.0,0.0,0.0,0.0,0.014829094683769554
ASV000779,0.0,0.0,0.0,0.0,0.0,0.0,0.0,0.0,0.0,0.0,0.0,0.014829094683769554
ASV000780,0.0,0.0,0.0,0.0,0.0,0.0,0.0,0.0,0.0,0.0,0.0057996566603257093,0.0
ASV000781,0.0,0.0,0.0,0.0,0.0,0.0,0.0,0.0,0.0,0.0,0.0,0.0
ASV000782,0.0,0.0,0.0,0.0,0.0,0.0,0.0,0.0,0.0,0.0,0.0,0.0
ASV000783,0.0,0.0,0.0,0.0,0.0,0.0,0.0,0.0,0.0,0.0,0.0,0.0
ASV000784,0.0,0.0,0.0,0.0,0.0,0.0,0.0,0.0,0.0,0.0,0.0,0.0
ASV000785,0.0,0.0,0.0,0.0,0.0,0.0,0.0,0.0,0.0,0.0,0.0,0.0
ASV000786,0.0,0.0,0.0,0.0,0.0,0.0,0.0,0.0,0.0,0.0,0.0,0.0
ASV000787,0.0,0.0,0.0,0.0,0.0,0.0,0.0,0.0,0.0,0.0,0.0,0.0
ASV000788,0.0,0.0,0.0,0.0,0.0,0.0,0.0,0.0,0.0,0.0,0.0,0.0
ASV000789,0.0,0.0,0.0,0.0,0.0,0.0,0.0025561718769970092,0.0015120586678763137,0.0,0.0017641818165780164,0.0,0.0
ASV000790,0.0,0.0,0.0,0.0,0.0,0.0,0.0,0.0,0.0,0.0,0.0,0.0
ASV000791,0.0,0.0,0.0,0.0,0.0,0.0,0.0,0.0,0.0,0.0,0.0,0.0
ASV000792,0.0,0.0,0.0,0.0,0.0,0.0,0.0,0.0,0.0,0.0,0.0,0.0
ASV000793,0.0,0.0,0.0,0.0,0.0,0.0,0.0,0.0,0.0,0.0,0.0,0.0
ASV000794,0.0,0.0,0.0,0.0,0.0,0.0,0.0,0.0,0.0,0.0,0.0,0.0
ASV000795,0.0,0.0,0.0,0.0,0.0,0.0,0.0,0.0,0.0,0.0,0.0,0.0
ASV000796,0.0,0.0,0.0,0.0,0.0,0.0,0.0,0.0,0.0,0.0,0.0,0.0
ASV000797,0.0,0.0,0.0,0.0,0.0,0.0,0.0,0.0,0.0,0.0,0.0,0.0
ASV000798,0.0,0.0,0.0,0.0,0.0,0.0,0.0,0.0,0.0,0.0,0.0,0.0
ASV000799,0.0,0.0,0.0,0.0,0.0,0.0,0.0,0.0,0.0,0.0,0.0,0.0
ASV000800,0.0,0.0,0.0,0.0,0.0,0.0,0.0,0.0,0.0,0.0,0.0,0.0
ASV000801,0.0,0.0,0.0,0.0,0.072833211944646759,0.0,0.0,0.0,0.0,0.0,0.0,0.0
ASV000802,0.0,0.0,0.0,0.0,0.0,0.0,0.0,0.0,0.0,0.0,0.0,0.0
ASV000803,0.0,0.0,0.0,0.021129364534361629,0.0,0.0,0.0,0.0,0.0,0.0,0.0,0.0
ASV000804,0.0,0.0,0.0,0.0,0.0,0.0,0.0,0.0,0.0,0.0,0.0,0.0
ASV000805,0.0,0.0,0.0,0.0,0.0,0.0,0.0,0.0,0.0,0.0,0.0,0.0088974568102617342
ASV000806,0.0,0.0,0.0,0.0,0.0,0.0,0.0,0.0,0.0,0.0,0.0,0.0
ASV000807,0.0,0.0,0.0,0.0,0.0,0.0,0.0,0.0,0.0,0.0,0.0,0.0
ASV000808,0.0,0.0,0.0,0.0,0.0,0.0,0.0,0.0,0.0,0.0,0.0,0.0
ASV000809,0.0,0.0,0.0,0.0,0.0,0.0,0.0,0.0,0.0,0.0,0.0,0.0
ASV000810,0.0,0.0,0.0,0.0,0.0,0.0,0.0,0.0,0.02123921144600413,0.0,0.0,0.0
ASV000811,0.0,0.0,0.0,0.0,0.0,0.0,0.0,0.0,0.0,0.0,0.0,0.0
ASV000812,0.0,0.0,0.0,0.0,0.0,0.0,0.0,0.0,0.0,0.0,0.0,0.0
ASV000813,0.0,0.0,0.0,0.0,0.0,0.0,0.0,0.0,0.0,0.0,0.0,0.0
ASV000814,0.0,0.12072920439454304,0.0,0.0,0.0,0.0,0.0,0.0,0.0,0.0,0.0,0.0
ASV000815,0.0,0.0,0.079346187415694672,0.0,0.0,0.0,0.0,0.0,0.0,0.0,0.0,0.0
ASV000816,0.0,0.0,0.0,0.0,0.0,0.0,0.0,0.0,0.0,0.0,0.0,0.0
ASV000817,0.0,0.0,0.0,0.0,0.0,0.0,0.0,0.0,0.0,0.0,0.0,0.0
ASV000818,0.0,0.0,0.0,0.0,0.0,0.0,0.0,0.0,0.0,0.0,0.0,0.0
ASV000819,0.0,0.0,0.0,0.0,0.0,0.0,0.0,0.0,0.0,0.0,0.0,0.0
ASV000820,0.0,0.0,0.0,0.0,0.0,0.0,0.0,0.0,0.0,0.0,0.0,0.0
ASV000821,0.0,0.0,0.0,0.0,0.0,0.0,0.0,0.0,0.0,0.0,0.0,0.0
ASV000822,0.0,0.0,0.0,0.0,0.0,0.0,0.0,0.0,0.0,0.0,0.0,0.0
ASV000823,0.0,0.0,0.0,0.0,0.0,0.0,0.0,0.0,0.0,0.0,0.0,0.0
ASV000824,0.0,0.0,0.023803856224708403,0.0,0.0,0.0,0.0,0.0,0.0,0.0,0.0,0.0
ASV000825,0.0,0.0,0.0,0.0,0.0,0.0,0.0,0.0,0.0,0.0,0.0,0.0
ASV000826,0.0,0.0,0.0,0.0,0.0,0.0,0.0,0.0,0.0,0.0,0.0,0.0
ASV000827,0.0,0.0,0.0,0.0,0.0,0.0,0.0,0.0,0.0,0.0,0.0,0.0
ASV000828,0.0,0.0,0.0,0.0,0.0,0.0,0.0,0.0,0.0,0.0,0.0,0.0
ASV000829,0.0,0.0,0.0,0.0,0.0,0.0,0.0,0.0,0.0,0.0,0.0,0.0
ASV000830,0.0,0.0,0.0,0.0,0.58266569555717407,0.0,0.0,0.0,0.0,0.0,0.0,0.0
ASV000831,0.0,0.0,0.0,0.0,0.0,0.0,0.0,0.0,0.0,0.0,0.0,0.0
ASV000832,0.0,0.0,0.0,0.0,0.0,0.0,0.0,0.0,0.0,0.0,0.0,0.0
ASV000833,0.0,0.0,0.0,0.0,0.0,0.0,0.0,0.0,0.0,0.0,0.0,0.0
ASV000834,0.0,0.0,0.0,0.0,0.0,0.0,0.0,0.0,0.0,0.0,0.0,0.0
ASV000835,0.0,0.084510443076180122,0.0,0.0,0.0,0.0,0.0,0.0,0.0,0.0,0.0,0.0
ASV000836,0.0,0.0,0.0,0.012325462645044284,0.0,0.0,0.0,0.0,0.0,0.0,0.0,0.0
ASV000837,0.0,0.0,0.0,0.0,0.0,0.0,0.0,0.0,0.0,0.0,0.0,0.0
ASV000838,0.0,0.024145840878908607,0.0,0.0,0.0,0.0,0.0,0.0,0.0,0.0,0.0,0.0
ASV000839,0.0,0.0,0.0,0.0,0.0,0.0,0.0,0.0,0.0,0.0,0.0,0.0
ASV000840,0.0,0.0,0.0,0.0,0.0,0.0,0.0,0.0,0.0,0.0,0.0,0.0
ASV000841,0.0,0.0,0.0,0.0,0.0,0.0,0.0,0.0,0.0,0.0,0.0,0.0
ASV000842,0.0,0.0,0.0,0.0,0.0,0.0,0.0,0.0,0.0,0.0,0.0,0.0
ASV000843,0.0,0.0,0.0,0.0,0.0,0.0,0.0,0.0,0.0,0.0,0.0,0.0
ASV000844,0.0,0.0,0.0,0.0,0.0,0.0,0.0,0.0015120586678763137,0.0,0.0,0.0,0.0
ASV000845,0.0,0.072437522636725829,0.0,0.0,0.0,0.0,0.0,0.0,0.0,0.0,0.0,0.0
ASV000846,0.0,0.072437522636725829,0.0,0.0,0.0,0.0,0.0,0.0,0.0,0.0,0.0,0.0
ASV000847,0.0,0.0,0.0,0.0,0.0,0.0,0.0,0.0,0.0,0.0,0.0,0.0
ASV000848,0.0,0.0,0.0,0.0,0.0,0.0,0.0,0.0,0.0,0.0,0.0,0.0
ASV000849,0.0,0.0,0.0,0.0,0.0,0.0,0.0,0.0,0.0,0.0,0.0,0.0
ASV000850,0.0,0.0,0.0,0.0,0.0,0.0,0.0,0.0,0.0,0.0,0.0,0.0
ASV000851,0.0,0.0,0.0,0.0,0.0,0.0,0.0,0.0,0.0,0.0,0.0,0.0
ASV000852,0.0,0.0,0.039673093707847336,0.0,0.0,0.0,0.0,0.0,0.0,0.0,0.0,0.0
ASV000853,0.0,0.0,0.0,0.0,0.0,0.0,0.0,0.0,0.009654187020910969,0.0,0.0,0.0
ASV000854,0.0,0.0,0.0,0.0,0.0,0.0,0.0,0.0,0.0,0.0,0.0,0.0
ASV000855,0.0,0.0,0.0,0.0,0.0,0.0,0.0,0.0,0.0,0.0,0.0,0.0
ASV000856,0.0,0.0,0.0,0.0,0.0,0.0,0.0,0.0,0.0,0.0,0.0,0.0
ASV000857,0.0,0.0,0.0,0.0,0.0,0.0,0.0,0.0,0.0,0.0,0.0,0.0
ASV000858,0.0,0.0,0.0,0.0,0.0,0.0,0.0,0.0,0.0,0.0,0.0,0.0
ASV000859,0.0,0.0,0.0,0.0,0.0,0.0,0.0,0.0,0.0,0.0,0.0,0.0
ASV000860,0.0,0.0,0.0,0.0,0.0,0.0,0.0,0.0,0.0,0.0,0.0,0.0
ASV000861,0.0,0.0,0.0,0.0,0.0,0.0,0.0,0.0,0.0,0.0,0.0,0.0
ASV000862,0.0,0.0,0.0,0.0,0.0,0.0,0.0,0.0,0.0,0.0,0.0,0.0
ASV000863,0.0,0.0,0.0,0.0,0.0,0.0,0.0,0.0,0.0,0.0,0.0,0.0
ASV000864,0.0,0.0,0.0,0.0,0.0,0.0,0.0,0.0,0.0,0.0,0.0,0.0
ASV000865,0.0,0.0,0.0,0.0,0.0,0.0,0.0,0.0,0.0,0.0,0.0,0.0
ASV000866,0.0,0.0,0.0,0.0,0.0,0.0,0.0,0.0,0.0,0.0,0.0,0.0
ASV000867,0.0,0.0,0.0,0.0,0.0,0.0,0.0,0.0,0.0,0.0,0.0,0.0
ASV000868,0.0,0.0,0.0,0.0,0.0,0.0,0.0,0.0,0.0,0.0,0.0,0.0
ASV000869,0.017123287671232876,0.0,0.0,0.0,0.0,0.0,0.0,0.0,0.0,0.0,0.0,0.0
ASV000870,0.0,0.0,0.0079346187415694682,0.0,0.0,0.0,0.0,0.0,0.0,0.0,0.0,0.0
